-- phpMyAdmin SQL Dump
-- version 5.2.2
-- https://www.phpmyadmin.net/
--
-- Host: db
-- Generation Time: Aug 06, 2025 at 05:20 AM
-- Server version: 8.4.5
-- PHP Version: 8.2.27

SET SQL_MODE = "NO_AUTO_VALUE_ON_ZERO";
START TRANSACTION;
SET time_zone = "+00:00";

USE GENU;
/*!40101 SET @OLD_CHARACTER_SET_CLIENT=@@CHARACTER_SET_CLIENT */;
/*!40101 SET @OLD_CHARACTER_SET_RESULTS=@@CHARACTER_SET_RESULTS */;
/*!40101 SET @OLD_COLLATION_CONNECTION=@@COLLATION_CONNECTION */;
/*!40101 SET NAMES utf8mb4 */;

--
-- Database: `GENU`
--

-- --------------------------------------------------------

--
-- Table structure for table `Attendance_map`
--

CREATE TABLE `Attendance_map` (
  `attendance_ID` varchar(10) NOT NULL,
  `attendance_Name` varchar(255) NOT NULL
) ENGINE=InnoDB DEFAULT CHARSET=utf8mb4 COLLATE=utf8mb4_0900_ai_ci;

--
-- Dumping data for table `Attendance_map`
--

INSERT INTO `Attendance_map` (`attendance_ID`, `attendance_Name`) VALUES
('0', 'ไม่มีเช็คชื่อ'),
('1', 'มีเช็คชื่อบางครั้ง'),
('2', 'มีเช็คชื่อทุกครั้ง');

-- --------------------------------------------------------

--
-- Table structure for table `Challenge_map`
--

CREATE TABLE `Challenge_map` (
  `challenge_ID` varchar(1) CHARACTER SET utf8mb4 COLLATE utf8mb4_0900_ai_ci NOT NULL,
  `challenge_Name` varchar(10) CHARACTER SET utf8mb4 COLLATE utf8mb4_0900_ai_ci NOT NULL
) ENGINE=InnoDB DEFAULT CHARSET=utf8mb4 COLLATE=utf8mb4_0900_ai_ci;

--
-- Dumping data for table `Challenge_map`
--

INSERT INTO `Challenge_map` (`challenge_ID`, `challenge_Name`) VALUES
('0', 'ง่าย'),
('1', 'ปานกลาง'),
('2', 'ยาก');

-- --------------------------------------------------------

--
-- Table structure for table `Exam_map`
--

CREATE TABLE `Exam_map` (
  `exam_ID` varchar(3) CHARACTER SET utf8mb4 COLLATE utf8mb4_0900_ai_ci NOT NULL,
  `exam_Name` varchar(255) CHARACTER SET utf8mb4 COLLATE utf8mb4_0900_ai_ci NOT NULL
) ENGINE=InnoDB DEFAULT CHARSET=utf8mb4 COLLATE=utf8mb4_0900_ai_ci;

--
-- Dumping data for table `Exam_map`
--

INSERT INTO `Exam_map` (`exam_ID`, `exam_Name`) VALUES
('C0', 'ไม่มีสอบ'),
('C1', 'มีแค่ สอบย่อย'),
('C2', 'สอบย่อย + midterm + final'),
('C3', 'midterm + final'),
('C4', 'มีสอบแค่ midterm'),
('C5', 'มีสอบแค่ final'),
('C6', 'สอบย่อย + midterm'),
('C7', 'สอบย่อย + final');

-- --------------------------------------------------------

--
-- Table structure for table `Experience_map`
--

CREATE TABLE `Experience_map` (
  `experience_ID` varchar(1) CHARACTER SET utf8mb4 COLLATE utf8mb4_0900_ai_ci NOT NULL,
  `experience_Name` varchar(10) NOT NULL
) ENGINE=InnoDB DEFAULT CHARSET=utf8mb4 COLLATE=utf8mb4_0900_ai_ci;

--
-- Dumping data for table `Experience_map`
--

INSERT INTO `Experience_map` (`experience_ID`, `experience_Name`) VALUES
('0', 'ไม่'),
('1', 'น้อย'),
('2', 'ปานกลาง'),
('3', 'มาก');

-- --------------------------------------------------------

--
-- Table structure for table `Faculty`
--

CREATE TABLE `Faculty` (
  `faculty_ID` varchar(3) NOT NULL,
  `faculty_Name` varchar(255) NOT NULL
) ENGINE=InnoDB DEFAULT CHARSET=utf8mb4 COLLATE=utf8mb4_0900_ai_ci;

--
-- Dumping data for table `Faculty`
--

INSERT INTO `Faculty` (`faculty_ID`, `faculty_Name`) VALUES
('F1', 'คณะบริหารธุรกิจ เศรษฐศาสตร์และการสื่อสาร'),
('F2', 'คณะวิทยาศาสตร์'),
('F3', 'คณะวิศวกรรมศาสตร์'),
('F4', 'คณะวิทยาศาสตร์การแพทย์'),
('F5', 'คณะสาธารณสุขศาสตร์'),
('F6', 'คณะมนุษยศาสตร์'),
('F7', 'คณะศึกษาศาสตร์'),
('F8', 'คณะสังคมศาสตร์'),
('F9', 'อื่นๆ');

-- --------------------------------------------------------

--
-- Table structure for table `Form_ge`
--

CREATE TABLE `Form_ge` (
  `id` int NOT NULL,
  `student_ID` varchar(9) DEFAULT NULL,
  `faculty_ID` varchar(100) CHARACTER SET utf8mb4 COLLATE utf8mb4_0900_ai_ci DEFAULT NULL,
  `student_level` varchar(1) DEFAULT NULL,
  `interestd` varchar(91) CHARACTER SET utf8mb4 COLLATE utf8mb4_0900_ai_ci DEFAULT NULL,
  `timestamp` varchar(255) CHARACTER SET utf8mb4 COLLATE utf8mb4_0900_ai_ci DEFAULT NULL
) ENGINE=InnoDB DEFAULT CHARSET=utf8mb4 COLLATE=utf8mb4_0900_ai_ci;

--
-- Dumping data for table `Form_ge`
--

INSERT INTO `Form_ge` (`id`, `student_ID`, `faculty_ID`, `student_level`, `interestd`, `timestamp`) VALUES
(1, '65212115', 'F7', '4', 'A3, A6, A7', '6/21/2025 22:36:04'),
(2, '65310944', 'F7', '4', 'A2, A3, A6', '6/21/2025 22:38:13'),
(3, '65312993', 'F2', '4', 'A1, A6', '6/21/2025 22:38:54'),
(4, '66315641', 'F2', '3', 'A1, A3, A6', '6/22/2025 7:40:04'),
(5, '64244929', 'F7', '4', 'A2, A3, A6', '6/22/2025 23:16:43'),
(6, '64316718', 'F2', '4', 'A4, A6, A7', '6/21/2025 22:51:30'),
(7, '65316144', 'F2', '4', 'A1, A3, A6', '6/21/2025 23:23:10'),
(8, '65313211', 'F2', '4', 'A1, A2, A3', '6/21/2025 22:55:25'),
(9, '65472895', 'F5', '4', 'A1', '6/21/2025 23:05:30'),
(10, '67312731', 'F2', '2', 'A2, A5, A6', '6/21/2025 23:05:31'),
(11, '66342548', 'F8', '3', 'A1, A3, A5', '6/22/2025 23:17:04'),
(12, '65363827', 'F3', '4', 'A3, A4, A6', '6/22/2025 9:08:17'),
(13, '67710742', 'F7', '2', 'A5', '6/21/2025 23:06:02'),
(14, '66345464', 'F7', '2', 'A1, A2, A6', '6/22/2025 23:20:38'),
(15, '65471010', 'F5', '4', 'A1', '6/21/2025 23:23:56'),
(16, '65310302', 'F2', '4', 'A1, A5, A6', '6/22/2025 23:23:24'),
(17, '67314087', 'F2', '2', 'A6', '6/21/2025 23:06:20'),
(18, '65362340', 'F3', '4', 'A1, A2', '6/21/2025 23:11:02'),
(19, '64345893', 'F7', '4', 'A2, A3, A5', '6/22/2025 9:24:36'),
(20, '65365845', 'F3', '4', 'A3, A5, A6', '6/22/2025 23:26:44'),
(21, '66312954', 'F2', '3', 'A3, A5, A7', '6/21/2025 23:26:55'),
(22, '65412396', 'F7', '4', 'A1, A3, A6', '6/21/2025 23:12:43'),
(23, '65313570', 'F2', '4', 'A3, A5', '6/21/2025 23:27:10'),
(24, '65313792', 'F2', '4', 'A1, A3, A5', '6/22/2025 23:34:18'),
(25, '65316991', 'F2', '4', 'A1, A3, A7', '6/21/2025 23:13:29'),
(26, '65340859', 'F1', '4', 'A1, A6, A7', '6/22/2025 23:54:37'),
(27, '65343942', 'F1', '4', 'A1, A2, A5', '6/22/2025 12:41:36'),
(28, '65473304', 'F5', '4', 'A1, A6, A7', '6/21/2025 23:16:24'),
(29, '64348337', 'F1', '4', 'A1', '6/23/2025 0:00:39'),
(30, '68317964', 'F2', '1', 'A1', '6/21/2025 23:17:34'),
(31, '65344376', 'F1', '4', 'A3', '7/2/2025 18:36:02'),
(32, '65412846', 'F7', '4', 'A1, A3', '6/21/2025 23:19:43'),
(33, '66311124', 'F2', '3', 'A1', '6/21/2025 23:27:26'),
(34, '65312832', 'F2', '4', 'A2, A3', '6/23/2025 0:53:16'),
(35, '64366126', 'F3', '4', 'A5', '6/22/2025 13:37:13'),
(36, '65341184', 'F1', '4', 'A1, A3, A6', '6/23/2025 1:00:41'),
(37, '65473069', 'F5', '3', 'A1, A3', '6/21/2025 23:36:51'),
(38, '67312571', 'F2', '2', 'A2, A3, A7', '6/23/2025 4:54:27'),
(39, '67470226', 'F5', '2', 'A1, A2, A3', '6/22/2025 22:34:02'),
(40, '65260645', 'F6', '4', 'A3', '6/23/2025 5:06:39'),
(41, '64349013', 'F1', '4', 'A1, A2, A5', '6/22/2025 22:34:49'),
(42, '65343010', 'F1', '4', 'A1, A3, A6', '6/23/2025 7:58:06'),
(43, '66314019', 'F2', '3', 'A3', '6/21/2025 23:38:09'),
(44, '65341528', 'F1', '4', 'A1, A2, A6', '6/23/2025 8:11:09'),
(45, '64360674', 'F3', '4', 'A1, A2, A5', '6/23/2025 5:52:58'),
(46, '64264385', 'F6', '4', 'A1, A4, A5', '6/21/2025 23:42:21'),
(47, '67366888', 'F3', '2', 'A1, A2, A3', '6/23/2025 8:19:14'),
(48, '66345013', 'F1', '3', 'A1', '6/22/2025 22:40:23'),
(49, '68472014', 'F5', '1', 'A1, A3, A6', '6/23/2025 8:22:17'),
(50, '65470563', 'F5', '4', 'A1', '6/23/2025 6:24:01'),
(51, '68471789', 'F5', '1', 'A1, A3', '6/23/2025 8:22:30'),
(52, '68470560', 'F5', '1', 'A1, A3, A7', '6/23/2025 8:23:40'),
(53, '64244561', 'F6', '4', 'A3, A4, A7', '6/23/2025 6:35:09'),
(54, '64366799', 'F3', '4', 'A1, A4, A6', '6/23/2025 8:29:09'),
(55, '64341345', 'F1', '4', 'A1, A2, A3', '6/22/2025 22:41:05'),
(56, '65313044', 'F2', '4', 'A2, A3, A6', '6/23/2025 9:23:48'),
(57, '64343516', 'F1', '4', 'A1, A3', '6/21/2025 23:48:32'),
(58, '64346715', 'F1', '4', 'A1, A2, A3', '6/23/2025 7:32:43'),
(59, '66312459', 'F2', '3', 'A2', '6/21/2025 23:49:28'),
(60, '66342678', 'F1', '3', 'A1, A3, A6', '6/22/2025 22:44:18'),
(61, '66347154', 'F1', '3', 'A2', '6/23/2025 9:53:59'),
(62, '65343096', 'F1', '4', 'A1, A2, A3', '6/23/2025 10:09:00'),
(63, '65310203', 'F2', '4', 'A5', '7/1/2025 14:54:43'),
(64, '65262861', 'F6', '4', 'A1, A3, A5', '6/21/2025 23:49:49'),
(65, '65162376', 'F9', '4', 'A1, A6', '7/1/2025 15:05:10'),
(66, '65345984', 'F1', '4', 'A1, A2', '6/23/2025 10:25:43'),
(67, '65241699', 'F8', '4', 'A1, A3, A6', '7/1/2025 15:20:06'),
(68, '66312152', 'F2', '3', 'A2, A3, A6', '6/21/2025 23:57:10'),
(69, '66340865', 'F1', '3', 'A1, A2, A3', '7/1/2025 17:33:48'),
(70, '65211289', 'F1', '4', 'A2, A3', '6/23/2025 12:14:23'),
(71, '65314409', 'F2', '4', 'A2, A5', '6/23/2025 14:17:28'),
(72, '65660506', 'F9', '4', 'A1, A5', '7/1/2025 21:34:30'),
(73, '65263905', 'F6', '4', 'A1, A5', '6/21/2025 23:58:22'),
(74, '67341946', 'F1', '2', 'A2', '7/2/2025 13:47:23'),
(75, '64470526', 'F5', '4', 'A1, A3, A5', '6/23/2025 14:18:17'),
(76, '67343698', 'F1', '2', 'A1, A3, A5', '7/2/2025 13:48:56'),
(77, '66346683', 'F1', '3', 'A1, A2, A5', '6/22/2025 22:44:58'),
(78, '64346524', 'F1', '4', 'A2, A4, A6', '6/23/2025 21:47:47'),
(79, '67340659', 'F1', '2', 'A1, A2', '7/2/2025 13:51:43'),
(80, '64241010', 'F1', '4', 'A2, A6, A7', '6/22/2025 22:46:06'),
(81, '64364030', 'F3', '4', 'A1, A2', '6/23/2025 22:45:42'),
(82, '65341832', 'F1', '4', 'A5', '7/2/2025 13:52:27'),
(83, '65522484', 'F4', '4', 'A1', '6/24/2025 15:56:26'),
(84, '64342298', 'F1', '4', 'A1, A3, A6', '6/22/2025 0:02:31'),
(85, '65471942', 'F5', '4', 'A1, A3', '6/22/2025 22:49:35'),
(86, '64345220', 'F1', '4', 'A3, A5, A6', '6/25/2025 17:30:47'),
(87, '65473441', 'F5', '4', 'A1', '6/27/2025 16:21:01'),
(88, '65342525', 'F1', '4', 'A5', '7/2/2025 13:52:40'),
(89, '64311836', 'F1', '4', 'A2, A6', '6/22/2025 0:05:37'),
(90, '65340415', 'F1', '4', 'A5', '7/2/2025 13:54:25'),
(91, '65264360', 'F1', '4', 'A1, A3', '7/2/2025 13:55:20'),
(92, '64312550', 'F2', '4', 'A1, A3', '6/22/2025 0:42:06'),
(93, '64412328', 'F7', '4', 'A1, A2, A3', '6/22/2025 22:49:40'),
(94, '65264353', 'F8', '4', 'A2, A3, A4', '7/2/2025 13:57:42'),
(95, '64312109', 'F2', '4', 'A1, A2, A6', '6/22/2025 1:27:10'),
(96, '65314164', 'F2', '4', 'A6', '6/22/2025 1:33:12'),
(97, '64342496', 'F1', '4', 'A2, A3, A6', '6/29/2025 12:18:45'),
(98, '65310944', 'F2', '4', 'A2, A3', '7/29/2025 13:52:41'),
(99, '65313396', 'F2', '4', 'A1', '7/1/2025 14:47:30'),
(100, '65340651', 'F1', '4', 'A2, A3, A6', '6/22/2025 22:50:54'),
(101, '66312879', 'F2', '3', 'A3', '6/22/2025 1:44:40'),
(102, '65413508', 'F7', '4', 'A3, A4, A5', '7/2/2025 14:18:15'),
(103, '65471911', 'F5', '4', 'A1, A3, A5', '6/22/2025 22:59:37'),
(104, '65523252', 'F4', '3', 'A1, A3, A5', '7/2/2025 14:18:38'),
(105, '67192456', 'F9', '2', 'A1, A3, A7', '7/2/2025 14:19:50'),
(106, '67711800', 'F9', '2', 'A1, A5', '7/2/2025 14:02:21'),
(107, '65521494', 'F4', '4', 'A1, A3, A5', '7/2/2025 14:23:17'),
(108, '67411861', 'F7', '2', 'A1, A2', '7/2/2025 14:02:22'),
(109, '66242350', 'F8', '3', 'A4', '7/2/2025 14:26:26'),
(110, '66364311', 'F3', '3', 'A1, A2, A5', '6/22/2025 23:07:23'),
(111, '67341069', 'F1', '2', 'A1, A2', '7/2/2025 14:28:41'),
(112, '67712197', 'F9', '2', 'A5', '7/2/2025 14:03:31'),
(113, '65521937', 'F4', '4', 'A4', '7/2/2025 14:29:21'),
(114, '67164965', 'F9', '2', 'A6', '7/2/2025 14:30:40'),
(115, '64348368', 'F1', '4', 'A1, A6, A7', '6/22/2025 23:10:37'),
(116, '67160981', 'F9', '2', 'A2', '7/2/2025 14:31:04'),
(117, '64348408', 'F1', '4', 'A1, A2, A3', '6/22/2025 7:19:24'),
(118, '65242481', 'F1', '2', 'A1, A3, A5', '6/22/2025 23:16:30'),
(119, '65412815', 'F7', '4', 'A5', '7/2/2025 14:33:26'),
(120, '67712029', 'F9', '2', 'A3, A5', '7/2/2025 14:04:09'),
(121, '64348344', 'F1', '4', 'A1', '7/2/2025 14:38:36'),
(122, '67364839', 'F3', '2', 'A2, A3, A6', '7/2/2025 14:48:41'),
(123, '67410741', 'F7', '2', 'A1, A4', '7/2/2025 14:49:33'),
(124, '65710683', 'F9', '4', 'A1, A3, A5', '7/2/2025 15:00:41'),
(125, '66240493', 'F8', '3', 'A1, A3, A5', '7/3/2025 14:03:35'),
(126, '67161964', 'F9', '2', 'A1, A3, A6', '7/2/2025 14:52:20'),
(127, '67163128', 'F9', '2', 'A2', '7/2/2025 14:53:26'),
(128, '67160547', 'F9', '2', 'A6', '7/2/2025 15:12:45'),
(129, '64242840', 'F9', '4', 'A1, A2, A6', '7/2/2025 14:05:01'),
(130, '66240547', 'F8', '3', 'A7', '7/3/2025 14:05:04'),
(131, '66163273', 'F9', '3', 'A2, A4', '7/2/2025 15:16:51'),
(132, '67341854', 'F1', '2', 'A1, A2, A3', '7/2/2025 14:11:38'),
(133, '65710270', 'F9', '4', 'A1, A4, A5', '7/2/2025 15:00:40'),
(134, '66240943', 'F8', '3', 'A1, A3, A7', '7/3/2025 14:05:46'),
(135, '66163464', 'F9', '3', 'A1, A2, A4', '7/2/2025 15:17:52'),
(136, '67412332', 'F7', '2', 'A1, A3', '7/3/2025 14:30:03'),
(137, '66472467', 'F5', '3', 'A1, A2, A5', '7/2/2025 15:37:16'),
(138, '677110957', 'F9', '2', 'A1, A5', '7/2/2025 14:12:10'),
(139, '67413056', 'F7', '2', 'A1, A3, A5', '7/3/2025 14:33:09'),
(140, '67', 'F9', '2', 'A3', '7/2/2025 14:15:44'),
(141, '66341077', 'F1', '3', 'A1, A2', '7/3/2025 14:37:44'),
(142, '65342006', 'F1', '4', 'A2, A3, A6', '7/2/2025 15:37:41'),
(143, '65263455', 'F6', '4', 'A1, A4, A5', '7/3/2025 14:39:47'),
(144, '65522354', 'F4', '4', 'A1, A2, A3', '7/2/2025 14:15:54'),
(145, '65348008', 'F1', '4', 'A1, A5, A6', '7/2/2025 15:38:23'),
(146, '64260523', 'F6', '4', 'A1', '7/3/2025 14:39:50'),
(147, '65348053', 'F1', '4', 'A1, A3, A5', '7/2/2025 15:38:30'),
(148, '67471988', 'F5', '2', 'A1, A4, A6', '7/3/2025 15:02:17'),
(149, '66522599', 'F4', '3', 'A2, A3, A5', '7/3/2025 14:40:02'),
(150, '67520730', 'F4', '2', 'A1, A2, A3', '7/3/2025 15:03:41'),
(151, '63265420', 'F8', '3', 'A1, A4, A5', '7/3/2025 14:06:36'),
(152, '66472719', 'F5', '3', 'A1, A3, A6', '7/3/2025 15:03:58'),
(153, '67342844', 'F1', '2', 'A1, A2, A3', '7/3/2025 14:41:05'),
(154, '65472680', 'F5', '4', 'A1, A3', '7/3/2025 15:04:04'),
(155, '67472947', 'F5', '2', 'A1', '7/3/2025 15:04:27'),
(156, '65245581', 'F8', '4', 'A7', '7/2/2025 16:19:13'),
(157, '66470425', 'F5', '3', 'A1, A3', '7/3/2025 15:05:14'),
(158, '66240691', 'F8', '3', 'A1, A2, A7', '7/3/2025 14:07:09'),
(159, '66661878', 'F9', '3', 'A1, A3, A6', '7/3/2025 15:05:37'),
(160, '67260896', 'F6', '2', 'A1, A4, A5', '7/3/2025 14:41:21'),
(161, '66661328', 'F9', '3', 'A1, A5, A6', '7/3/2025 15:05:47'),
(162, '66242541', 'F8', '3', 'A3', '7/3/2025 14:08:37'),
(163, '64411697', 'F7', '4', 'A1, A3, A6', '7/2/2025 16:55:18'),
(164, '66471255', 'F5', '3', 'A1, A4, A6', '7/3/2025 15:07:38'),
(165, '66342265', 'F1', '3', 'A3', '7/3/2025 14:42:45'),
(166, '66243920', 'F8', '3', 'A4, A5', '7/3/2025 14:09:52'),
(167, '66264130', 'F6', '3', 'A1', '7/3/2025 14:10:01'),
(168, '67343315', 'F1', '2', 'A3, A7', '7/3/2025 14:43:55'),
(169, '67266270', 'F6', '2', 'A4, A5', '7/3/2025 14:45:35'),
(170, '67523137', 'F4', '2', 'A1', '7/3/2025 14:45:47'),
(171, '66263416', 'F6', '3', 'A5', '7/3/2025 14:12:58'),
(172, '67261794', 'F6', '2', 'A3, A4, A5', '7/3/2025 14:48:44'),
(173, '66412326', 'F7', '3', 'A1, A4', '7/2/2025 17:32:48'),
(174, '67264399', 'F6', '2', 'A4', '7/3/2025 14:14:16'),
(175, '66470043', 'F5', '3', 'A1, A3', '7/3/2025 15:08:57'),
(176, '65521821', 'F4', '4', 'A1, A6', '7/2/2025 17:32:56'),
(177, '67522710', 'F4', '2', 'A1, A3', '7/3/2025 15:13:00'),
(178, '67522543', 'F4', '2', 'A3, A5, A6', '7/3/2025 14:50:03'),
(179, '67524110', 'F4', '2', 'A1', '7/3/2025 15:13:03'),
(180, '67261824', 'F6', '2', 'A1, A4, A7', '7/3/2025 14:15:15'),
(181, '66470517', 'F5', '3', 'A1, A2, A3', '7/3/2025 15:13:45'),
(182, '67522604', 'F4', '2', 'A3', '7/3/2025 14:50:09'),
(183, '65263103', 'F8', '4', 'A1, A3, A5', '7/2/2025 18:52:23'),
(184, '66261382', 'F6', '3', 'A3', '7/3/2025 14:15:38'),
(185, '67522055', 'F4', '2', 'A1, A3, A6', '7/3/2025 14:50:22'),
(186, '67523007', 'F4', '2', 'A5, A7', '7/3/2025 15:09:28'),
(187, '64381969', 'F9', '4', 'A3', '7/2/2025 19:46:55'),
(188, '66244668', 'F8', '3', 'A1, A4, A6', '7/3/2025 14:15:54'),
(189, '63368237', 'F3', '4', 'A1, A2, A3', '7/2/2025 20:17:02'),
(190, '67265136', 'F6', '2', 'A4', '7/3/2025 14:16:18'),
(191, '64981688', 'F4', '2', 'A1, A3', '7/3/2025 15:13:56'),
(192, '67266003', 'F6', '2', 'A3, A5', '7/3/2025 14:16:50'),
(193, '67520495', 'F4', '2', 'A1, A6', '7/3/2025 15:14:00'),
(194, '65310333', 'F2', '4', 'A1, A4, A5', '7/3/2025 10:22:23'),
(195, '65522668', 'F4', '4', 'A2, A4, A6', '7/3/2025 14:55:02'),
(196, '67262890', 'F6', '2', 'A4', '7/3/2025 14:16:55'),
(197, '67471346', 'F5', '2', 'A4', '7/3/2025 14:57:30'),
(198, '67522062', 'F9', '2', 'A1, A2, A3', '7/3/2025 14:58:21'),
(199, '66473464', 'F5', '3', 'A1', '7/3/2025 14:58:58'),
(200, '66243265', 'F8', '3', 'A3', '7/3/2025 14:03:26'),
(201, '66521974', 'F4', '3', 'A2, A3', '7/3/2025 15:21:02'),
(202, '66522995', 'F4', '3', 'A1, A2, A6', '7/3/2025 15:22:15'),
(203, '65360543', 'F3', '4', 'A2', '7/3/2025 15:23:08'),
(204, '67521898', 'F4', '2', 'A1', '7/3/2025 15:28:38'),
(205, '66244606', 'F8', '3', 'A3', '7/3/2025 15:52:02'),
(206, '66244132', 'F8', '3', 'A4', '7/3/2025 15:52:57'),
(207, '65243488', 'F8', '4', 'A1, A7', '7/3/2025 15:56:02'),
(208, '66244682', 'F8', '3', 'A2, A4, A6', '7/3/2025 14:17:00'),
(209, '65362073', 'F3', '4', 'A2', '7/3/2025 16:06:29'),
(210, '67261169', 'F6', '2', 'A4, A5, A7', '7/3/2025 15:14:02'),
(211, '65210886', 'F7', '4', 'A1, A3, A5', '7/3/2025 15:14:04'),
(212, '66261733', 'F6', '3', 'A1, A3, A5', '7/3/2025 14:17:57'),
(213, '65262182', 'F6', '4', 'A1, A5', '7/3/2025 14:19:12'),
(214, '65360642', 'F3', '4', 'A2, A4, A6', '7/3/2025 16:07:30'),
(215, '65360628', 'F3', '4', 'A2', '7/3/2025 16:09:02'),
(216, '67362491', 'F3', '2', 'A2', '7/3/2025 16:09:40'),
(217, '65365852', 'F3', '4', 'A1, A3', '7/3/2025 16:10:38'),
(218, '65362110', 'F3', '4', 'A2, A4, A5', '7/3/2025 16:11:35'),
(219, '65366033', 'F3', '4', 'A1, A2, A5', '7/3/2025 16:13:01'),
(220, '67470264', 'F5', '2', 'A2, A3', '7/3/2025 16:23:41'),
(221, '66711351', 'F9', '3', 'A3, A6', '7/3/2025 16:26:28'),
(222, '66244446', 'F8', '3', 'A3', '7/3/2025 16:29:45'),
(223, '65363339', 'F3', '4', 'A1, A3', '7/3/2025 16:32:27'),
(224, '67263644', 'F6', '2', 'A3, A5, A7', '7/3/2025 16:33:50'),
(225, '65244089', 'F8', '4', 'A4', '7/3/2025 16:40:14'),
(226, '64366942', 'F3', '4', 'A1, A2, A6', '7/3/2025 18:16:39'),
(227, '67471636', 'F5', '2', 'A1', '7/3/2025 18:42:18'),
(228, '67521140', 'F4', '2', 'A2, A6', '7/3/2025 20:39:01'),
(229, '66661663', 'F9', '3', 'A1, A5', '7/3/2025 21:28:15'),
(230, '67164934', 'F9', '2', 'A1, A4, A5', '7/3/2025 23:34:12'),
(231, '67711602', 'F9', '2', 'A3, A5, A6', '7/4/2025 0:19:38'),
(232, '63311905', 'F2', '4', 'A5', '7/4/2025 14:46:18'),
(233, '67312458', 'F2', '2', 'A1, A2, A5', '7/4/2025 14:47:44'),
(234, '66473525', 'F5', '3', 'A1, A3, A6', '7/3/2025 14:59:12'),
(235, '65261796', 'F6', '4', 'A1, A7', '7/3/2025 14:19:28'),
(236, '66261740', 'F6', '3', 'A4, A5', '7/3/2025 14:20:19'),
(237, '64710868', 'F6', '3', 'A1, A3, A7', '7/3/2025 14:21:30'),
(238, '67310898', 'F2', '2', 'A2, A4', '7/4/2025 14:51:53'),
(239, '67313684', 'F2', '2', 'A5', '7/4/2025 14:51:54'),
(240, '67317156', 'F2', '2', 'A2, A4, A5', '7/4/2025 14:53:18'),
(241, '67316012', 'F2', '2', 'A1, A3, A6', '7/4/2025 15:01:54'),
(242, '67310621', 'F2', '2', 'A6', '7/4/2025 15:02:48'),
(243, '66312091', 'F2', '3', 'A1', '7/4/2025 15:05:18'),
(244, '67311079', 'F2', '2', 'A1', '7/4/2025 15:12:27'),
(245, '67311604', 'F2', '2', 'A6', '7/4/2025 15:14:16'),
(246, '67311918', 'F2', '2', 'A5, A6', '7/4/2025 15:15:30'),
(247, '67471247', 'F5', '2', 'A1, A3', '7/3/2025 15:00:41'),
(248, '67210150', 'F9', '2', 'A1, A2, A3', '7/4/2025 15:54:36'),
(249, '66362461', 'F3', '3', 'A3, A6', '7/4/2025 16:00:03'),
(250, '67460876', 'F9', '2', 'A1, A2, A4', '7/4/2025 16:00:46'),
(251, '67211294', 'F9', '2', 'A4', '7/4/2025 16:01:35'),
(252, '67470752', 'F5', '2', 'A1, A4', '7/4/2025 16:03:03'),
(253, '67560316', 'F9', '2', 'A1, A2, A5', '7/4/2025 16:04:31'),
(254, '66473136', 'F5', '3', 'A1', '7/4/2025 16:07:06'),
(255, '66473204', 'F5', '3', 'A1, A3, A6', '7/4/2025 16:14:57'),
(256, '67472909', 'F5', '2', 'A1, A3', '7/4/2025 16:18:12'),
(257, '67712142', 'F9', '2', 'A3, A4', '7/4/2025 16:19:28'),
(258, '65191529', 'F9', '4', 'A1, A2, A3', '7/4/2025 16:29:22'),
(259, '65190706', 'F9', '4', 'A4, A7', '7/4/2025 16:29:23'),
(260, '65190263', 'F9', '4', 'A1, A2, A3', '7/4/2025 16:29:29'),
(261, '65191727', 'F9', '4', 'A7', '7/4/2025 16:29:35'),
(262, '67660504', 'F9', '2', 'A1, A3, A6', '7/4/2025 16:30:22'),
(263, '65262755', 'F6', '4', 'A4, A5', '7/4/2025 16:30:23'),
(264, '65192830', 'F9', '4', 'A3, A6, A7', '7/4/2025 16:30:41'),
(265, '65191574', 'F9', '4', 'A1, A3, A5', '7/4/2025 16:32:29'),
(266, '67311581', 'F2', '2', 'A3, A5, A6', '7/4/2025 15:17:53'),
(267, '67661891', 'F9', '2', 'A1, A6, A7', '7/4/2025 16:23:39'),
(268, '65412983', 'F7', '4', 'A1', '7/4/2025 16:24:06'),
(269, '65210510', 'F9', '4', 'A1, A5', '7/3/2025 15:14:06'),
(270, '66521882', 'F4', '3', 'A1, A2, A3', '7/3/2025 15:14:29'),
(271, '65313259', 'F2', '4', 'A2', '7/4/2025 15:33:10'),
(272, '67361913', 'F3', '2', 'A1, A3, A6', '7/4/2025 15:44:38'),
(273, '67520587', 'F4', '2', 'A1, A3, A7', '7/3/2025 15:15:32'),
(274, '67610462', 'F9', '2', 'A5', '7/4/2025 16:24:47'),
(275, '66363123', 'F3', '3', 'A1, A2', '7/4/2025 15:46:22'),
(276, '67520617', 'F4', '2', 'A2, A3, A5', '7/3/2025 15:17:00'),
(277, '64211952', 'F9', '4', 'A1, A3', '7/4/2025 16:42:28'),
(278, '64210634', 'F9', '4', 'A2', '7/4/2025 16:45:52'),
(279, '64610328', 'F9', '4', 'A1, A4', '7/4/2025 16:52:26'),
(280, '64311341', 'F9', '4', 'A5', '7/4/2025 16:52:58'),
(281, '67661464', 'F9', '2', 'A1', '7/4/2025 16:59:01'),
(282, '66161910', 'F9', '3', 'A1', '7/4/2025 17:03:52'),
(283, '64210412', 'F9', '4', 'A2, A4, A5', '7/4/2025 17:05:15'),
(284, '66264284', 'F6', '3', 'A3, A4, A7', '7/4/2025 17:34:06'),
(285, '67561054', 'F9', '2', 'A1', '7/4/2025 18:01:13'),
(286, '66161972', 'F9', '3', 'A2', '7/4/2025 20:51:18'),
(287, '64366812', 'F3', '4', 'A2, A3', '7/4/2025 21:14:07'),
(288, '65711819', 'F9', '4', 'A1, A4, A5', '7/5/2025 11:32:06'),
(289, '67660443', 'F9', '2', 'A1', '7/5/2025 12:17:30'),
(290, '67662133', 'F9', '2', 'A1', '7/5/2025 12:18:02'),
(291, '67211645', 'F9', '2', 'A1, A3, A5', '7/5/2025 14:42:05'),
(292, '67560606', 'F9', '1', 'A1, A3, A7', '7/6/2025 9:23:10'),
(293, '65661718', 'F9', '4', 'A1', '7/7/2025 13:53:43'),
(294, '65314195', 'F2', '4', 'A1, A3, A6', '7/8/2025 14:34:44'),
(295, '64361190', 'F3', '4', 'A1, A2', '7/8/2025 14:43:04'),
(296, '66363208', 'F3', '3', 'A1, A3, A5', '7/8/2025 14:43:30'),
(297, '66362188', 'F3', '3', 'A1, A2, A3', '7/8/2025 14:48:38'),
(298, '67361685', 'F3', '2', 'A1, A2', '7/8/2025 15:13:02'),
(299, '65521098', 'F4', '4', 'A1', '7/4/2025 15:48:22'),
(300, '65521371', 'F4', '4', 'A1', '7/4/2025 15:48:41'),
(301, '66364076', 'F3', '3', 'A3, A6', '7/4/2025 15:50:37'),
(302, '67360602', 'F3', '2', 'A1, A2, A3', '7/8/2025 15:14:17'),
(303, '65340323', 'F1', '4', 'A3', '7/8/2025 15:14:29'),
(304, '67363115', 'F3', '2', 'A2', '7/8/2025 15:14:32'),
(305, '67361968', 'F3', '2', 'A2', '7/8/2025 15:15:06'),
(306, '67662386', 'F9', '2', 'A1, A2, A3', '7/4/2025 16:33:04'),
(307, '67312168', 'F2', '2', 'A2, A6, A7', '7/4/2025 16:37:44'),
(308, '65410286', 'F7', '4', 'A1', '7/4/2025 16:24:57'),
(309, '67712203', 'F9', '2', 'A1, A2, A5', '7/4/2025 16:25:53'),
(310, '67660931', 'F9', '2', 'A1, A3, A6', '7/4/2025 16:26:29'),
(311, '65190693', 'F9', '4', 'A7', '7/4/2025 16:27:31'),
(312, '65192434', 'F9', '4', 'A1, A3, A7', '7/4/2025 16:28:10'),
(313, '66363529', 'F3', '3', 'A2, A4, A6', '7/4/2025 15:50:54'),
(314, '66362768', 'F3', '3', 'A1, A6', '7/4/2025 15:51:54'),
(315, '66363498', 'F3', '3', 'A5, A6', '7/4/2025 15:51:54'),
(316, '65261031', 'F6', '4', 'A3, A4, A5', '7/4/2025 16:28:46'),
(317, '65191031', 'F9', '4', 'A1, A2, A3', '7/4/2025 16:29:15'),
(318, '66520663', 'F4', '3', 'A1', '7/8/2025 15:20:07'),
(319, '66520939', 'F4', '3', 'A1, A3, A6', '7/8/2025 15:21:03'),
(320, '66520380', 'F4', '3', 'A1, A6', '7/8/2025 15:23:27'),
(321, '65473588', 'F5', '4', 'A4', '7/8/2025 15:26:02'),
(322, '65523924', 'F4', '4', 'A1, A5, A6', '7/8/2025 15:33:07'),
(323, '66522865', 'F4', '3', 'A2', '7/8/2025 15:33:37'),
(324, '66522872', 'F4', '3', 'A2, A6', '7/8/2025 15:35:16'),
(325, '66710682', 'F9', '3', 'A5, A7', '7/8/2025 15:36:37'),
(326, '66711009', 'F9', '3', 'A1, A3, A5', '7/8/2025 15:37:23'),
(327, '66710910', 'F9', '3', 'A2, A5, A7', '7/8/2025 15:41:07'),
(328, '67380440', 'F9', '2', 'A3, A7', '7/8/2025 15:45:06'),
(329, '67381058', 'F9', '2', 'A1, A6', '7/8/2025 15:48:20'),
(330, '66710699', 'F9', '3', 'A2, A5, A6', '7/8/2025 15:48:23'),
(331, '67662195', 'F9', '2', 'A1, A4, A6', '7/4/2025 16:38:32'),
(332, '65210930', 'F9', '4', 'A1, A3', '7/4/2025 16:38:39'),
(333, '65210381', 'F9', '4', 'A2, A4', '7/4/2025 16:38:46'),
(334, '65210145', 'F9', '4', 'A3, A6', '7/4/2025 16:39:09'),
(335, '65210138', 'F9', '4', 'A2, A3, A4', '7/4/2025 16:39:34'),
(336, '65263332', 'F6', '4', 'A4, A5', '7/4/2025 16:40:21'),
(337, '65210374', 'F9', '4', 'A2, A6', '7/4/2025 16:40:48'),
(338, '67366017', 'F3', '2', 'A3, A6', '7/8/2025 15:16:15'),
(339, '66521998', 'F4', '3', 'A3, A6, A7', '7/8/2025 15:18:42'),
(340, '66522278', 'F4', '3', 'A1, A3, A6', '7/8/2025 15:19:02'),
(341, '66522674', 'F4', '3', 'A1, A5', '7/8/2025 15:19:14'),
(342, '66363505', 'F3', '3', 'A1, A6', '7/4/2025 15:52:13'),
(343, '66362164', 'F3', '3', 'A6', '7/4/2025 15:52:36'),
(344, '67661495', 'F9', '2', 'A1, A2', '7/9/2025 16:24:03'),
(345, '66472511', 'F5', '3', 'A1, A3', '7/22/2025 15:21:34'),
(346, '67262975', 'F6', '2', 'A3', '7/9/2025 16:27:34'),
(347, '65261048', 'F6', '4', 'A4, A5', '7/22/2025 15:44:00'),
(348, '67345388', 'F1', '2', 'A2', '7/9/2025 16:33:35'),
(349, '66190323', 'F9', '3', 'A1, A3, A5', '7/22/2025 15:56:34'),
(350, '67210440', 'F9', '2', 'A1, A3, A4', '7/9/2025 16:33:38'),
(351, '66521219', 'F4', '3', 'A1, A3, A5', '7/22/2025 16:08:47'),
(352, '66470395', 'F5', '3', 'A1', '7/22/2025 18:49:37'),
(353, '67344572', 'F1', '2', 'A1, A3, A6', '7/9/2025 16:34:44'),
(354, '66260255', 'F6', '3', 'A3, A4, A5', '7/9/2025 16:35:04'),
(355, '65310890', 'F2', '4', 'A1, A2', '7/28/2025 17:53:10'),
(356, '65241149', 'F8', '4', 'A1, A3, A5', '7/29/2025 13:50:46'),
(357, '67344695', 'F1', '2', 'A1, A3, A6', '7/9/2025 16:36:13'),
(358, '65240975', 'F8', '4', 'A3, A5', '7/29/2025 13:51:09'),
(359, '64211679', 'F9', '4', 'A1, A6', '7/4/2025 16:41:06'),
(360, '67314070', 'F2', '2', 'A2', '7/15/2025 15:36:34'),
(361, '67312045', 'F2', '2', 'A3', '7/15/2025 15:36:56'),
(362, '67311161', 'F2', '2', 'A2, A6, A7', '7/15/2025 15:40:37'),
(363, '67412394', 'F7', '2', 'A4', '7/8/2025 15:48:27'),
(364, '67410031', 'F7', '2', 'A1, A3, A5', '7/8/2025 15:48:41'),
(365, '67412738', 'F7', '2', 'A1', '7/8/2025 15:49:20'),
(366, '66410988', 'F7', '3', 'A3, A4, A5', '7/8/2025 15:56:19'),
(367, '67362330', 'F3', '2', 'A1, A2, A6', '7/8/2025 15:59:05'),
(368, '66362546', 'F3', '3', 'A2', '7/8/2025 16:15:53'),
(369, '66470258', 'F5', '3', 'A5', '7/8/2025 16:16:47'),
(370, '67362422', 'F3', '2', 'A1', '7/8/2025 16:24:40'),
(371, '67410666', 'F7', '2', 'A1, A3, A6', '7/9/2025 7:56:08'),
(372, '67212109', 'F9', '2', 'A3, A5, A6', '7/9/2025 16:18:27'),
(373, '67313257', 'F2', '2', 'A2', '7/15/2025 15:40:42'),
(374, '67211836', 'F9', '2', 'A1, A2, A3', '7/9/2025 16:18:30'),
(375, '67312977', 'F2', '2', 'A3, A6', '7/15/2025 15:41:13'),
(376, '66521752', 'F4', '3', 'A7', '7/22/2025 14:56:41'),
(377, '67460258', 'F9', '2', 'A1, A3, A6', '7/9/2025 16:22:52'),
(378, '66521660', 'F4', '3', 'A6', '7/22/2025 14:58:13'),
(379, '66532636', 'F4', '3', 'A2, A4, A5', '7/22/2025 15:03:35'),
(380, '66521516', 'F4', '3', 'A1, A2, A3', '7/22/2025 15:04:37'),
(381, '66521288', 'F4', '3', 'A1, A6', '7/22/2025 15:07:18'),
(382, '67661273', 'F9', '2', 'A1, A5', '7/22/2025 15:08:06'),
(383, '64245261', 'F6', '4', 'A1, A2, A5', '7/22/2025 15:15:49'),
(384, '66471156', 'F5', '3', 'A5', '7/22/2025 15:19:16');

-- --------------------------------------------------------

--
-- Table structure for table `Form_review`
--

CREATE TABLE `Form_review` (
  `fr_ID` int NOT NULL,
  `fg_ID` int DEFAULT NULL,
  `group_type` varchar(100) DEFAULT NULL,
  `subject_ID` varchar(6) DEFAULT NULL,
  `grade_ID` varchar(3) DEFAULT NULL,
  `review` text,
  `groupwork_ID` varchar(1) DEFAULT NULL,
  `solowork_ID` varchar(1) DEFAULT NULL,
  `exam_ID` varchar(3) DEFAULT NULL,
  `attendance_ID` varchar(1) DEFAULT NULL,
  `instruction_ID` varchar(50) CHARACTER SET utf8mb4 COLLATE utf8mb4_0900_ai_ci DEFAULT NULL,
  `present_ID` varchar(1) DEFAULT NULL,
  `experience_ID` varchar(1) DEFAULT NULL,
  `challenge_ID` varchar(1) DEFAULT NULL,
  `time_ID` varchar(1) DEFAULT NULL
) ENGINE=InnoDB DEFAULT CHARSET=utf8mb4 COLLATE=utf8mb4_0900_ai_ci;

--
-- Dumping data for table `Form_review`
--

INSERT INTO `Form_review` (`fr_ID`, `fg_ID`, `group_type`, `subject_ID`, `grade_ID`, `review`, `groupwork_ID`, `solowork_ID`, `exam_ID`, `attendance_ID`, `instruction_ID`, `present_ID`, `experience_ID`, `challenge_ID`, `time_ID`) VALUES
(512, 1, 'G1', '001226', 'B1', 'งานส่วนมากเป็นงานกลุ่ม มีเช็คชื่อบางครั้ง แต่ว่าเรียนง่ายข้อสอบไม่ยาก เก็บAได้เลยยย', '3', '1', 'C3', '1', 'D1', '1', '2', '0', '0'),
(513, 2, 'G1', '001332', 'B2', 'รู้สึกว่าอาจารย์สอนดีและเข้าใจง่ายแต่ถ้าใครไม่ชอบเกี่ยวกับการจัดการข้อมูลต่างๆก็อาจจะเข้าใจยากนิดนึง', '1', '2', 'C2', '2', 'D3', '0', '2', '1', '0'),
(514, 3, 'G1', '001332', 'B1', 'อาจารย์ใจดี ทำงานสองคนก็ได้', '1', '3', 'C2', '2', 'D3', '0', '3', '1', '0'),
(515, 4, 'G1', '001227', 'B1', 'อจ.สอนดี เข้าใจง่าย เรียนง่าย', '2', '1', 'C3', '2', 'D2', '0', '3', '0', '0'),
(516, 5, 'G1', '001276', 'B1', 'สามารถนำมาใช้ประโยชน์ในชีวิตประจำได้', '0', '3', 'C3', '1', 'D1', '1', '2', '1', '0'),
(517, 6, 'G1', '001226', 'B2', 'ดีรู้เท่าทันสื่อ', '2', '2', 'C2', '1', 'D2', '0', '2', '1', '1'),
(518, 7, 'G1', '001241', 'B1', 'รู้สึกสนุก ได้มีดนตรีมาเล่นให้ฟัง รู้จักเครื่องดนตรีมากขึ้นค่ะ เรียนสนุกมากกกกก ', '2', '2', 'C1', '1', 'D2', '1', '3', '1', '0'),
(519, 9, 'G1', '001224', 'B3', 'สนุกดี ชอบ', '1', '3', 'C2', '1', 'D3', '0', '2', '1', '0'),
(520, 10, 'G1', '001227', 'B1', 'รู้สึกสนุกกับวิชานี้ ', '1', '1', 'C2', '2', 'D3', '0', '2', '0', '0'),
(521, 11, 'G1', '001224', 'B3', 'เรียนโอเคแต่งานเยอะมากมีทุกสัปดาห์', '0', '3', 'C3', '0', 'D1', '0', '2', '1', '0'),
(522, 12, 'G1', '001331', 'B1', 'ดี', '1', '2', 'C1', '2', 'D3', '1', '2', '1', '0'),
(523, 13, 'G1', '001224', 'B1', 'ดี งานเยอะ ทำให้ทัน', '2', '2', 'C2', '0', 'D2', '0', '2', '1', '0'),
(524, 14, 'G1', '001253', 'B1', 'มีองค์ความรู้อื่นๆ ที่สามารถต่อยอดในการทำธุรกิจได้มากมาย', '2', '2', 'C2', '1', 'D2', '1', '2', '0', '0'),
(525, 15, 'G1', '001238', 'B4', 'อ่านนส.เยอะๆจำเยอะอะ', '0', '1', 'C3', '2', 'D1', '0', '0', '2', '0'),
(526, 17, 'G1', '001221', 'B1', 'ง่ายดี', '0', '3', 'C2', '2', 'D1', '0', '3', '0', '0'),
(527, 18, 'G1', '001226', 'B2', 'เรียนสนุก ไม่ยากเกินไป', '2', '1', 'C3', '2', 'D2', '1', '2', '1', '0'),
(528, 19, 'G1', '001227', 'B3', 'เป็นวิชาที่ดูไม่อยากแต่เป็นวิชาที่ถือว่าท้าทายวินัยกับความรับผิดชอบ คะแนนจะอิงจากภาคปฏิบัติเป็นส่วนใหญ่ อาจารย์จะให้อิสระแต่ละกลุ่มในการฝึกฝนรับผิดชอบตัวเองและคนในกลุ่มเพราะตอนสอบปฏิบัติจะดูภาพรวมทั้งกลุ่มไม่ใช่คนใดคนหนึ่ง ตอนเรียนมีความสุขกับวิธีการสอนของอาจารย์มากได้ทั้งสาระและความสนุก', '3', '2', 'C3', '1', 'D1', '1', '3', '1', '0'),
(529, 20, 'G1', '001226', 'B4', 'ได้ความรู้ใหม่ๆกับการใช้ชีวิตในยุคปัจจุบันมากขึ้น', '2', '1', 'C3', '1', 'D2', '1', '2', '1', '0'),
(530, 21, 'G1', '001227', 'B1', 'สนุก อาจารย์สอนสนุก ตั้งใจทำงาน เข้ากิจกรรมได้เกรด A', '2', '2', 'C2', '2', 'D2', '0', '3', '1', '0'),
(531, 22, 'G1', '001227', 'B1', 'ชอบอาจารย์ที่สอน สอนสนุกเป็นวิชาที่น่าเรียน', '2', '1', 'C2', '2', 'D2', '1', '3', '1', '0'),
(532, 23, 'G1', '001222', 'B1', 'เหมือนเรียนวิชาภาษาไทย + สังคม + นาฏศิลป์ สมัยมัธยม เนื้อหาค่อนข้างเยอะ น่าเบื่อนิดหน่อยเวลาเรียน ', '1', '1', 'C3', '0', 'D3', '0', '1', '1', '0'),
(533, 24, 'G1', '001224', 'B1', 'ผิดหวังมาก เพราะคิดว่าจะได้เรียนทักษะศิลปะแต่ดันเน้นไปที่ประวัติศาสตร์', '1', '3', 'C3', '2', 'D3', '0', '2', '1', '0'),
(534, 25, 'G1', '001241', 'B1', 'สนุก ผ่อนคลาย ได้ความรู้', '2', '1', 'C3', '2', 'D2', '0', '3', '1', '0'),
(535, 26, 'G1', '001332', 'B1', 'เป็นวิชาที่สอนเกี่ยวกับยุคดิจิทัลที่ควรรู้จริงๆ อาจารย์ใจดีและสอนเข้าใจง่าย', '1', '1', 'C3', '1', 'D3', '0', '2', '1', '0'),
(536, 27, 'G1', '001227', 'B1', 'รู้สึกสนุกเพราะได้ลองทำในสิ่งใหม่ๆที่ไม่เคยทำและอาจารย์สอนสนุกค่ะ', '1', '3', 'C3', '2', 'D3', '1', '3', '0', '0'),
(537, 28, 'G1', '001331', 'B1', 'ดี', '2', '3', 'C5', '2', 'D2', '0', '2', '1', '0'),
(538, 29, 'G1', '001238', 'B4', 'ก็ดีนะคะ อาจารย์ก็สอนสนุก ทำสื่อๆต่างๆด้วย ถ้าแนะนำลองคิดดูดีๆ ก่อนค่ะ', '1', '3', 'C3', '1', 'D3', '0', '2', '1', '0'),
(539, 30, 'G1', '001226', 'B1', 'เฉยๆ', '1', '1', 'C3', '2', 'D3', '1', '2', '1', '0'),
(540, 31, 'G1', '001226', 'B1', 'รู้สึกดี มีประโยชน์', '2', '1', 'C3', '2', 'D2', '2', '2', '1', '0'),
(541, 32, 'G1', '001226', 'B1', 'ดีมีความสุข', '1', '2', 'C2', '2', 'D3', '1', '3', '1', '0'),
(542, 33, 'G1', '001222', 'B4', 'ได้ความรู้', '3', '1', 'C2', '0', 'D1', '1', '2', '1', '1'),
(543, 34, 'G1', '001224', 'B1', 'เรียนสบาย สั่งงานง่ายแต่สั่งทุกสัปดาห์', '2', '1', 'C3', '1', 'D2', '0', '2', '0', '0'),
(544, 36, 'G1', '001238', 'B1', 'ดีค่ะสนุกดี', '2', '2', 'C3', '1', 'D2', '1', '3', '1', '0'),
(545, 37, 'G1', '001227', 'B1', 'เป็นวิชาที่สอนเกี่ยวกับดนตรีไทยตั้งแต่สมัยอดีต และประวัติเกี่ยวกับดนตรีไทย อาจารย์ใจดีมากๆ สอนสนุก มีลูกเล่นต่างๆในการสอน ', '0', '3', 'C2', '2', 'D1', '0', '3', '1', '0'),
(546, 38, 'G1', '001222', 'B2', 'รู้ว่าก็ไม่ได้ยากเเละไม่ได้ง่ายเกินไป', '2', '3', 'C3', '0', 'D2', '0', '1', '1', '0'),
(547, 39, 'G1', '001226', 'B3', 'สนุกดีค่ะ', '1', '2', 'C3', '1', 'D3', '0', '2', '1', '0'),
(548, 40, 'G1', '001227', 'B1', 'เป็นความรู้ที่ไม่ใกล้ตัวจะมากเกินไป แล้วก็มีความสนุก ได้ผ่อนคลายจากวิชาเอก และได้ความรู้  อีกทั้งยังได้ทำงานเป็นกลุ่มเพื่อเพิ่มความสามัคคี', '3', '1', 'C3', '1', 'D1', '0', '3', '1', '0'),
(549, 41, 'G1', '001222', 'B1', 'สนุก ได้ความรู้มากมาย ', '2', '2', 'C3', '2', 'D2', '1', '2', '1', '0'),
(550, 42, 'G1', '001238', 'B1', 'สนุกดีมีการทำคลิปละครสั้น ', '3', '2', 'C3', '2', 'D1', '2', '3', '2', '0'),
(551, 43, 'G1', '001224', 'B4', 'ยาก', '3', '1', 'C2', '2', 'D1', '1', '2', '2', '1'),
(552, 44, 'G1', '001332', 'B1', 'สนุก เข้าใจง่าย', '2', '2', 'C3', '0', 'D2', '1', '2', '1', '0'),
(553, 45, 'G1', '001241', 'B3', 'ชอบมากครับ อาจารย์ใจดี วิชาสนุก', '1', '1', 'C3', '2', 'D3', '0', '3', '1', '0'),
(554, 46, 'G1', '001227', 'B1', 'สนุกดี ไม่เครียด อาจารย์เฮฮา ', '1', '0', 'C3', '1', 'D3', '1', '2', '1', '0'),
(555, 50, 'G1', '001227', 'B1', 'อาจารย์ใจดี สอนสนุก ข้อสอบง่าย ', '1', '3', 'C3', '2', 'D3', '0', '3', '1', '0'),
(556, 53, 'G1', '001226', 'B2', 'เรียนสนุก', '2', '1', 'C2', '1', 'D2', '1', '2', '1', '1'),
(557, 54, 'G1', '001227', 'B1', 'อาจารย์สอนสนุก ให้ความรู้เกี่ยวกับเครื่องดนตรีได้ดี มีงานทำและสอบปฎิบัติไม่ยากเพื่อพัฒนาทักษะสกิลนอกเหนือจากการฟัง', '0', '2', 'C3', '2', 'D1', '0', '3', '0', '0'),
(558, 55, 'G1', '001227', 'B1', 'เรียนสนุก อาจารย์ใจดีมากกก', '2', '2', 'C2', '2', 'D2', '1', '2', '1', '0'),
(559, 56, 'G1', '001222', 'B3', 'ได้ความรู้', '2', '1', 'C2', '2', 'D2', '0', '2', '1', '0'),
(560, 57, 'G1', '001222', 'B1', 'สบายๆ พอไปวัดไปวาได้  ถ้าชอบงานกลุ่มหนักๆ', '3', '1', 'C3', '1', 'D1', '3', '1', '0', '0'),
(561, 58, 'G1', '001226', 'B1', 'ได้เข้าใจแนวคิดใหม่ๆในสังคมมากยิ่งขึ้น ได้เรียนรู้เปิดกว้างมากกว่าที่สอนในคราสเรียนในรายวิชาหลัก', '1', '2', 'C2', '0', 'D3', '1', '3', '1', '0'),
(562, 59, 'G1', '001222', 'B2', 'ลำคานอาจารย์ผู้สอน', '3', '1', 'C2', '1', 'D1', '0', '0', '0', '0'),
(563, 60, 'G1', '001221', 'B1', 'เรียนง่าย เข้าใจดี', '1', '2', 'C2', '1', 'D3', '2', '2', '1', '0'),
(564, 61, 'G1', '001253', 'B1', 'สนุก', '2', '1', 'C2', '1', 'D2', '1', '2', '1', '1'),
(565, 62, 'G1', '001227', 'B1', 'เรียนง่าย อาจารย์สอนสนุก เก็บAได้ง่ายมาก', '1', '3', 'C2', '2', 'D3', '0', '3', '1', '0'),
(566, 63, 'G1', '001222', 'B3', 'การสอนจะมีการเปลี่ยนผู้สอนไปทุกสัปดาที่เรียน หัวข้อที่สอนมีการกล่าวถึงในเชิงกว้างไม่ได้มีการเจาะลึกมากเท่าที่ควร', '1', '1', 'C3', '0', 'D3', '0', '0', '2', '0'),
(567, 64, 'G1', '001241', 'B1', 'สนุกดี ชิวๆ แต่ก็ต้องอ่านไปสอบ', '2', '2', 'C3', '1', 'D2', '0', '1', '1', '0'),
(568, 66, 'G1', '001276', 'B1', 'เก็บAง่าย เรียนชิว แค่ส่งงานครบ', '1', '3', 'C3', '0', 'D3', '0', '2', '0', '1'),
(569, 67, 'G1', '001226', 'B1', 'เรียนสนุก งานเข้าใจง่าย ได้ความรู้', '2', '2', 'C3', '1', 'D2', '2', '3', '1', '1'),
(570, 68, 'G1', '001222', 'B4', 'เป็นคนไม่ถนัดวิชาสังคม เลยรู้สึกว่าวิชานี้ยาก และไม่ชอบการที่อาจารย์ส่งไมค์ให้พูดในคลาส', '3', '1', 'C3', '0', 'D1', '0', '2', '2', '0'),
(571, 69, 'G1', '001227', 'B1', 'รู้สึกว่าอาจารย์สอนสนุก เรียนชิลๆ ไม่เครียดดี', '2', '2', 'C3', '2', 'D2', '3', '2', '1', '0'),
(572, 70, 'G1', '001228', 'B1', 'จอยๆดีครับ เรียนแบบไม่เครียด และยังได้รู้จักเพื่อนต่างคณะ มีกิจกรรมให้ขายของด้วย โดยรวมถือว่าhappyดีครับ', '2', '2', 'C5', '2', 'D2', '1', '3', '1', '0'),
(573, 71, 'G1', '001226', 'B5', 'คิดว่าเป็นวิชาที่น่าสนใจและเหมาะกับยุคปัจจุบันที่เทคโนโลยีก้าวไกลไปอย่างมากดังนั้นเราจึงควรรู้จักใช้เทคโนโลยีมาประยุกต์ใช้ให้เกิดประโยชน์ในการใช้ชีวิตอย่างมากที่สุด', '1', '3', 'C2', '0', 'D3', '1', '1', '1', '0'),
(574, 72, 'G1', '001222', 'B1', 'รู้สึกว่ามีเนื้อหามีความลึกกว่าปกติเล็กน้อย ถ้าไม่ได้มาเรียนอาจจะไม่รู้ ทำให้ไดเรียนรู้วัฒนธรรมต่าง ๆ มากขึ้น', '2', '2', 'C3', '1', 'D2', '0', '1', '1', '0'),
(575, 73, 'G1', '001241', 'B2', 'สนุก ได้ทำอะไรที่เเปลกใหม่เปิดประสบการณ์ทักษะด้านอื่นๆของตัวเอง', '2', '1', 'C3', '1', 'D2', '1', '2', '1', '0'),
(576, 75, 'G1', '001227', 'B1', 'สนุก เป็นกันเอง ได้ความรู้ที่ใช่จริง', '1', '3', 'C3', '0', 'D3', '0', '3', '1', '0'),
(577, 76, 'G1', '001222', 'B5', 'ไดัทักษะเยอะค่ะ', '2', '1', 'C3', '0', 'D2', '0', '3', '1', '0'),
(578, 77, 'G1', '001226', 'B3', 'ก็โอเคค่ะ สอนเข้าใจสนุกดี', '2', '2', 'C3', '2', 'D2', '0', '2', '1', '1'),
(579, 78, 'G1', '001226', 'B1', '-', '2', '2', 'C2', '1', 'D2', '1', '2', '1', '1'),
(580, 79, 'G1', '001276', 'B3', 'ดีทุกอย่าง ควรฟังที่อาจารย์พูดคาบแรกให้ดี ถ้าทำผิดอาจารย์จะงี่เง่ามาก', '0', '3', 'C3', '0', 'D1', '0', '3', '1', '1'),
(581, 80, 'G1', '001227', 'B4', 'สนุกและได้รู้จักกับดนตรีไทยมากยิ่งขึ้น', '2', '2', 'C2', '2', 'D2', '1', '3', '1', '0'),
(582, 81, 'G1', '001226', 'B1', 'สนุก', '2', '2', 'C3', '2', 'D2', '0', '3', '1', '1'),
(583, 82, 'G1', '001227', 'B1', 'อาจารย์เป็นกันเอง ทำให้รู้สึกผ่อนคลาย และเป็นกันเอง', '3', '2', 'C3', '2', 'D1', '2', '2', '1', '0'),
(584, 83, 'G1', '001226', 'B4', 'ยากแต่ไม่ยากเกินไป', '1', '1', 'C3', '1', 'D3', '1', '2', '2', '0'),
(585, 84, 'G1', '001238', 'B1', 'ดี', '2', '2', 'C3', '1', 'D2', '0', '2', '1', '0'),
(586, 85, 'G1', '001238', 'B1', 'เรียนง่าย เน้นงานกลุ่มเป็นส่วนใหญ่', '3', '1', 'C3', '1', 'D1', '3', '2', '0', '0'),
(587, 87, 'G1', '001228', 'B1', 'ไม่เครียดมาก มีงานทำทุกคาบเรียน จัดกลุ่มให้เป็นคณะ', '3', '2', 'C3', '2', 'D1', '1', '2', '1', '0'),
(588, 88, 'G1', '001331', 'B1', 'รู้สึกว่าวิชานี้ดีมาก ได้คิดค้นนวัตกรรมใหม่ๆเพื่อสังค ได้จับกลุ่มกับเพื่อนต่างสาขา ', '2', '2', 'C0', '2', 'D2', '1', '3', '1', '0'),
(589, 89, 'G1', '001238', 'B3', 'เป็นวิชาที่ดี', '2', '3', 'C3', '1', 'D2', '1', '3', '1', '1'),
(590, 90, 'G1', '001222', 'B3', 'สนุกดีค่ะ', '2', '2', 'C3', '2', 'D2', '1', '2', '1', '0'),
(591, 91, 'G1', '001222', 'B3', 'ไม่รู้เรื่อง เปลี่ยนอาจารย์จนมึน', '1', '2', 'C3', '0', 'D3', '0', '2', '1', '0'),
(592, 92, 'G1', '001226', 'B3', 'ชิวๆดี', '2', '2', 'C3', '2', 'D2', '1', '1', '0', '1'),
(593, 93, 'G1', '001227', 'B1', 'เป็นวิชาที่สนุก ได้ท้าทายความสามารถตัวเองในการฝึกเป่าขลุ่ยในเพลงที่ได้รับมอบหมาย ข้อสอบไม่ยากข้อสอบออกตามหนังสือเรียนที่อาจารย์สอนในคาบ', '1', '1', 'C3', '2', 'D3', '0', '2', '1', '0'),
(594, 94, 'G1', '001222', 'B1', 'สนุกดี แต่อาจารย์ไม่ให้สไลด์', '1', '1', 'C3', '0', 'D3', '0', '2', '1', '0'),
(595, 96, 'G1', '001226', 'B3', 'ดีเรียนง่าย สนุก', '2', '1', 'C2', '1', 'D2', '2', '3', '1', '0'),
(596, 98, 'G1', '001332', 'B2', 'ยากนิดหน่อยเพราะเนื้อหามีความซับซ้อน', '1', '2', 'C2', '1', 'D3', '0', '2', '2', '0'),
(597, 99, 'G1', '001332', 'B1', 'ดี', '3', '1', 'C2', '0', 'D1', '2', '2', '1', '1'),
(598, 100, 'G1', '001276', 'B1', 'เรียนไม่ยากถ้ามีความรู้พื้นฐานเรื่องพลังงาน มีเรียนใน mooc ', '1', '2', 'C3', '1', 'D3', '0', '1', '0', '1'),
(599, 101, 'G1', '001228', 'B1', 'สนุก แต่กลุ่มต้องดี', '3', '1', 'C3', '2', 'D1', '1', '3', '0', '0'),
(600, 102, 'G1', '001222', 'B3', 'เนื้อหาส่วนใหญ่น่าสนใจ มีการนำสถานที่ในพิษณุโลกมาสอดแทรกในการสอนซึ่งถือว่าเป็นการเผยแพร่ที่ดีต่อนิสิตที่อยู่จังหวัดอื่นได้รับรู้ แต่อยากให้การเรียนการสอนของอาจารย์มีกิจกรรมแทรกเข้าไปมากกว่าที่เคยนั่งเรียนมา', '2', '2', 'C3', '1', 'D2', '0', '2', '1', '0'),
(601, 103, 'G1', '001226', 'B3', 'ดีนะ', '2', '2', 'C2', '0', 'D2', '0', '2', '1', '0'),
(602, 104, 'G1', '001224', 'B1', 'ชอบวาดภาพพค่ะ', '2', '3', 'C3', '2', 'D2', '0', '3', '1', '0'),
(603, 105, 'G1', '001238', 'B2', 'ค่อนข้างเป็นวิชาที่ดีเลย อาจารย์สอนสนุก มีกิจกรรมให้ทำ', '2', '2', 'C3', '2', 'D2', '1', '3', '0', '0'),
(604, 106, 'G1', '001276', 'B5', 'เฉยๆ', '1', '2', 'C2', '1', 'D3', '0', '0', '1', '1'),
(605, 107, 'G1', '001238', 'B1', 'สนุก เรียนเข้าใจง่าย ได้ทำงานร่วมกับผู้อื่นที่ไม่ใช่แค่เด็กปีเดียวกันและได้ใช้ความคิดสร้างสรรค์', '2', '1', 'C0', '0', 'D2', '1', '3', '1', '0'),
(606, 109, 'G1', '001226', 'B3', 'อาจารย์สอนชิว มีเช็คชื่อทุกคาบ ข้อสอบออกตามสไลด์ที่สอนเลยไม่ยากเกินความสามารถ มีการบ้าน', '0', '2', 'C3', '2', 'D1', '0', '3', '1', '1'),
(607, 110, 'G1', '001222', 'B1', 'อาจารย์ค่อนข้างจุกจิก การทำงานกลุ่มก็จะไม่ได้กลุ่มที่มีคุณภาพเท่าไหร่', '1', '2', 'C3', '0', 'D3', '0', '1', '1', '0'),
(608, 111, 'G1', '001222', 'B2', 'เรียนง่ายๆแต่มีงานกลุ่ม', '1', '1', 'C3', '0', 'D3', '0', '2', '0', '0'),
(609, 112, 'G1', '001226', 'B3', 'สนใจต่อการเรียนวิชานี้เป็นอย่างจิ่ง', '2', '1', 'C5', '2', 'D2', '2', '2', '1', '0'),
(610, 113, 'G1', '001222', 'B1', 'ดีค่ะแต่งานค่อนข้างเยอะ', '2', '3', 'C3', '1', 'D2', '2', '3', '1', '0'),
(611, 114, 'G1', '001253', 'B1', 'เข้าไปเรียนอาจจะเบื่อแต่มาเข้าเรียนดีกว่าเพราะอาจารย์บางคนจะมีเก็บคะแนน ส่วนข้อสอบถ้าอ่านมาทำได้แน่นอน งานกลุ่มเยอะหน่อยนะคะ', '2', '1', 'C2', '1', 'D2', '2', '2', '1', '0'),
(612, 115, 'G1', '001331', 'B3', 'คิดว่าเป็นวิชาชิวๆเก็บAได้ไม่ยากถ้าส่งงานครบ', '1', '2', 'C3', '0', 'D3', '1', '2', '1', '1'),
(613, 116, 'G1', '001226', 'B1', 'ได้ทำงานเป็นกลุ่ม จับกลุ่ม และให้ไปหาข้อมูลนอกพื้นทีและนำเสนอเยอะ', '3', '1', 'C3', '2', 'D1', '2', '3', '0', '0'),
(614, 117, 'G1', '001222', 'B3', 'รู้สึกดี ได้ความรู้', '0', '2', 'C3', '2', 'D1', '0', '2', '1', '1'),
(615, 118, 'G1', '001227', 'B1', 'อาจารย์สอนสนุก ตลก เข้าใจง่าย สอนค่อยเป็นค่อนไป ได้ฝึกเป่าขลุ่ยครั้งแรก ข้อสอบง่าย', '1', '1', 'C3', '2', 'D3', '0', '2', '0', '0'),
(616, 119, 'G1', '001221', 'B1', 'วิชานี้จะเป็นรายวิชาที่ส่งเสริมและพัฒนาทักษะในการจัดทำการค้นคว้าหาข้อมูลต่าง ๆ อาทิ วิธีการใช้อินเทอร์เน็ตเพื่อการค้นคว้าที่ถูกต้อง การเขียนรายงาน/บทความต่าง ๆ ผ่านโปรแกรมคอมพิวเตอร์ โดยเฉพาะอย่างยิ่งการสอนใช้โปรแกรม Microsoft Words เพื่อจัดทำรายงาน/วิจัย การจัดหน้ากระดาษ การอ้างอิง การจัดทำสารบัญ/บรรณานุกรม เป็นต้น ซึ่งช่วยให้ผู้เรียนได้รับและนำทักษะนี้ไปใช้ในการทำบทความ/รายงาน/วิจัยต่าง ๆ ในอนาคต ดังนั้น วิชานี้จึงเหมาะสมสำหรับผู้ที่ยังไม่มีทักษะหรือมีทักษะค่อนข้างน้อยเกี่ยวกับการจัดทำรายงานต่าง ๆ เป็นอย่างยิ่ง  นอกจากนี้ รายวิชานี้ยังเป็นรายวิชาที่เรียนและสอบไม่ยาก มีวิธีการตรวจสอบการมาเรียนด้วยการจัดทำแบบฝึกในทุกวันอันเป็นส่วนช่วยในการเก็บคะแนน แม้การเรียนอาจเป็นการบรรยายเพียงอย่างเดียวในช่วงแรก แต่ในช่วงหลังก็ยังมีการฝึกการเขียนรายงานด้วยตนเองซึ่งมอบประสบการณ์จริงที่ดีอีกด้วย', '1', '3', 'C3', '2', 'D3', '0', '3', '0', '0'),
(617, 120, 'G1', '001224', 'B9', 'อาจารยืสอนโอเคงานเยอะเล็กน้อยแต่ถ้าขยันและทำงานส่งครบทั้งหมดก็เก็บAได้ง่ายๆ', '2', '3', 'C2', '0', 'D2', '0', '1', '1', '0'),
(618, 121, 'G1', '001222', 'B1', 'แนะนำเพราะเป็นวิชาที่ได้ใช้ในขีวิตประจำวันแน่นอน เป็นการฝึกการสังเกตความเปลี่ยนแปลงเรื่องภาษาและบริบททางสังคม', '2', '2', 'C0', '0', 'D2', '3', '2', '1', '0'),
(619, 122, 'G1', '001331', 'B1', 'เข้าใจอย่างท้องแท้', '2', '3', 'C3', '2', 'D2', '0', '2', '1', '0'),
(620, 123, 'G1', '001222', 'B2', 'เนื้อหาค่อนข้างกว้าง ข้อสอบออกง่าย แต่บางข้อต้องเข้าเรียนถึงจะตอบได้ อาจารย์/TAบางท่านกิริยาไม่ค่อยสุภาพกับนิสิต การทำโครงงานลำบาก เพราะสมาชิกเยอะ และโดนตีกลับได้ หากอาจารย์ไม่พอใจหัวข้อโครงงาน', '1', '1', 'C3', '0', 'D3', '1', '3', '1', '0'),
(621, 124, 'G1', '001224', 'B1', 'ได้ความรู้ใหม่ๆ ไม่เครียด แค่ทำงานส่งให้ครบ ', '2', '3', 'C3', '1', 'D2', '0', '3', '0', '0'),
(622, 125, 'G1', '001224', 'B3', 'รู้สึกถึงอิสระ มีความเป็นตัวเอง', '0', '3', 'C2', '2', 'D1', '0', '3', '1', '0'),
(623, 126, 'G1', '001227', 'B2', 'เป่าขลุ่ยสนุกมากครับ', '2', '2', 'C2', '2', 'D2', '2', '3', '1', '0'),
(624, 127, 'G1', '001331', 'B1', 'ถูกใจ', '2', '2', 'C3', '1', 'D2', '2', '2', '0', '0'),
(625, 128, 'G1', '001222', 'B7', 'มีงานให้ทำ3ชิ้น งานกลุ่ม+งานเดี่ยว เรียนง่าย ', '2', '2', 'C3', '0', 'D2', '1', '1', '1', '0'),
(626, 129, 'G1', '001238', 'B4', 'อาจารย์สอนดีแต่สอนเอื่อยนิดนึง มีเช็คชื่อถ้าจำไม่ผิด มีงานเดี่ยวและงานกลุ่ม อาจารย์สุ่มถามบ่อย', '2', '2', 'C2', '2', 'D2', '1', '2', '1', '0'),
(627, 130, 'G1', '001241', 'B1', 'สนุกมากกกกกด ', '2', '1', 'C3', '2', 'D2', '0', '3', '0', '0'),
(628, 131, 'G1', '001226', 'B1', 'เรียนง่าย', '2', '2', 'C3', '2', 'D2', '2', '2', '1', '0'),
(629, 132, 'G1', '001241', 'B4', 'ดีใจด้วยนะ', '3', '3', 'C5', '2', 'D1', '1', '3', '2', '0'),
(630, 133, 'G1', '001226', 'B4', 'สนุกมาก เรียนง่าย ลุกนั่งสบาย', '2', '2', 'C2', '2', 'D2', '0', '2', '1', '0'),
(631, 134, 'G1', '001227', 'B2', 'ดี', '0', '0', 'C3', '2', 'D1', '0', '2', '1', '0'),
(632, 135, 'G1', '001226', 'B2', 'มีเช็คชื่อทุกคาบ แต่เข้าเรียนครบก็ให้เกรดง่าย มีนำเสนอ', '2', '2', 'C3', '2', 'D2', '2', '2', '1', '0'),
(633, 137, 'G1', '001226', 'B4', 'เรียนตอนปี 1 ทำให้มีคอนเทคกับเพื่อนเพราะมีงานกลุ่มให้ทำ ', '2', '1', 'C3', '2', 'D2', '1', '2', '1', '0'),
(634, 138, 'G1', '001226', 'B3', 'ได้ประสบการณ์ใช้วิถีชีวิตมากขึ้น', '2', '1', 'C2', '2', 'D2', '1', '2', '1', '0'),
(635, 140, 'G1', '001238', 'B2', 'รู้สึกสนุก เรียนง่ายดี เก็บ A ง่ายด้วย', '2', '3', 'C3', '1', 'D2', '1', '2', '1', '0'),
(636, 141, 'G1', '001227', 'B3', 'สนุกดีนะคับอาจาร์ยเป็นกันเองเฮฮาแต่จะยากตรงที่ต้องจำโน๊ตเป่าขลุ่ย', '1', '3', 'C3', '2', 'D3', '0', '3', '1', '0'),
(637, 142, 'G1', '001228', 'B1', 'งานกลุ่มเยอะ ไม่ได้ทำงานอดิเรกตัวเองแต่ต้องเรียนงานอดิเรกของอาจารย์', '3', '2', 'C3', '2', 'D1', '1', '2', '0', '1'),
(638, 143, 'G1', '001276', 'B1', 'รู้สึกสบายใจ เรียนสนุก', '1', '2', 'C3', '1', 'D3', '0', '2', '1', '1'),
(639, 144, 'G1', '001228', 'B1', 'สนุกได้ความรู้เพิ่ม', '3', '1', 'C4', '2', 'D1', '2', '2', '1', '0'),
(640, 145, 'G1', '001228', 'B1', 'สนุกดีค่ะ', '2', '2', 'C3', '2', 'D2', '0', '3', '1', '0'),
(641, 146, 'G1', '001226', 'B1', 'สบายใจ อาจารย์ใจดี เรียนง่าย เก็บเอง่าย', '1', '1', 'C0', '1', 'D3', '1', '2', '0', '1'),
(642, 147, 'G1', '001224', 'B1', 'ส่วนตัวเป็นคนชอบศิลปะ รายวิชาดังกล่าวที่ได้เรียนทำให้สนุก แต่มีเนื้อหาบรรยายที่ค่อนข้างน่าเบื่อ', '1', '2', 'C3', '1', 'D3', '2', '1', '1', '0'),
(643, 148, 'G1', '001242', 'B1', 'รู้สึกว่ายากสำหรับคนที่ไม่ค่อยกล้าแสดงออกเป็นเรื่องที่ท้าทายพอสมควรเนื้อหาแต่ละเทอมอาจไม่เหมือนกันแต่ยากแน่นอน', '3', '0', 'C0', '2', 'D1', '2', '3', '1', '1'),
(644, 149, 'G1', '001241', 'B1', 'รู้สึกดี เพราะอาจารย์สอนชิวมากๆ สอบง่าย แต่ก็สอนเข้าใจ', '2', '2', 'C2', '2', 'D2', '1', '3', '1', '0'),
(645, 150, 'G1', '001227', 'B1', 'วิชานี้ชิวเลยอาจารย์ใจดีมากๆ เรียนสบายๆเนื้อหาไม่ยากข้อสอบก็ง่ายๆ เช็คชื่อผ่านลิ้งค์', '1', '2', 'C3', '2', 'D3', '0', '3', '0', '0'),
(646, 151, 'G1', '001222', 'B1', 'ได้ความรู้เรื่องการปรับตัวให้เข้ากับสังคมและการเป็นพลเมืองโลก', '2', '2', 'C3', '1', 'D2', '1', '2', '0', '1'),
(647, 152, 'G1', '001222', 'B2', 'เรียนชิวๆมีงานกลุ่มให้ทำเพื่อเก็บคะแนนข้อสอบง่ายออกตามที่เรียนอาจารย์สอนเข้าใจง่าย', '1', '1', 'C3', '1', 'D3', '0', '2', '0', '0'),
(648, 153, 'G1', '001221', 'B1', 'เรียนง่าย ชิวๆ ได้ทักษะเกี่ยวสารสนเทศเยอะมาก อาจารย์ใจดี มีงานให้ทำทุกสัปดาห์แต่เป็นงานชิวๆ', '1', '2', 'C3', '1', 'D3', '0', '2', '1', '0'),
(649, 154, 'G1', '001222', 'B4', 'สนุก บทเรียนสะท้อนถึงเรื่องราวในชีวิตจริงได้ชัดเจน', '2', '3', 'C3', '1', 'D2', '0', '2', '1', '0'),
(650, 155, 'G1', '001222', 'B2', 'ดีนะคะ การชี่แจ้งงานชัดเจน  มีการทบทวนเนื้อหาสอบก่อนสอบด้วย', '1', '2', 'C3', '0', 'D3', '0', '2', '1', '0'),
(651, 156, 'G1', '001222', 'B1', '-', '1', '1', 'C3', '0', 'D3', '0', '1', '1', '0'),
(652, 157, 'G1', '001222', 'B2', 'สนุกได้เกรดง่าย เหมาะกับการเก็บA', '1', '1', 'C5', '1', 'D3', '0', '2', '1', '0'),
(653, 158, 'G1', '001222', 'B1', 'ได้ความรู้ไปพัฒนาตนเองและรู้เกี่ยวกับสังคม', '3', '1', 'C3', '0', 'D1', '0', '2', '0', '0'),
(654, 159, 'G1', '001222', 'B1', 'สนุกทำงานกับเพื่อนใหม่ๆ', '2', '2', 'C3', '0', 'D2', '0', '2', '1', '0'),
(655, 160, 'G1', '001222', 'B3', 'ก็เรียนสนุกดีค่ะ มีรายงานกลุ่ม มีงานเดี่ยว ', '3', '1', 'C3', '0', 'D1', '0', '3', '2', '0'),
(656, 161, 'G1', '001228', 'B1', 'เรียนเช้าเกินไป๊🥺', '3', '2', 'C3', '2', 'D1', '2', '2', '1', '0'),
(657, 162, 'G1', '001226', 'B3', '-', '2', '0', 'C1', '2', 'D2', '2', '1', '1', '0'),
(658, 163, 'G1', '001226', 'B1', 'ผมมีความรู้สึกว่ารายวิชานี้มีความหลากหลายของประเด็นด้านเนื้อหา ซึ่งเกี่ยวข้องกับวิถีชีวิตและบริบทที่พบในปัจจุบัน เป็นความรู้ที่มีประโยชน์ และเนื่องจากลงทะเบียนรายวิชานี้ตอนชั้นปีที่ 1 จึงได้เปิดประสบการณ์การทำชิ้นงานกับผู้คนในสังคมที่กว้างขึ้น สำหรับผมแล้วเป็นรายวิชาที่ไม่เครียดมากนัก', '1', '2', 'C3', '2', 'D3', '1', '3', '0', '0'),
(659, 164, 'G1', '001227', 'B1', 'สนุกมาก เรียนๆเล่นๆยังไงก็ได้เอ', '1', '2', 'C3', '2', 'D3', '0', '3', '1', '0'),
(660, 165, 'G1', '001227', 'B1', 'อาจารย์สอนสอดแทรกในหลายๆเรื่อง ไม่สอนพูดยาวๆ นิสิตเรียนกับอาจารย์มีแต่เสียงหัวเราะ', '1', '3', 'C3', '2', 'D3', '0', '2', '1', '0'),
(661, 166, 'G1', '001221', 'B1', 'วิชานี้สนุกมาก งานมีไม่เยอะให้คะเเนนง่าย', '2', '2', 'C3', '0', 'D2', '0', '2', '1', '0'),
(662, 167, 'G1', '001227', 'B2', 'สนุก', '2', '1', 'C2', '2', 'D2', '1', '2', '1', '0'),
(663, 168, 'G1', '001227', 'B2', 'เรียนไม่ยากมาก อาจารย์สอนสนุก', '0', '2', 'C3', '2', 'D1', '0', '2', '1', '0'),
(664, 169, 'G1', '001222', 'B2', 'ถ้าเป็นคนชอบฟังบรรยายน่าจะชอบอาจารย์จะเปลี่ยนมาแต่ละสัปดาห์ฟังเพลินๆก็สนุกดีแต่เนื้อหากว้างมาก', '1', '1', 'C3', '0', 'D3', '0', '2', '1', '0'),
(665, 171, 'G1', '001227', 'B1', 'สนุกสนาน อาจารย์มีความเป็นกันเอง', '2', '2', 'C2', '2', 'D2', '1', '2', '0', '0'),
(666, 172, 'G1', '001222', 'B2', 'สนุกดีค่ะ ไม่มีเช็คชื่อ หนักตอนสอบหน่อย', '2', '2', 'C3', '0', 'D2', '0', '3', '2', '0'),
(667, 173, 'G1', '001226', 'B2', 'ชิวๆค่ะ แต่ก็ต้องมีความรู้รอบตัวพอสมควร', '3', '2', 'C5', '1', 'D1', '2', '3', '1', '1'),
(668, 174, 'G1', '001227', 'B9', 'อาจารย์ผู้สอนสอนดี มีความสุข', '2', '1', 'C7', '2', 'D2', '1', '1', '1', '0'),
(669, 175, 'G1', '001241', 'B1', 'อาจารย์ใจดี ข้อสอบง่ายมากๆ แนะนำ ไม่ต้องเรียนบ่อย งานกลุ่มก็ง่าย', '2', '2', 'C2', '0', 'D2', '3', '3', '0', '0'),
(670, 176, 'G1', '001221', 'B1', 'เนื้อหาก็เยอะอยู่นะ เกี่ยวกับการจัดการข้อมูลในห้องสมุด เน้นความเข้าใจวิเคราะห์อยู่เหมือนกัน', '0', '3', 'C3', '2', 'D1', '0', '2', '1', '0'),
(671, 177, 'G1', '001227', 'B1', 'ดีค่ะ สนุก เริส', '1', '1', 'C3', '2', 'D3', '1', '3', '0', '0'),
(672, 179, 'G1', '001227', 'B1', 'สนุก มีความสุขไม่เครียดค่ะ', '1', '1', 'C3', '2', 'D3', '1', '3', '0', '0'),
(673, 181, 'G1', '001226', 'B3', 'เป็นวิชาที่ไม่ซับซ้อนเข้าใจง่าย เป็นเรื่องที่ในปัจจุบันคลุกคลีอยู่แล้ว เทคโนโลยีต่างๆในปัจจุบัน อาจจะมีความรู้ใหม่ๆ ได้ทักษะใหม่ๆบ้าง ', '2', '1', 'C3', '2', 'D2', '3', '2', '1', '0'),
(674, 182, 'G1', '001221', 'B1', 'อาจารย์คุยดีมากกกกกกสอนเข้าใจจจเก็บเอง่ายแต่ก็อย่าพลาดถ้าเข้าเรียนแน่นอนว่าทำได้และทำงานส่งทุกครั้ง', '0', '3', 'C3', '2', 'D1', '0', '3', '0', '0'),
(675, 183, 'G1', '001227', 'B1', 'รู้สึกสนุกและได้เรียนรู้เกี่ยวกับดนตรีไทยเพิ่มขึ้น', '1', '2', 'C2', '2', 'D3', '0', '3', '1', '0'),
(676, 184, 'G1', '001228', 'B1', 'ดีเลิศ', '2', '2', 'C4', '2', 'D2', '2', '3', '1', '0'),
(677, 186, 'G1', '001224', 'B1', 'เป็นวิชาได้Aง่าย ถ้าทำงานส่งครบทุกงสน งานที่สั่งก็จะมีสัปดาห์ละครั้ง ข้อสอบก็ออกนามสไลด์เลย', '1', '3', 'C3', '0', 'D3', '0', '2', '1', '0'),
(678, 187, 'G1', '001227', 'B1', 'ดีนะ อาจารย์สอนสนุกดี เกร็ดได้ไม่ยาก เก็บเอได้สบาย', '0', '2', 'C3', '2', 'D1', '0', '2', '1', '1'),
(679, 188, 'G1', '001222', 'B1', 'กว้างดี เหมือนเปิดโลกกว้างทั้งของไทย และต่างประเทศ มีให้เรียนรู้ถึงความหลากหลายทางสังคม และวัฒนธรรม มีวิทยากร มีตัวอย่างการแสดง สนุกสนาน ', '2', '2', 'C0', '2', 'D2', '0', '3', '1', '0'),
(680, 189, 'G1', '001227', 'B2', 'ได้เล่นดนตรีไทย', '1', '2', 'C5', '1', 'D3', '2', '3', '1', '0'),
(681, 190, 'G1', '001222', 'B4', 'ชอบรู้สึกเข้าใจง่าย', '2', '1', 'C3', '0', 'D2', '0', '2', '0', '0'),
(682, 193, 'G1', '001241', 'B1', 'สนุกค่ะสนุกมากกก', '1', '2', 'C6', '2', 'D3', '0', '2', '1', '0'),
(683, 194, 'G1', '001238', 'B4', 'สนุกยุคับ', '1', '3', 'C3', '0', 'D3', '0', '2', '1', '0'),
(684, 195, 'G1', '001276', 'B1', 'วิชานึ้ค่อนข้างง่าย ไม่ต้องเข้าเรียน แต่จะมีวิดีโอให้ ใน1อาทิตย์จะมีตอบคำถามง่ายๆ ', '0', '3', 'C3', '0', 'D1', '0', '1', '0', '1'),
(685, 196, 'G1', '001222', 'B2', 'สนุกดีค่ะ ไม่มีเช็คชื่อ แต่ว่ามีงานกลุ่มมม', '3', '2', 'C3', '0', 'D1', '0', '3', '0', '0'),
(686, 197, 'G1', '001222', 'B2', 'สอนละเอียดอธิบายเข้าใจ ', '1', '3', 'C5', '1', 'D3', '0', '3', '0', '0'),
(687, 198, 'G1', '001227', 'B1', 'สนุก อาจารย์น่ารัก เป็นกันเอง ให้เกรดไม่ยาก มีเป่าขลุ่ยด้วย ไม่กดดันในการเรียน', '2', '2', 'C3', '2', 'D2', '0', '3', '1', '0'),
(688, 199, 'G1', '001227', 'B2', 'สนุก', '2', '2', 'C2', '1', 'D2', '0', '2', '1', '0'),
(689, 200, 'G1', '001227', 'B1', 'ดี', '3', '3', 'C1', '2', 'D1', '2', '3', '2', '1'),
(690, 201, 'G1', '001227', 'B2', 'เข้าทุกคาบ เช็คชื่อ และเป่าขลุ่ย', '1', '3', 'C3', '2', 'D3', '1', '2', '0', '0'),
(691, 202, 'G1', '001332', 'B2', 'ต้องมีความเข้าใจกับข้อมูลดิจิตอล', '2', '2', 'C3', '1', 'D2', '1', '3', '1', '0'),
(692, 203, 'G1', '001226', 'B2', 'ความด้านการใช้เทคโนโลยี และ การคิดค้นนวัตกรรมหรือเทคโนโลยีใหม่ๆ', '3', '2', 'C3', '0', 'D1', '0', '2', '1', '0'),
(693, 205, 'G1', '001224', 'B2', 'งานเยอะไปหน่อย แต่ว่าเป็นวิชาที่ได้ใช้ทักษะงานฝีมือ บางงานก็สนุก เช่น วาดรูป ', '2', '3', 'C3', '2', 'D2', '0', '3', '1', '0'),
(694, 206, 'G1', '001221', 'B3', 'อาจารย์สอนดี เนื้อหาเข้าใจง่าย', '1', '2', 'C3', '2', 'D3', '0', '1', '0', '0'),
(695, 207, 'G1', '001226', 'B4', 'ก็โอเคค่ะ แต่รู้สึกว่าไม่ค่อยถนัดสายนี้เท่าไหร่ค่ะ', '1', '2', 'C3', '0', 'D3', '1', '2', '1', '0'),
(696, 208, 'G1', '001222', 'B2', 'มีให้ทำโปสเตอร์และรายงานเองเป็นกลุ่มโดยกำหนดหัวข้อที่สนใจให้สอดคล้องกับสิ่งที่เรียน และวิพากษ์เนื้อหาในเพลง มีความเป็นมนุษย์ที่ให้ความสำคัญในสิ่งที่ตนประดิษฐ์ มีความพื้นฐานมากๆ ', '2', '2', 'C3', '0', 'D2', '0', '2', '0', '0'),
(697, 209, 'G1', '001228', 'B1', 'เกรดAง่ายๆ งานชิวๆทำในคาบ', '3', '1', 'C4', '2', 'D1', '0', '3', '1', '0'),
(698, 210, 'G1', '001227', 'B1', 'เรียนสบายๆ เนื้อหาที่เรียนไม่ยากเป็นเรื่องที่เรียนมาตั้งแต่มัธยม', '1', '1', 'C3', '2', 'D3', '0', '3', '0', '0'),
(699, 211, 'G1', '001253', 'B2', 'มีความสุขมาก', '2', '2', 'C3', '1', 'D2', '1', '3', '1', '0'),
(700, 212, 'G1', '001226', 'B3', 'อาจารย์สอนดีีค่ะเนื้อหาเข้าใจง่าย ', '2', '1', 'C3', '2', 'D2', '2', '2', '1', '0'),
(701, 213, 'G1', '001222', 'B3', 'สนุก งานง่าย', '3', '2', 'C3', '0', 'D1', '0', '1', '0', '1'),
(702, 214, 'G1', '001222', 'B2', 'ดีอยู่', '2', '1', 'C3', '0', 'D2', '0', '0', '2', '0'),
(703, 215, 'G1', '001222', 'B3', 'เป็นประโยชน์ต่อการประยุกต์ใช้ในชีวิตประจำวัน', '3', '1', 'C3', '1', 'D1', '0', '2', '1', '0'),
(704, 216, 'G1', '001241', 'B2', 'ข้อสอบยากมากมิดเทอม ข้อสอบง่ายมากปลายภาค', '1', '0', 'C3', '0', 'D3', '3', '3', '2', '0'),
(705, 218, 'G1', '001222', 'B1', 'การสอนในรายวิชานี้รู้สึกว่าสอนได้เข้าใจและได้มองเห็นถึงภาษาสังคมและวัฒนธรรมได้อย่างหลากหลาย', '2', '2', 'C3', '2', 'D2', '1', '3', '1', '0'),
(706, 219, 'G1', '001226', 'B3', 'ได้รู้จักเพื่อนคณะอื่น มีการแลกเปลี่ยนความคิด และช่วยกันทำงานจนผ่านวิชานี้มาได้', '3', '2', 'C3', '1', 'D1', '2', '2', '1', '0'),
(707, 220, 'G1', '001227', 'B1', 'เอ็นจอยมาก อาจารย์สอนสนุกมีงานกลุ่มใหญ่1งาน กลุ่มละ100กว่าคนเลย ตัวงานก็คือให้เป่าขลุ่ยซึ่งไม่ยากนะอาจารย์สอนทุกโน๊ต มีงานเดี่ยวส่งท้ายเทอมคือแบบฝึกท้ายบทในหนังสือ(เขามีหนังสือให้ซื้อด้วยนะราคา200กว่าๆ)*เช็คชื่อทุกคาบต้องเช็คในห้องนะเขาตรวจตำแหน่งที่ตั้ง*', '1', '2', 'C3', '2', 'D3', '0', '3', '0', '0'),
(708, 221, 'G1', '001238', 'B1', 'สนุก', '2', '2', 'C3', '2', 'D2', '2', '2', '1', '0'),
(709, 224, 'G1', '001222', 'B1', 'สอนเหมือนมาพูดชวนให้นักศึกษาจินตนาการหลังได้ความรู้', '1', '2', 'C3', '1', 'D3', '2', '2', '0', '1'),
(710, 225, 'G1', '001238', 'B3', 'เรียนสนุก ได้ความรู้ที่นำไปใช้ได้จริง', '1', '3', 'C3', '2', 'D3', '0', '3', '1', '0'),
(711, 226, 'G1', '001226', 'B1', 'อาจารย์ผู้สอนใจดีมากกก เรียนสนุกแต่แอบมีงานในชั่วโมงเรียนบ่อย', '3', '1', 'C4', '2', 'D1', '0', '3', '1', '0'),
(712, 227, 'G1', '001222', 'B1', 'สอนดี ง่ายเยอะ ', '1', '2', 'C3', '0', 'D3', '0', '1', '1', '0'),
(713, 228, 'G1', '001227', 'B1', 'รู้สึกดีใจที่ได้เรียน เพราะอาจารย์ใจดีและยังได้ทักษะการใช้เครื่องดนตรีด้วย', '1', '1', 'C3', '2', 'D3', '0', '3', '1', '0'),
(714, 229, 'G1', '001228', 'B1', 'ตอนแรกนึกว่าจะจอยๆ ให้เราทำงานอดิเรกของเรา ความสุขเรางี้ แต่สรุปคือเรียนงานอดิเรกของอาจารย์ทุกคนที่เวียนมาสอน ละทดลองทำงานนั้นๆจริง ตัวรายวิชาอะไม่ยาก ยากที่เรียนเช้า นอยอยู่นะ ', '3', '3', 'C4', '2', 'D1', '0', '3', '0', '0'),
(715, 230, 'G1', '001226', 'B1', 'สนุกดี มีงานกลุ่มแค่2งาน เกี่ยวกับการท่องเที่ยวละก็มีเช็คชื่อผ่านคิวอาร์โค้ดในกลุ่ม ข้อสอบก็ง่ายหน่อย และมีเนื้อหาอีกมากมาย รวมๆแล้วก็สนุกดี', '1', '1', 'C2', '2', 'D3', '1', '2', '1', '0'),
(716, 231, 'G1', '001224', 'B1', 'ไม่มีเช็คชื่อ เป็นวิชาที่เก็บaง่ายแต่คะแนนส่วนใหญ่จะคิดจากงาน มีงานเกือบทุกอาทิตย์แต่ถ้าทำงานตรงโจทย์ออกมาดีก็ได้คะแนนเยอะ ส่งเลทได้นิดหน่อย แต่สำหรับนิสิตที่เรียนคณะสถาปัตย์จะเหมือนมีงานคณะเพิ่มมาอีกตัว เนื้อหาข้อสอบมีตามสไลด์ของอาจารย์เลย', '1', '1', 'C3', '0', 'D3', '0', '2', '1', '0'),
(717, 232, 'G1', '001253', 'B6', 'ใครที่สนใจเกี่ยวกับสร้างธุรกิจเป็นของตัวเองหรือสนใจในเรื่องการวางแผนธุรกิจแนะนำเลยค่ะ', '3', '1', 'C3', '1', 'D1', '2', '3', '1', '0'),
(718, 233, 'G1', '001226', 'B1', 'ให้งานกลางๆ งานกลุ่มใหญ่ 1 งาน อาจารย์ใจดี พยายามส่งงานให้ครบก็เก็บ A ง่ายมาก', '1', '2', 'C3', '2', 'D3', '1', '1', '0', '0'),
(719, 234, 'G1', '001227', 'B1', 'สนุก', '2', '3', 'C2', '2', 'D2', '1', '3', '1', '0'),
(720, 235, 'G1', '001222', 'B5', 'สนุก งานง่าย ', '2', '2', 'C3', '0', 'D2', '0', '2', '1', '1'),
(721, 236, 'G1', '001222', 'B4', 'สนุก ', '1', '2', 'C3', '0', 'D3', '0', '2', '0', '0'),
(722, 237, 'G1', '001228', 'B1', 'สนุกและเข้าใจง่าย ได้ลองทำงานที่ไม่เคยทำถือได้ว่าเป็นการได้เปิดโอกาสให้ตัวเองได้ลองทำสิ่งใหม่ๆ', '2', '2', 'C4', '2', 'D2', '2', '3', '1', '1'),
(723, 238, 'G1', '001222', 'B2', 'รู้สึกเรียลชิลๆ ไม่เข้าก็ได้', '1', '1', 'C3', '0', 'D3', '0', '2', '1', '0'),
(724, 239, 'G1', '001227', 'B1', 'วิชานี้สนุกมาก อาจารย์เป็นกันเอง อารมณ์ขัน สั่งงานง่ายๆ ข้อสอบออกตามที่สอน เข้าเรียนแล้วมีความสุข ', '2', '2', 'C3', '2', 'D2', '2', '3', '1', '0'),
(725, 240, 'G1', '001226', 'B1', 'ได้รับความรู้จากการใช้งานในแอฟพลิเคชั่นต่างๆ ช่วยในการทำงานวางแผนภายในอนาคต', '2', '0', 'C5', '2', 'D2', '2', '3', '1', '0'),
(726, 241, 'G1', '001226', 'B1', 'วิชานี้แนะนำให้เลือกกลุ่มดีๆ เพราะว่ามักจะมีเพื่อนที่มาเกาะกลุ่มเพื่อคะแนน ​แต่พอมีปัญหาจริงๆ​แนะนำให้ถามอาจารย์หรือปรึกษาอาจารย์ได้​เพราะจากที่เคยเรียนวิชานี้​เพื่อนไม่เคยช่วยเหลืออะไรเลย​จึงได้ทำการปรึกษาอาจารย์ อาจารย์ให้เราทำกันเท่าที่มีแทน และได้หักคะแนนเพื่อนๆ', '2', '1', 'C3', '2', 'D2', '1', '3', '0', '0'),
(727, 242, 'G1', '001222', 'B3', 'รู้สึกเรียนง่ายอยู่แต่ถ้าอยากได้เกรดเยอะต้องสอบให้ได้', '2', '1', 'C3', '0', 'D2', '0', '2', '1', '0'),
(728, 243, 'G1', '001228', 'B1', 'สนุกได้ความรู้', '3', '0', 'C4', '2', 'D1', '2', '2', '1', '0'),
(729, 244, 'G1', '001222', 'B4', '-', '0', '2', 'C2', '0', 'D1', '0', '2', '1', '0'),
(730, 245, 'G1', '001226', 'B4', 'รู้สึกแปลกใหม่ในช่วง ปี1 เพราะ มีอาจารย์สอนหลายคน ทำให้การเรียนนั้นไม่ซ้ำกันมากนัก', '2', '2', 'C3', '1', 'D2', '2', '2', '0', '1'),
(731, 246, 'G1', '001226', 'B4', 'เอาตรงๆผมก็จำไม่ได้ว่าตอนนั้นเวลาเรียนรู้สึกอย่างไร แต่เนื้อหามีประโยชน์อยู่บ้าง', '1', '2', 'C3', '1', 'D3', '2', '2', '1', '1'),
(732, 247, 'G1', '001222', 'B2', 'รู้สึกได้ความรู้เข้าใจง่าย', '2', '2', 'C3', '0', 'D2', '0', '2', '0', '0'),
(733, 248, 'G1', '001331', 'B1', 'ได้รู้จักเพื่อนเยอะมากๆ ฝึกความสามัคคี', '2', '2', 'C1', '2', 'D2', '2', '2', '1', '0'),
(734, 249, 'G1', '001332', 'B1', 'เก็บเกรดง่ายอาจารย์ก็ใจดี ปล่อยไว มีทำworkshop เบื้องต้น', '2', '2', 'C3', '1', 'D2', '0', '2', '1', '0'),
(735, 250, 'G1', '001227', 'B1', 'อาจารย์ใจดีมากๆ เป็นกันเอง เรียนสบาย ได้ความรู้ ได้กลับมาจับขลุ่ยทั้งที่ไม่ได้จับมาสักพักแล้ว รู้สึกไม่เครียดไม่กดดันเลย ส่วนคะแนนถ้าตั้งใจเรียนตั้งใจฟังมาเข้าเรียนให้ครบก็ได้ A แล้ว', '1', '3', 'C3', '2', 'D3', '1', '3', '1', '0'),
(736, 251, 'G1', '001222', 'B1', 'สบายม้ากกกกกกก เนื้อหาออกสอบทั่วไปแบบที่เรารู้อยู่แล้ว เรื่องภาษาสังคมและวัฒนธรรม ไม่หนักสมอง', '1', '2', 'C3', '0', 'D3', '0', '2', '0', '0'),
(737, 252, 'G1', '001222', 'B3', 'ดีค่ะ แต่คะแนนให้ยาก คะแนนคือไม่ปัดเรย ', '2', '1', 'C3', '1', 'D2', '0', '0', '1', '0'),
(738, 253, 'G1', '001226', 'B3', 'ค่อนข้างยาก ข้อสอบอยู่ในสไลด์', '1', '3', 'C2', '0', 'D3', '0', '3', '1', '0'),
(739, 254, 'G1', '001227', 'B1', 'สนุกสนาน ไม่เครียด ร้องเพลง', '1', '1', 'C3', '2', 'D3', '0', '3', '1', '0'),
(740, 255, 'G1', '001222', 'B6', 'ยากมาก', '2', '3', 'C3', '0', 'D2', '0', '1', '1', '1'),
(741, 256, 'G1', '001222', 'B3', 'รู้สึกว่าถ้าฟังก็รู้เรื่อง ไม่ได้ยากมากแต่เยอะ', '2', '1', 'C3', '0', 'D2', '0', '2', '1', '0'),
(742, 257, 'G1', '001227', 'B1', 'รู้สึกตื่นเต้นได้ทำอะไรใหม่ๆได้ลองเป่าคลุยลองทำงานเป็นกลุ่มใหญ่ๆ100กว่าคน', '1', '1', 'C2', '2', 'D3', '0', '3', '1', '0'),
(743, 259, 'G1', '001222', 'B1', 'สนุกสนาน ได้ความรู้ใหม่ๆ', '1', '2', 'C3', '1', 'D3', '0', '2', '1', '0'),
(744, 260, 'G1', '001227', 'B1', 'รู้สึกสนุก อาจารย์สอนเข้าใจ และไม่เครียด', '1', '3', 'C3', '0', 'D3', '0', '2', '1', '0'),
(745, 262, 'G1', '001222', 'B3', 'ไม่โอเคกับคะแนนและงานที่ให้ทำ', '1', '0', 'C3', '0', 'D3', '0', '0', '1', '0'),
(746, 263, 'G1', '001227', 'B1', 'สนุกมากกก อาจารย์มีอารมณ์ขัน ซึ่งทำให้บรรยากาศการเรีบนสนุกมากขึ้น นิสิตท่านใดที่ต้องการวิชาที่เบาสมองและยังได้ความรู้เกี่ยวกับดนตรีไทยในชีวิตประจำวันก็สามารถลงเรียนได้', '1', '2', 'C3', '2', 'D3', '0', '3', '1', '0'),
(747, 264, 'G1', '001224', 'B3', 'วาดรูป ออกแบบ', '3', '2', 'C2', '0', 'D1', '1', '1', '1', '0'),
(748, 265, 'G1', '001224', 'B4', 'สนุกกับการวาดรูป', '3', '3', 'C3', '0', 'D1', '0', '3', '1', '0'),
(749, 266, 'G1', '001228', 'B1', 'รู้สึกว่าเป็นวิชาที่ชิว เหมาะกับการเก็บAค่ะ แต่ก็ต้องลุ้นเอาว่าจะได้กลุ่มดีหรือไม่ดีเพราะว่าเลือกกลุ่มเองไม่ได้ น่าจะจัดกลุ่มกับเรียงเลขที่ตามคณะ', '3', '1', 'C4', '2', 'D1', '1', '3', '0', '0'),
(750, 267, 'G1', '001332', 'B1', 'วิชาค่อยข้างโอเคเนื้อหาไม่ยากมากมีงานใหญ่1งานไม่ยากมาก', '3', '0', 'C3', '1', 'D1', '0', '2', '1', '0'),
(751, 268, 'G1', '001276', 'B1', 'รู้สึกดีมากค่ะ ชิวๆมาก เรียนไม่เครียด', '2', '3', 'C3', '1', 'D2', '0', '2', '1', '1'),
(752, 269, 'G1', '001253', 'B1', 'รู้สึกนำความรู้ไปประยุกต์ใช้ได้ดีกับสาขา', '3', '1', 'C3', '2', 'D1', '0', '3', '1', '0'),
(753, 270, 'G1', '001238', 'B1', 'ก็ดีครับ', '3', '1', 'C3', '1', 'D1', '2', '2', '1', '0'),
(754, 271, 'G1', '001226', 'B3', 'เป็นวิชาที่เรียนง่าย', '2', '1', 'C3', '2', 'D2', '1', '1', '1', '0'),
(755, 272, 'G1', '001222', 'B5', 'ค่อนข้างไม่รู้เรื่อง', '3', '0', 'C3', '0', 'D1', '3', '0', '2', '0'),
(756, 273, 'G1', '001227', 'B1', 'สนุกดีครับ', '1', '2', 'C3', '2', 'D3', '2', '3', '0', '0'),
(757, 274, 'G1', '001222', 'B2', 'วิชาดึงเกรด ออกข้อสอบยาก', '1', '2', 'C3', '0', 'D3', '0', '0', '2', '0'),
(758, 275, 'G1', '001226', 'B2', 'ประทับใจในการสอนละการใช้สื่อ', '1', '2', 'C3', '1', 'D3', '1', '1', '0', '0'),
(759, 276, 'G1', '001224', 'B3', 'งานเดี่ยวเยอะมาก เป็นศิลปะที่ครอบคลุมแทบจะทุกอย่าง มีงานกลุ่มแต่มีแค่งานเดียว น่าเบื่อหน่อย ถ้าชอบก็ถือว่าโอเค ไม่ขี้เกียจก็พอ', '1', '3', 'C2', '0', 'D3', '0', '2', '1', '0'),
(760, 277, 'G1', '001227', 'B1', 'เรียนสบายๆ อาจารย์อารมณ์ดี มีส่งแบบฝึกหัด มีสอบเป่าขลุ่ย มีสอบกลางภาค-ปลายภาค แต่แนวข้อสอบเหมือนที่สอนในห้อง ไม่เครียดมาก เก็บAง่าย', '3', '1', 'C3', '0', 'D1', '1', '2', '0', '0'),
(761, 278, 'G1', '001227', 'B1', 'สนุกมากได้ลองทำอะไรใหม่ๆ', '1', '2', 'C3', '2', 'D3', '2', '3', '1', '0'),
(762, 280, 'G1', '001227', 'B1', 'สนุกมาก', '2', '1', 'C3', '1', 'D2', '0', '3', '1', '0'),
(763, 282, 'G1', '001227', 'B1', 'รู้สึกเรียนแล้วไม่เครียด อาจารย์สอนสนุกเฮฮาไม่มีการสุ่มถามหรือกดดันเลย ', '1', '2', 'C3', '2', 'D3', '0', '3', '1', '0'),
(764, 283, 'G1', '001227', 'B1', 'อาจารย์เป็นคนตลก สอนสนุกดี ข้อสอบไม่ยากมากเกินไปคล้ายๆกับควิซในห้อง', '2', '1', 'C2', '2', 'D2', '1', '3', '2', '0'),
(765, 284, 'G1', '001226', 'B2', 'หากนิสิตมีความชื่นชอบในการทำงานกลุ่มก็จะทำให้การเรียนวิชานี้สนุกมากขึ้นเพราะส่วนใหญ่จะทำงานกันเป็นกลุ่ม ส่วนความรู้ที่ได้ก็สามารถนำมาปรับใช้ในชีวิตประจำวันได้ เพราะอาจารย์สอนเนื้อหาที่ทันสมัยและเข้ากับยุคปัจจุบัน', '3', '1', 'C3', '2', 'D1', '3', '3', '1', '0'),
(766, 285, 'G1', '001332', 'B2', 'ข้อสอบออกตามสไลด์เลย มีงานกลุ่ม1งานตอนปลายภาคจำไม่ได้ว่าเทอม1หรือเทอม2น่าจะเทอม2มั้ง สไลด์จะเยอะหน่อยหนึ่ง คือเราอ่ะอ่านเเล้วจำไม่ค่อยได้เเละอ่านข้ามๆก็เลยสอบได้น้อย เเละงานกลุ่มก็ถ้าได้กลุ่มดีก็คือดีเลย ไม่ยากๆ', '1', '2', 'C3', '2', 'D3', '0', '3', '1', '0'),
(767, 286, 'G1', '001226', 'B1', 'เป็นวิชาที่น่าสนใจ  สนุกได้ใช้ความคิด', '2', '1', 'C3', '2', 'D2', '0', '2', '1', '0'),
(768, 288, 'G1', '001226', 'B5', 'ก็พอเรียนได้ ต้องทบทวนเวลาสอบ', '1', '2', 'C3', '2', 'D3', '1', '2', '1', '0'),
(769, 289, 'G1', '001222', 'B2', 'รู้สึกว่าน่าเบื่อบ้างตอนเรียน', '3', '3', 'C3', '0', 'D1', '0', '3', '1', '0'),
(770, 290, 'G1', '001331', 'B1', 'รู้สึกสนุกและได้ความรู้ ได้ทำกิจกรรมพร้อมเพื่อนต่างคณะ', '2', '2', 'C1', '2', 'D2', '0', '2', '0', '0'),
(771, 292, 'G1', '001331', 'B1', 'ส่วนตัวรู้สึกว่าวิชานี้ดีมากๆ เพราะไม่มีสอบกลางภาคเเละปลายภาค ทำงานส่งเรื่อยๆ ส่วนใหญ่เป็นงานเดี่ยว มีงานกลุ่มครั้งเดียว มีเช็คชื่อทุกคาบต้องพยายามเข้าเรียนให้ทัน เนื้อหาที่เรียนก็ไม่ได้ยากมาก', '1', '3', 'C0', '2', 'D3', '0', '2', '1', '0'),
(772, 293, 'G1', '001227', 'B1', 'สนุก', '1', '1', 'C3', '2', 'D3', '1', '3', '0', '0'),
(773, 294, 'G1', '001226', 'B3', 'เฉยๆ', '1', '2', 'C3', '1', 'D3', '0', '2', '1', '1'),
(774, 295, 'G1', '001227', 'B1', 'เรียนสนุก', '0', '2', 'C2', '1', 'D1', '0', '3', '1', '0'),
(775, 296, 'G1', '001226', 'B3', 'รู้สึกเรียนง่ายแต่ไม่มีงานกลุ่มเยอะมาก', '3', '1', 'C3', '2', 'D1', '3', '2', '1', '1'),
(776, 297, 'G1', '001224', 'B2', 'สนุก เรียนไม่เครียด', '2', '3', 'C3', '2', 'D2', '0', '3', '0', '0'),
(777, 298, 'G1', '001227', 'B1', 'รู้สึกสนุก อาจารย์ตลก เรียนง่าย อาจารย์บอกแนวข้อสอบตรง มีสอบเป่าขลุ่ย แต่ง่าย', '2', '3', 'C2', '2', 'D2', '2', '3', '1', '0'),
(778, 299, 'G1', '001331', 'B1', 'เรียนชิว งานกลุ่มเยอะ', '3', '1', 'C0', '1', 'D1', '3', '2', '1', '0'),
(779, 300, 'G1', '001331', 'B1', 'มีงานกลุ่มเยอะ เรียนสนุก', '3', '1', 'C0', '1', 'D1', '3', '3', '1', '0'),
(780, 301, 'G1', '001227', 'B1', 'เรียนสนุก อาจารย์น่ารัก', '2', '3', 'C2', '2', 'D2', '2', '1', '1', '0'),
(781, 302, 'G1', '001222', 'B5', 'สนุก..จารชิวๆเข้าเรียนหรือไม่เข้าเรียนกะได้', '2', '2', 'C3', '0', 'D2', '1', '1', '1', '0'),
(782, 303, 'G1', '001221', 'B3', 'ดีค่ะ ได้เรียนรู้ได้ใ้ในชีวิตจริง', '0', '2', 'C2', '2', 'D1', '0', '3', '1', '0'),
(783, 304, 'G1', '001227', 'B2', 'ดีครับ สนุก', '1', '2', 'C2', '2', 'D3', '1', '2', '1', '0'),
(784, 305, 'G1', '001226', 'B2', 'ดีครับ', '2', '1', 'C5', '2', 'D2', '2', '3', '1', '0'),
(785, 306, 'G1', '001331', 'B1', 'เป็นวิชาที่ได้ A ง่ายได้ความรู้เยอะ', '1', '3', 'C1', '2', 'D3', '0', '2', '0', '0'),
(786, 307, 'G1', '001332', 'B1', 'อาจารย์คนสอนช่วง midterm จะเน้น ทฤษฎีเป็นหลัก ปานกลาง ส่วน ช่วง final จะเน้นไปทางอ่านกลุ่มเป็นหลัก (มีงานเดี่ยวเล็กน้อย) อาจารย์สอนดีทั้งคู่ ทั้งอาจารย์ midterm และ final ', '2', '2', 'C2', '2', 'D2', '0', '2', '1', '0'),
(787, 308, 'G1', '001276', 'B1', 'รู้สึกดีและเกรดดีมากครับ', '2', '3', 'C3', '1', 'D2', '0', '1', '1', '1'),
(788, 309, 'G1', '001227', 'B1', 'ดีค่ะ', '2', '2', 'C2', '2', 'D2', '1', '2', '1', '0'),
(789, 310, 'G1', '001227', 'B1', 'รู้สึกไม่เครียดเลย เอนจอยๆกับอาจาร์และการสอนมากๆ อาจารย์ใจดีมากไม่ดุเลย เป็นคนขำๆได้เกรดง่าย', '1', '2', 'C3', '2', 'D3', '0', '2', '0', '0'),
(790, 311, 'G1', '001238', 'B7', 'ยาก', '2', '2', 'C3', '0', 'D2', '1', '1', '2', '1'),
(791, 312, 'G1', '001227', 'B1', 'สรุป เรียนง่าย ผ่อนคลาย ได้ความรู้เรื่องดนตรี', '2', '2', 'C3', '1', 'D2', '1', '3', '1', '1'),
(792, 313, 'G1', '001227', 'B1', 'รู้สึกว่าเรียนสนุกผ่อนคลาย อาจารย์ไม่เคร่งครัดมากเกินไป ', '1', '2', 'C2', '1', 'D3', '0', '2', '1', '0'),
(793, 314, 'G1', '001222', 'B3', 'ข้อสอบไม่ค่อยดี ทีเอวีนไปหน่อยหนึ่ง ', '3', '2', 'C3', '0', 'D1', '0', '1', '2', '0'),
(794, 315, 'G1', '001227', 'B3', 'อาจารย์น่ารัก สอนดี', '1', '3', 'C2', '2', 'D3', '0', '3', '1', '0'),
(795, 316, 'G1', '001238', 'B4', 'อาจารย์น่่รำคามาก', '2', '2', 'C3', '1', 'D2', '1', '0', '0', '1'),
(796, 317, 'G1', '001241', 'B1', 'สนุกได้เรียนดนตรี', '3', '3', 'C3', '2', 'D1', '0', '3', '1', '0'),
(797, 318, 'G1', '001222', 'B1', 'สนุกค่ะ', '2', '2', 'C3', '0', 'D2', '0', '2', '1', '0'),
(798, 319, 'G1', '001226', 'B1', 'สนุก ได้ทำโครงงานเกี่ยวกับนวัตกรรมกับกลุ่มเพื่อน', '3', '2', 'C3', '1', 'D1', '3', '2', '1', '1'),
(799, 320, 'G1', '001222', 'B1', 'เฉยๆ', '2', '2', 'C3', '1', 'D2', '0', '2', '1', '0'),
(800, 321, 'G1', '001226', 'B1', 'งานกลุ่มค่อนข้างจุกจิก', '3', '1', 'C3', '2', 'D1', '2', '2', '1', '0'),
(801, 322, 'G1', '001226', 'B1', 'รู้สึกว่ารายวิชานี้สามารถนำไปใช้ในชีวิตประจำวันได้ ', '2', '1', 'C3', '1', 'D2', '3', '2', '1', '0'),
(802, 323, 'G1', '001226', 'B1', 'เข้าใจง่าย เรียนสบายๆ', '2', '1', 'C3', '1', 'D2', '1', '2', '1', '0'),
(803, 324, 'G1', '001226', 'B1', 'เน้นทำงานกลุ่มทำให้ได้เจอเพื่อนใหม่ๆ', '3', '1', 'C3', '1', 'D1', '1', '2', '0', '0'),
(804, 325, 'G1', '001227', 'B9', 'ดี', '0', '1', 'C3', '2', 'D1', '1', '1', '1', '0'),
(805, 326, 'G1', '001226', 'B9', 'ได้ทำงานกลุ่มเข้าสังคม', '3', '0', 'C3', '2', 'D1', '1', '2', '1', '0'),
(806, 327, 'G1', '001226', 'B2', 'รู้สึกว่าเรียนรู้เข้าใจง่าย ลดการบรรยายลงนิดหน่อย ลดงานกลุ่ม', '3', '1', 'C2', '2', 'D1', '2', '1', '1', '0'),
(807, 329, 'G1', '001227', 'B1', 'เก็บคะแนนง่าย อาจารย์สอนสนุก', '2', '2', 'C3', '2', 'D2', '0', '3', '0', '1'),
(808, 330, 'G1', '001226', 'B4', 'อาจารย์สอนรู้เรื่องบ้างนอกเรื่องบ้างบ่นไปบ่นมาไม่เข้าใจอยู่ดี', '2', '1', 'C3', '1', 'D2', '1', '2', '1', '0'),
(809, 331, 'G1', '001222', 'B1', 'ได้เรียนและเข้าใจมากขึ้นในด้านภาษา สังคม และวัฒนธรรม', '1', '1', 'C3', '0', 'D3', '0', '2', '1', '0'),
(810, 332, 'G1', '001241', 'B1', 'สนุกดี ได้ฝึกร้องโอเปร่า แต่สอบกลางภาคแอบยากนิดนึง', '2', '0', 'C3', '0', 'D2', '2', '3', '1', '0'),
(811, 333, 'G1', '001241', 'B1', 'ได้ร้องโอเปร่า ทำงานกลุ่มกับเพื่อนคณะอื่น สนุกๆ ไม่เช็คชื่อ', '2', '0', 'C3', '0', 'D2', '2', '3', '1', '0'),
(812, 334, 'G1', '001241', 'B1', 'สนุกกได้ร้องเพลง', '3', '0', 'C3', '0', 'D1', '2', '3', '1', '0'),
(813, 335, 'G1', '001241', 'B1', 'สนุกดี ผ่อนคลาย ร้องเพลงเล่นๆ', '3', '0', 'C3', '0', 'D1', '2', '3', '0', '0'),
(814, 336, 'G1', '001228', 'B1', 'จากตอนที่เรียนนะครับ เป็นวิชาที่ง่ายๆ เค้าจะจับกลุ่มมาให้เลยกลุ่มละ 20 คน ให้ทำงานต่างๆ ต่างต่างช่วยกัน เป็นวิชาที่สบาย ถึงชื่อวิชาจะความสุขกับงานอดิเรก แต่เป็นงานอดิเรกของอาจารย์ครับ งานย่อยต่างๆที่ให้ทำจะง่ายทำโปสการ์ด ปลูกผักอะไรแบบนี้ครับ สนุกดีครับ แต่ไม่รู้ว่าวิชานี้น้องรหัสใหม่ๆจะเป็นแบบนี้อยู่หรือเปล่านะครับ', '2', '3', 'C3', '2', 'D2', '2', '1', '0', '0'),
(815, 337, 'G1', '001227', 'B1', 'สนุกดี ได้ลองเล่นดนตรี ได้ทำงานกับเพื่อนคณะอื่น', '2', '0', 'C3', '0', 'D2', '3', '3', '0', '0'),
(816, 338, 'G1', '001222', 'B3', 'เรียนง่ายงานน้อยจารให้เกรดง่าย', '1', '2', 'C3', '0', 'D3', '0', '1', '1', '0'),
(817, 339, 'G1', '001222', 'B1', 'ก็ดี', '3', '1', 'C3', '0', 'D1', '0', '2', '1', '0'),
(818, 340, 'G1', '001332', 'B2', 'เป็นวิชาที่สอนเกี่ยวกับการใช้เทคโนโลยีในปัจจุบันให้มีความปลอดภัย และยังใช้ประโยชน์ได้สูงสุด', '2', '1', 'C3', '1', 'D2', '2', '3', '1', '0'),
(819, 341, 'G1', '001224', 'B1', 'อ.สอนสนุกดี แค่ทำงานส่งก็ได้A ถ้าคนชอบศิลปะงานจะไม่ยากมาก', '1', '3', 'C3', '2', 'D3', '0', '1', '0', '0'),
(820, 342, 'G1', '001227', 'B1', 'สอนสนุก อาจารย์ใจดีเป็นกันเอง', '1', '2', 'C2', '2', 'D3', '1', '3', '1', '0'),
(821, 343, 'G1', '001227', 'B2', 'สอนสนุก เข้าใจ ', '1', '3', 'C2', '2', 'D3', '0', '3', '1', '0'),
(822, 344, 'G1', '001227', 'B1', 'สนุกดีค่ะ อาจารณ์สอนเข้าใจง่าย มีเวลาให้ทบทวนความรู้จากที่สอนเยอะ มีการสอบปฏิบัติจริง เร่ยนไม่เครียดค่ะ', '2', '2', 'C2', '2', 'D2', '1', '3', '1', '0'),
(823, 345, 'G1', '001221', 'B1', 'รู้สึกได้ความรู้ใหม่เพิ่มมากขึ้น', '1', '3', 'C3', '2', 'D3', '1', '2', '1', '0'),
(824, 346, 'G1', '001253', 'B6', 'เหมาะกับนักธุรกิจ แต่ผมเรียนดนตรีแล้วหลงเข้าไป', '2', '2', 'C3', '1', 'D2', '1', '3', '2', '0'),
(825, 347, 'G1', '001241', 'B1', 'มีการจัดการเรียนการสอนที่ค่อนข้างเป็นระบบและมีการแจ้งคะแนนที่ชัดเจนทำให้นิสิตง่ายต่อการติดตาม ', '2', '0', 'C3', '0', 'D2', '2', '3', '1', '0'),
(826, 348, 'G1', '001332', 'B4', 'ก็ได้ใช้เรื่องการจัดการข้อมูลโปรแกรมที่อาจารย์สอนก็ดีครับได้ใช้ในการจัดการข้อมูลที่ลงลึกระดับหนึ่งแยกการมีความสัมพันธ์', '1', '3', 'C2', '0', 'D3', '1', '3', '1', '0'),
(827, 349, 'G1', '001227', 'B1', 'ได้เรียนรู้วัฒนธรรมไทยและดนตรีไทย  ได้รู้เกี่ยวกับเรื่องราวความเป็นมาของดนตรีไทยที่ไม่เคยได้รู้มาก่อน อาจารย์เป็นคนที่สดใสทำให้อาจารย์เป็นคนที่สดใสทำให้ไม่น่าเบื่อในการเรียน ', '1', '2', 'C3', '2', 'D3', '0', '2', '0', '0'),
(828, 351, 'G1', '001224', 'B1', 'สนุก แต่งานแอบเยอะ', '0', '3', 'C2', '0', 'D1', '0', '2', '1', '0'),
(829, 352, 'G1', '001276', 'B1', 'เนื้อหาตามสไลด์เลย มีงานเก็บชิ้นใหญ่ 1 ชิ้น 15คะแนนถ้าจำไม่ผิดนะ มีแบบฟอร์มให้ทำหลังเลิกเรียนแต่ง่ายๆ ทำส่งทุกครั้งทำครบคะแนนเต็ม ส่งทันเวลาก็เต็ม คะแนนได้ง่ายอยู่นะตามสไลด์ที่เรียนเลย นี้เรียนได้A แต่เขาไม่ได้ชี้แจงว่าออกสอบอะไรบ้าง แค่เข้าไปฟังก็ทำได้แล้วนะคะ มีสอบกลางภาคกับปลายภาค เนื้อหาในข้อสอบมีตั้งแต่แนะนำรายวิชาจนไปถึงเนื้อหาที่เรียนคาบนั้นๆเลย เก็บง่ายน้าาา การเช็คชื่อไม่มีเช็คตอนเรียนแต่จะเช็คจากแบบฟอร์มที่ทำหลังเรียน ถ้าทำครบตรงเวลาก็คะแนนเต็ม', '0', '3', 'C3', '0', 'D1', '0', '1', '1', '0'),
(830, 354, 'G1', '001227', 'B1', 'อาจารย์เป็นคนใจดีมากๆ เข้าใจนักศึกษา มีอารมณ์ขันตลอดเวลา ร้องเพลงเพราะ(เสียงแอบคล้ายปู พงษ์สิทธิ์) สอนเข้าใจรู้เรื่อง  แต่มีแบบฝึกหัดในหนังสือ แบบฝึกหัดไม่ยาก เป่าขลุ่ยก็ไม่ยาก โดยรวมแล้วสนุกดีๆ', '1', '3', 'C3', '2', 'D3', '0', '3', '1', '0'),
(831, 355, 'G1', '001227', 'B3', 'สนุก ไม่เครียด', '1', '2', 'C2', '1', 'D3', '0', '2', '1', '0'),
(832, 356, 'G1', '001241', 'B2', 'รู้สึกสนุกและตื่นเต้นเนื่องจากได้ทำกิจกรรมที่ตนสนใจและได้ทำงานร่วมกับเพื่อน ๆ', '3', '2', 'C2', '2', 'D1', '3', '3', '1', '0'),
(833, 357, 'G1', '001222', 'B4', 'เซค1ให้เกรดน่าจะยากที่สุดจากการถามเพื่อนๆในเซคอื่นเพราะให้งานชิ้นใหญ่ตัดคะเเนนเยอะ', '2', '2', 'C2', '0', 'D2', '0', '1', '1', '0'),
(834, 358, 'G1', '001238', 'B1', 'ได้รับความรู้เกี่ยวกับข้อมูลในรายวิชาที่จำเป็นต่อการใช้ชีวิตในโลกออนไลน์เป็นอย่างมาก', '2', '2', 'C2', '2', 'D2', '3', '3', '1', '0'),
(835, 359, 'G1', '001226', 'B1', 'เป็นวิชาที่เรียนที่เนื้อหาเข้าใจง่าย อาจารย์สอนหลายคนมีความหลากหลายมีงานเดี่ยวจะเยอะงานกลุ่มนิดหน่อย คะเเนนสอบเยอะเเต่ก็คือเนื้อหาที่สอนทั้งหมดสอบได้เก็บAสบายค่ะ ', '2', '3', 'C3', '1', 'D2', '1', '3', '1', '0'),
(836, 360, 'G1', '001228', 'B1', 'รู้สึกดีที่ได้A', '0', '2', 'C4', '2', 'D1', '2', '2', '1', '0'),
(837, 361, 'G1', '001228', 'B1', 'เรียนง่าย สนุกดี', '3', '1', 'C5', '1', 'D1', '1', '3', '1', '0'),
(838, 362, 'G1', '001222', 'B1', 'เป็นวิชาที่สอนดี เช้าใจง่ายมีเช็คชื่อทุกครั้งเป็น คิวอาร์โค้ด มีงานกลุ่มช่วงท้าย ถือว่าเก็บง่ายอยู่', '2', '1', 'C3', '2', 'D2', '0', '2', '1', '0'),
(839, 366, 'G1', '001253', 'B1', 'เป็นวิชาที่ได้เรียนรู้เกี่ยวกับการสร้างธุรกิจขนาดย่อมเยื้องต้น มีการให้คิดจำลองธุรกิจที่สนใจ (งานกลุ่ม) ข้อสอบออกตามสไลด์', '2', '2', 'C3', '1', 'D2', '1', '2', '1', '0'),
(840, 367, 'G1', '001241', 'B1', 'สนุกมาก', '3', '1', 'C2', '0', 'D1', '2', '3', '1', '0'),
(841, 370, 'G1', '001241', 'B3', 'เยี่ยมครับ', '2', '1', 'C3', '1', 'D2', '1', '3', '1', '0'),
(842, 373, 'G1', '001222', 'B2', 'สนุกดี เรียนง่าย อ.ใจดี', '2', '1', 'C3', '1', 'D2', '0', '2', '1', '0'),
(843, 375, 'G1', '001222', 'B3', 'เรียนง่ายอาจารย์สบายชิวๆ', '1', '2', 'C3', '1', 'D3', '0', '2', '1', '0'),
(844, 376, 'G1', '001227', 'B1', 'สนุกมาก', '2', '2', 'C3', '2', 'D2', '0', '3', '1', '0'),
(845, 378, 'G1', '001238', 'B1', 'ดี', '2', '1', 'C3', '1', 'D2', '1', '1', '1', '1'),
(846, 379, 'G1', '001224', 'B3', 'ยาก ไม่เหมาะกับคนที่ไม่เก่งด้านนี้เลย ให้คะแนนยากอยู่', '0', '3', 'C3', '0', 'D1', '0', '3', '1', '0'),
(847, 380, 'G1', '001222', 'B5', 'สนุกดี เรียนง่ายเข้าใจ', '2', '3', 'C3', '1', 'D2', '2', '2', '1', '0'),
(848, 381, 'G1', '001228', 'B1', 'เรียนสนุก แต่มีงานที่ทำเป็นกลุ่มบ่อย คะแนนส่วนใหญ่มากจากงานที่ทำ', '3', '1', 'C4', '2', 'D1', '2', '2', '1', '0'),
(849, 382, 'G1', '001227', 'B1', 'อาจารย์สอนสนุก ข้อสอบไม่ยาก', '1', '3', 'C2', '2', 'D3', '0', '3', '0', '0'),
(850, 383, 'G1', '001238', 'B3', 'เรียนได้เรื่อยๆ มีประโยชน์ต่อการใช้ชีวิตประจำวัน', '1', '1', 'C3', '2', 'D3', '0', '1', '0', '1'),
(851, 384, 'G1', '001224', 'B1', 'ดีมากก เก็บAง่ายงานส่วนใหญ่เป็นงานเดี่ยวเช่น ปะติด ถ่ายรูปที่ชอบมาเขียนบรรยายความรู้สึก อาจารย์ใจดี สอนตามสไตล์สอนเร็วปล่อยเร็ว ใครไม่เข้าไม่เป็นไรมีเช็คชื่อในคลาสรูม', '1', '2', 'C3', '2', 'D3', '0', '3', '1', '0'),
(852, 1, 'G2', '001237', 'B1', 'มีโปรเจ็คให้ทำงานกลุ่มร่วมกับเพื่อนมีงานเดี่ยวแค่1งาน วิชานี้เก็บAง่ายมากแนะนำเลย', '3', '1', 'C3', '1', 'D2', '1', '3', '0', '0'),
(853, 2, 'G2', '001232', 'B3', 'ส่วนตัวไม่ชอบเรื่องกฎหมายอยู่แล้วรู้สึกว่าวิชานี้เนื้อหาแบบเป็นตัวหนังสือเยอะมากต้องมีความเข้าใจและความจำที่ดีถึงจะทำข้อสอบได้แต่ถ้าใครความจำดีน่าจะง่ายนะเพราะข้อสอบออกแบบที่เรียนเลย', '0', '1', 'C2', '1', 'D2', '0', '1', '2', '0'),
(854, 3, 'G2', '001237', 'B1', 'งานเยอะมาก', '3', '1', 'C3', '2', 'D2', '3', '2', '1', '1'),
(855, 4, 'G2', '001237', 'B1', 'เรียนชิวๆ มีงานกลุ่มส่วนมาก เรียนง่ายเข้าใจง่าย', '2', '1', 'C3', '2', 'D2', '1', '3', '1', '0'),
(856, 5, 'G2', '001239', 'B1', 'สามารถช่วยพัฒนาทักษะการเป็นผู้นำและบุคลิได้ดีมาก', '3', '1', 'C3', '2', 'D3', '3', '3', '1', '1'),
(857, 6, 'G2', '001239', 'B1', 'ดีเลยพัฒนาตัวเอง', '1', '1', 'C5', '1', 'D3', '3', '3', '1', '1'),
(858, 7, 'G2', '001234', 'B1', 'รู้สึกว่างานเยอะมากเลยค่ะ ', '2', '2', 'C2', '2', 'D3', '1', '2', '1', '0'),
(859, 9, 'G2', '001232', 'B2', 'ชอบ อาจารย์สอนเข้าใจ', '1', '1', 'C2', '2', 'D3', '1', '3', '2', '0'),
(860, 10, 'G2', '001236', 'B1', 'รู้สึกว่าสามารถนำสิ่งที่ได้รับจากการเรียนไปปรับใช้ในชีวิตประจำวันได้', '1', '2', 'C3', '1', 'D3', '0', '3', '0', '0'),
(861, 11, 'G2', '001237', 'B1', 'เป็นวิชาที่ต้องเลือกกลุ่มที่ทำงานด้วยให้ดีๆ จำเป็นมากเพราะงานกลุ่มเยอะมาก', '3', '1', 'C3', '1', 'D3', '1', '2', '0', '0'),
(862, 12, 'G2', '001234', 'B1', 'ดี', '2', '3', 'C3', '2', 'D3', '0', '2', '0', '1'),
(863, 13, 'G2', '001251', 'B2', 'ง่วง', '2', '3', 'C3', '2', 'D3', '1', '2', '1', '0'),
(864, 14, 'G2', '001237', 'B1', 'ทำให้รู้จักกับผองเพื่อน การทำงานเป็นทีม รู้ทักษะที่ใช้ในชีวิตจริงๆ ผ่านประสบการณ์', '2', '1', 'C3', '0', 'D2', '1', '2', '0', '0'),
(865, 15, 'G2', '001252', 'B1', 'ง่ายเอา', '1', '3', 'C3', '2', 'D3', '0', '1', '0', '0'),
(866, 17, 'G2', '001237', 'B1', 'ท้อ', '3', '1', 'C3', '2', 'D3', '3', '2', '1', '0'),
(867, 18, 'G2', '001237', 'B1', 'เรียนไม่ยาก แต่งานกลุ่มเยอะ', '3', '1', 'C3', '0', 'D2', '1', '2', '1', '1'),
(868, 19, 'G2', '001251', 'B1', 'รู้สึกว่าถ้าได้มาเรียนวิชานี้ก่อนไปฝึกงานน่าจะดี เพราะได้แง่คิดในการทำงานในองค์กรเยอะมาก แต่ดีใจที่ก่อนจบได้ลงเรียนวิชานี้ ปล.ลงของซัมเมอร์เลยกิจกรรมจะไม่เยอะเท่าภาคปกติเลยไม่รู้ว่าปกติเหมือนกันไหม', '2', '2', 'C2', '0', 'D3', '3', '3', '1', '0'),
(869, 20, 'G2', '001237', 'B1', 'ทักษะในการทำงานร่วมกับผู้อื่นที่ไม่รู้จัก', '3', '0', 'C3', '2', 'D3', '3', '3', '1', '0'),
(870, 21, 'G2', '001234', 'B1', '_', '0', '3', 'C3', '1', 'D2', '0', '1', '1', '0'),
(871, 22, 'G2', '001251', 'B4', 'ชอบ', '1', '1', 'C3', '2', 'D3', '1', '3', '2', '0');
INSERT INTO `Form_review` (`fr_ID`, `fg_ID`, `group_type`, `subject_ID`, `grade_ID`, `review`, `groupwork_ID`, `solowork_ID`, `exam_ID`, `attendance_ID`, `instruction_ID`, `present_ID`, `experience_ID`, `challenge_ID`, `time_ID`) VALUES
(872, 23, 'G2', '001234', 'B1', 'เนื้อหาที่เรียนเป็นประวัติศาสตร์ของไทยส่วนใหญ่ แล้วก็มีพวกเกี่ยวกับภูมิปัญญาท้องถิ่นด้วย ต้องซื้อหนังสือเพื่อเขียนส่ง (เขียนมือเหนื่อยมากก แนะนำอย่าดองงานนะคับ แต่ถ้าไม่ชอบเขียนก็ปัดผ่านวิชานี้เลย แต่คะแนนได้มาง่ายจริง ๆ นะ) แล้วบางทีอาจารย์จะเปิดวิดีโอให้ดูเกือบทั้งชั่วโมง ทำให้บรรยากาศการเรียนน่าเบื่อพอสมควรเลย ถ้าจะเลือกลงเรียน เป็นไปได้ต้องเข้าทุกคลาส เพราะจะมีสุ่มเรียกตรวจหนังสือแล้วอาจารย์หรือ TA จะเซ็นให้ว่าส่งแล้ว ลายเซ็นมีผลกับคะแนนด้วย ', '1', '1', 'C3', '0', 'D3', '0', '2', '1', '0'),
(873, 24, 'G2', '001237', 'B3', 'ความคาดหวังของอาจารย์เยอะเกิน ', '3', '0', 'C3', '1', 'D2', '1', '3', '2', '1'),
(874, 25, 'G2', '001234', 'B2', 'ได้ความรู้', '1', '3', 'C3', '2', 'D3', '0', '3', '2', '0'),
(875, 26, 'G2', '001232', 'B1', 'อาจารย์สอนเข้าใจง่าย เนื้อหาค่อนข้างเยอะ แต่เป็นความรู้พื้นฐานที่ควรรู้จริงๆ', '1', '1', 'C3', '2', 'D3', '1', '2', '1', '0'),
(876, 27, 'G2', '001234', 'B1', 'คิดว่าวิชานี้เป็นวิชาที่ค่อยข้างเรียนง่ายทำให้ไม่เครียดหรือกดดันมากจนเกินไปค่ะ', '1', '3', 'C3', '1', 'D3', '0', '2', '0', '0'),
(877, 28, 'G2', '001252', 'B1', 'ดี', '1', '2', 'C3', '2', 'D3', '0', '2', '1', '1'),
(878, 29, 'G2', '001237', 'B1', 'สนุก ดี งานกลุ่มเยอะ ส่งงานครบ ก็ปาคะแนนไปแล้วมากว่าครึ่ง', '3', '2', 'C3', '1', 'D2', '3', '2', '1', '1'),
(879, 30, 'G2', '001237', 'B1', 'เฉยฟ', '3', '1', 'C3', '1', 'D3', '3', '2', '1', '0'),
(880, 31, 'G2', '001233', 'B3', 'ดี', '2', '1', 'C3', '2', 'D2', '0', '1', '1', '0'),
(881, 32, 'G2', '001233', 'B1', 'มีความสุข', '1', '2', 'C2', '1', 'D2', '1', '2', '1', '0'),
(882, 33, 'G2', '001237', 'B1', 'รู้ตัวเอง', '3', '1', 'C3', '2', 'D3', '3', '3', '0', '0'),
(883, 34, 'G2', '001234', 'B1', 'นั่งเรียนสบาย มีซื้อหนังสือ เก็บเอง่าย', '1', '1', 'C3', '1', 'D2', '0', '1', '0', '0'),
(884, 36, 'G2', '001251', 'B1', 'ดีค่ะสนุกได้เรียนรู้ทำงานกลุ่มและได้ทักษะใหม่ๆมากมาย', '3', '1', 'C2', '2', 'D2', '3', '3', '1', '0'),
(885, 37, 'G2', '001239', 'B2', 'เป็นการแสดงความคิดเห็นเป็นส่วนใหญ่', '1', '3', 'C2', '2', 'D3', '1', '3', '1', '1'),
(886, 38, 'G2', '001231', 'B1', 'รู้สึกว่าถ้าใครชอบเเนวตอบคำถามตอบโจทย์เลนส่วนใหญ่เน้นถามคำถามให้ตอบยาวๆ', '1', '3', 'C3', '1', 'D1', '1', '2', '1', '1'),
(887, 40, 'G2', '001234', 'B1', 'ได้เรียนรู้อะไรเก่าๆและหรือเป็นพื้นบ้าน', '2', '3', 'C3', '1', 'D2', '0', '2', '2', '0'),
(888, 42, 'G2', '001352', 'B1', 'รู้สึกโอเค อาจารย์ใจดี เน้นบรรยาย', '1', '3', 'C2', '2', 'D3', '0', '2', '1', '0'),
(889, 43, 'G2', '001237', 'B2', 'ดี', '3', '1', 'C2', '2', 'D3', '1', '3', '2', '1'),
(890, 44, 'G2', '001236', 'B1', 'เรียนง่าย ไม่มีสอบ', '1', '1', 'C1', '1', 'D3', '0', '2', '0', '0'),
(891, 45, 'G2', '001351', 'B3', 'วิชานี้สบาย ๆ', '1', '3', 'C3', '2', 'D2', '0', '1', '0', '1'),
(892, 46, 'G2', '001232', 'B3', 'ได้เรียนรู้กฎหมายพื้นฐาน อาจารย์สอนเข้าใจง่ายดี', '1', '0', 'C3', '1', 'D3', '0', '2', '1', '0'),
(893, 50, 'G2', '001234', 'B1', 'เนื้อหาที่เรียนเยอะหน่อย แต่ถ้าสอบผ่าน+ส่งงานครบได้เอชัวร์', '1', '3', 'C3', '2', 'D3', '0', '2', '1', '0'),
(894, 53, 'G2', '001234', 'B1', 'เรียนสนุกมากกกกก เรียนชิวสุดๆ', '0', '3', 'C3', '1', 'D2', '0', '2', '1', '0'),
(895, 54, 'G2', '001234', 'B1', 'งานค่อนข้างเยอะเป็นการทำงานด้วยหนังสือ 1 เล่ม แต่ถ้าทยอยทำก็จะไม่หนักเกินไป จำไม่ได้ว่ามีสอบย่อยมั้ย แต่ไม่มีสอบปลายภาค อาจารย์ใส่ใจสอนเรื่อยๆให้ความรู้สิ่งต่างๆได้ดี งานกลุ่มแค่เล็กน้อยไม่มีพรีเซ็น', '1', '2', 'C4', '2', 'D3', '0', '2', '1', '0'),
(896, 56, 'G2', '001232', 'B2', 'ได้รู้จักกฏหมาย', '1', '0', 'C3', '2', 'D3', '1', '2', '1', '1'),
(897, 57, 'G2', '001237', 'B1', 'เรื่อยๆไม่มีอะไรมากเน้นงานกลุ่ม', '3', '1', 'C2', '2', 'D3', '3', '1', '0', '0'),
(898, 58, 'G2', '001237', 'B3', 'เป็นการเรียนที่แนะแนวทางการอยู่ร่วมกันในสังคมที่ไม่ได้มุ่งเน้นไปเรื่องใดเรื่องหนึ่งแต่จะเป็นการสอนที่เปิดกว้างให้เราได้คิดหาแนวทางการใช้ชีวิต', '2', '3', 'C1', '1', 'D3', '1', '2', '1', '1'),
(899, 60, 'G2', '001237', 'B1', 'เรียนง่าย เข้าใจดี', '3', '1', 'C2', '1', 'D3', '3', '2', '1', '0'),
(900, 61, 'G2', '001353', 'B4', 'สนุกแต่่เเอบยาก', '1', '1', 'C2', '1', 'D2', '3', '1', '1', '1'),
(901, 62, 'G2', '001234', 'B1', 'เนื้อหาง่ายเข้าใจได้ แต่ต้องขยันทำงานส่ง', '0', '3', 'C3', '2', 'D3', '0', '2', '1', '0'),
(902, 63, 'G2', '001235', 'B7', 'รู้สึกไม่คุ้มกับเวลาที่ลงไป ผู้สอนมีการสอนเกี่ยวกับ ศาสนาและการเมืองบางส่วนในด้านที่ตัวเองเชื่อและสนับสนุน แต่กลับไม่กล่าวถึงฝ่ายที่ตัวเองไม่สนับสนุน การสอบเป็นการเขียนความคิดเห็น แต่ความคิดเห็นนักสามารถผิดและสามารถถูกให้คะแนนได้', '0', '0', 'C3', '0', 'D3', '0', '0', '1', '0'),
(903, 64, 'G2', '001239', 'B1', 'สนุกกก ', '2', '2', 'C1', '0', 'D3', '3', '2', '1', '0'),
(904, 66, 'G2', '001235', 'B1', 'สนุก แต่ง่วง', '0', '3', 'C3', '2', 'D3', '0', '2', '1', '1'),
(905, 67, 'G2', '001235', 'B3', 'นั่งเรียนเฉยๆ', '2', '2', 'C3', '0', 'D3', '0', '1', '0', '0'),
(906, 68, 'G2', '001231', 'B2', 'เรียนไม่ยาก แต่ต้องจับกลุ่มกับเพื่อนดีๆ วิชานี้เน้นทำงานกลุ่ม', '3', '1', 'C5', '2', 'D3', '3', '3', '1', '0'),
(907, 69, 'G2', '001251', 'B1', 'มีงานให้ทำท้ายคาบเกือบทุกครั้งแต่ง่ายมาก ถ้าตั้งใจฟังอาจารย์ก้ได้เอ เก้บเอไม่ยาก ', '2', '2', 'C3', '2', 'D3', '3', '2', '1', '0'),
(908, 70, 'G2', '001231', 'B1', 'เป็นการเล่าเรื่องราวเกี่ยวกับปรัชญาต่างๆ อาจจะดูไม่ค่อยสนุกเท่าไหร่ครับ', '1', '2', 'C3', '1', 'D3', '0', '1', '1', '0'),
(909, 71, 'G2', '001237', 'B4', 'เป็นวิชาที่สอนเกี่ยวกับการรู้จักใช้ชีวิตในยุคปัจจุบันที่สังคมพัฒนาไปไวเราก็ต้องพัฒนาให้ทันสังคมเพื่อเป็นประชากรที่มีคุณภาพ', '0', '2', 'C2', '0', 'D2', '1', '1', '1', '0'),
(910, 72, 'G2', '001237', 'B1', 'ได้ฝึกทักษะการใช้ชีวิต  การวางแผนชีวิตและการทำงานเป็นทีมร่วมกับผู้อื่น รู้สึกสนุก ได้พบปะเพื่อนๆ ต่างคณะ', '3', '1', 'C3', '2', 'D3', '2', '2', '0', '0'),
(911, 73, 'G2', '001233', 'B2', 'เรียนรู้ที่มาที่ไปของหลายๆองค์กรบนโลกและกฎหมายโลก', '1', '1', 'C3', '1', 'D3', '1', '2', '1', '0'),
(912, 75, 'G2', '001234', 'B1', 'ได้เรียนรู้กลุ่มชาติพันธุ์ ประวัติต่างๆ', '0', '3', 'C3', '1', 'D3', '0', '2', '1', '0'),
(913, 77, 'G2', '001231', 'B1', 'ก็โอเคค่ะ', '3', '1', 'C5', '2', 'D3', '3', '2', '1', '0'),
(914, 79, 'G2', '001234', 'B1', 'ดีมาก', '1', '3', 'C3', '0', 'D1', '0', '3', '0', '0'),
(915, 80, 'G2', '001234', 'B3', 'เรียนรู้อะไรใหม่ๆ', '2', '2', 'C3', '1', 'D2', '1', '2', '1', '1'),
(916, 81, 'G2', '001234', 'B3', 'สนุกดี งานเยอะหน่อยๆ', '2', '3', 'C3', '1', 'D2', '0', '3', '1', '0'),
(917, 82, 'G2', '001237', 'B1', 'สนุกดี', '2', '1', 'C3', '2', 'D2', '1', '2', '1', '0'),
(918, 84, 'G2', '001237', 'B2', 'ดี', '2', '2', 'C3', '1', 'D3', '0', '2', '1', '0'),
(919, 85, 'G2', '001252', 'B1', 'เรียนสบาย เน้นเรียนจากการดูหนัง', '2', '2', 'C4', '0', 'D2', '1', '2', '1', '0'),
(920, 87, 'G2', '001234', 'B4', 'เขียนงานลงในสมุดแบบฝึกหัดเกือบทุกคาบ', '2', '3', 'C3', '1', 'D3', '3', '2', '1', '0'),
(921, 88, 'G2', '001237', 'B1', 'ดีได้จับกลุ่มกะเพื่อนต่างคณะได้ทำความรู้จักคนใหม่ๆ', '2', '2', 'C3', '2', 'D3', '1', '1', '1', '0'),
(922, 89, 'G2', '001237', 'B3', 'รู้สึกดี', '2', '1', 'C3', '1', 'D3', '1', '3', '1', '1'),
(923, 90, 'G2', '001237', 'B1', 'จอยๆ ไม่มีไรมาก', '3', '1', 'C3', '2', 'D2', '2', '2', '1', '0'),
(924, 91, 'G2', '001234', 'B3', 'ยุ่งยาก งานเยอะ', '2', '3', 'C3', '2', 'D3', '0', '2', '2', '0'),
(925, 93, 'G2', '001234', 'B2', 'มีหนังสือและแบบฝึกให้ทำ อาจารย์จะให้ทำแบบฝึกหัดท้ายบทและส่งทีเดียวตอนใกล้สอบ เป็นสิชาที่ต้องใช้ความจำ ข้อสอบออกตรงตามที่สอนในเนื้อหา', '0', '3', 'C3', '0', 'D3', '0', '1', '1', '0'),
(926, 94, 'G2', '001234', 'B3', 'ยุ่งยาก งานเยอะ จัดการงานวุ่นวาย เครียด เสียตังซื้อหนังสือ', '1', '3', 'C3', '1', 'D2', '0', '0', '2', '0'),
(927, 95, 'G2', '001231', 'B1', 'เรียนเนิปๆจะหลับ', '1', '3', 'C3', '1', 'D3', '0', '2', '0', '1'),
(928, 96, 'G2', '001234', 'B3', 'สนุก', '1', '3', 'C3', '1', 'D3', '0', '2', '2', '0'),
(929, 97, 'G2', '001237', 'B1', 'รู้ไปไก็รับความรู้ที่สามารถปรับใช้ในชีวิตประจำวันได้จริงๆ', '2', '2', 'C5', '0', 'D3', '1', '3', '1', '0'),
(930, 100, 'G2', '001233', 'B2', 'งานกลุ่มเยอะ มีสอบรายละเอียดเยอะ', '3', '1', 'C3', '0', 'D2', '0', '1', '1', '1'),
(931, 101, 'G2', '001234', 'B1', 'ชิวดี ', '0', '3', 'C3', '1', 'D3', '0', '3', '0', '0'),
(932, 102, 'G2', '001237', 'B3', 'ดี แต่การประยุกต์ใช้ในชีวิตประจำวันอาจจะยังไม่ตอบโจทย์ต่อสถานการณ์ปัจจุบัน', '2', '3', 'C3', '1', 'D2', '1', '2', '1', '1'),
(933, 103, 'G2', '001233', 'B3', 'สนุกดี', '1', '2', 'C3', '0', 'D3', '0', '2', '1', '0'),
(934, 104, 'G2', '001233', 'B3', 'ไม่ค่อยรู้สึกอยากกลับไปเรียนต่อเพราะไม่ค่อยน่าดึงดูด', '3', '2', 'C3', '1', 'D2, D3', '0', '2', '1', '0'),
(935, 105, 'G2', '001234', 'B3', 'ิงานเยอะ', '1', '3', 'C3', '0', 'D2', '0', '1', '1', '0'),
(936, 107, 'G2', '001233', 'B4', 'เรียนยากนะ', '2', '2', 'C3', '0', 'D3', '0', '2', '2', '1'),
(937, 109, 'G2', '001231', 'B3', 'ชิวๆเน้นงานกลุ่มเช็คชื่อผ่านลิ้งค์', '3', '1', 'C3', '2', 'D2, D3', '3', '3', '1', '0'),
(938, 110, 'G2', '001237', 'B1', 'ค่อนข้างชิล แต่งานกลุ่มมีนำเสนอหน้าชั้น', '2', '2', 'C3', '2', 'D2', '1', '2', '0', '0'),
(939, 111, 'G2', '001237', 'B1', 'ง่ายๆแต่งานส่วนใหญ่เป็นงานกลุ่มไปกับเพื่อนได้ยิ่งดีแต่ไปคนเดียวก็ได้', '1', '1', 'C3', '2', 'D2', '2', '3', '0', '0'),
(940, 113, 'G2', '001234', 'B1', 'ดีค่ะ แต่ว่างานค่อนข้างเยอะ', '2', '2', 'C3', '1', 'D2, D3', '1', '2', '0', '1'),
(941, 114, 'G2', '001252', 'B1', 'สอบง่ายค่ะมีบอกแนวข้อสอบ งานก็ให้ไปดูหนังนเรศวรแล้วทำแบบฝึกตามที่อจสั่งเลยค่า มีงานกลุ่มนิดหน่อย', '3', '2', 'C3', '0', 'D1', '0', '0', '1', '0'),
(942, 115, 'G2', '001237', 'B1', 'เป็นวิชาเก็บ A ได้ง่ายชิวๆส่วนใหญ่เน้นทำงานเป็นกลุ่ม', '3', '1', 'C3', '0', 'D2', '1', '2', '0', '1'),
(943, 117, 'G2', '001237', 'B3', 'รู้สึกเฉยๆ', '0', '2', 'C3', '1', 'D3', '0', '2', '1', '1'),
(944, 118, 'G2', '001234', 'B1', 'เข้าใจ อาจารย์สอนโอเค มีแบบฝึกหัด มีให้ดูคลิปในห้อง', '1', '2', 'C3', '0', 'D3', '0', '2', '1', '0'),
(945, 119, 'G2', '001237', 'B1', 'วิชานี้เป็นรายวิชาที่ช่วยส่งเสริมให้เราเรียนรู้และรู้จักตนเองมากขึ้นผ่านการค้นหา Passion ของตนเอง เพื่อพัฒนาทักษะชีวิตให้เป็นไปในทิศทางที่เราต้องการ โดยเน้นผ่านการทำกิจกรรมร่วมกันกับผู้อื่นที่มี Passion คล้ายคลึงกัน เป็นอีกหนึ่งรายวิชาที่แนะนำสำหรับผู้ที่ชอบกิจกรรมร่วมกับผู้อื่น เรียนค่อนข้างง่าย ข้อสอบไม่ยาก แต่จะต้องมีความรับผิดชอบในการทำงานด้วย', '3', '1', 'C3', '1', 'D2', '2', '2', '0', '0'),
(946, 121, 'G2', '001231', 'B4', 'แนะนำสำหรับเพราะเนื้แหาไม่ยาก แต่เยอะ เน้นทำความเข้าใจ', '1', '1', 'C3', '2', 'D3', '1', '2', '1', '1'),
(947, 123, 'G2', '001251', 'B1', 'เป็นวิชาเน้นบรรยาย อาจารย์ใจดี ข้อสอบไม่ยาก ให้เกรดดี', '1', '1', 'C3', '2', 'D3', '1', '2', '0', '0'),
(948, 124, 'G2', '001235', 'B5', 'ส่วนมากเป็นงานเขียนวิเคราะห์เรื่องเกี่ยวกับการเมืองเป็นหลัก ค่อนข้างยากสำหรับนิสิตที่เรียนคณะอื่นๆ /ด้คะแนนค่อนข้างยากเพราะงานที่ทำจะเป็นงานเขียนเกณฑ์การให้คะแนนจะขึ้นอยู่กับการเขียนเป็นหลัก', '0', '3', 'C3', '2', 'D2', '0', '1', '2', '0'),
(949, 125, 'G2', '001235', 'B2', 'เข้าใจถึงปรัชญา', '0', '3', 'C3', '2', 'D3', '0', '3', '1', '0'),
(950, 126, 'G2', '001237', 'B1', 'เรียนง่ายเข้าใจ', '3', '1', 'C3', '0', 'D2', '2', '3', '1', '0'),
(951, 127, 'G2', '001234', 'B1', 'หนุกดี', '2', '2', 'C5', '1', 'D2', '2', '2', '0', '0'),
(952, 129, 'G2', '001234', 'B1', 'สนุก อาจารย์ตลก เป็นกันเอง สอนสนุกมาก ให้ทำงานในแบบฝึกหัด (ทั้งเล่ม) ถ้าทำเล่มนี้จบหมดทุกหน้าก็ได้Aแล้ว มีเช็คชื่อ แนะนำ สนุก ไปเรียน', '1', '2', 'C3', '2', 'D3', '1', '3', '1', '0'),
(953, 130, 'G2', '001236', 'B1', 'สนุก มันประยุกต์กับชีวิตประจำวันดี', '3', '3', 'C0', '1', 'D2', '1', '3', '0', '0'),
(954, 131, 'G2', '001231', 'B2', 'ข้อสอบง่าย', '1', '3', 'C3', '2', 'D2, D3', '1', '2', '1', '1'),
(955, 132, 'G2', '001251', 'B1', 'ถึงไหนครับเพราะมันคือเรื่องจริงหรือมายา', '1', '1', 'C3', '2', 'D1, D3', '0', '0', '2', '1'),
(956, 133, 'G2', '001235', 'B9', 'วิชานี้เน้นดูสไลด์ งานกับสอบเป็นข้อเขียน ค่อนข้างยาก แต่ถ้าอ่านตามสไลด์ก็ไม่ยากมาก', '0', '3', 'C3', '2', 'D2', '0', '1', '2', '0'),
(957, 134, 'G2', '001234', 'B3', 'ดี ', '2', '2', 'C3', '1', 'D3', '0', '2', '1', '0'),
(958, 135, 'G2', '001231', 'B1', 'วิชานี้ไม่ค่อยมีสอน เก็บเกรดง่าย แต่อาจารย์', '1', '3', 'C6', '0', 'D2', '0', '2', '1', '0'),
(959, 137, 'G2', '001351', 'B1', 'มีความรู้ เกี่ยวกับเศรษฐกิจพอเพียง', '3', '1', 'C3', '2', 'D3', '2', '3', '1', '0'),
(960, 138, 'G2', '001251', 'B6', 'ได้เรียนรู้การทำงานทีมกับผู้อื่น', '2', '2', 'C3', '1', 'D3', '2', '2', '1', '0'),
(961, 139, 'G2', '001236', 'B1', 'สนุกมากค่ะ อาจารย์น่ารัก บรรยากาศในห้องดี ถ้าเข้าเรียนครบทุกคาบกับทำงานส่งครบก็ได้ A ค่ะ', '2', '2', 'C7', '1', 'D3', '0', '3', '0', '0'),
(962, 140, 'G2', '001235', 'B2', 'เรียนง่าย ข้อสอบไม่ยาก', '0', '2', 'C3', '2', 'D3', '0', '2', '0', '0'),
(963, 141, 'G2', '001237', 'B3', 'เหนื่อยกับงานกลุ่มเน้นงานกลุ่มเยอะต้องประชุมงานทักษะการทำงานเป็นทีมต้องดี', '3', '0', 'C3', '2', 'D2, D3', '2', '3', '2', '1'),
(964, 142, 'G2', '001233', 'B1', 'สอบยาก เก็บคะแนนจากงานง่าย', '2', '2', 'C3', '0', 'D3', '0', '2', '2', '0'),
(965, 143, 'G2', '001234', 'B2', 'รู้สึกไม่ค่อยชอบอาจารย์ แต่วิชาเรียนเฉยๆ', '3', '2', 'C3', '2', 'D2', '0', '1', '1', '1'),
(966, 144, 'G2', '001234', 'B1', 'ก็ได้เกรดง่าย ถ้าตั้งใจเรียนและฟัง', '2', '2', 'C3', '2', 'D3', '0', '2', '1', '1'),
(967, 145, 'G2', '001237', 'B1', 'ดีค่ะ', '3', '1', 'C3', '2', 'D2, D3', '2', '2', '1', '1'),
(968, 146, 'G2', '001231', 'B2', 'อาจารย์ใจดี มี lecture ให้จดทุกคาบ', '1', '3', 'C2', '1', 'D3', '0', '2', '1', '0'),
(969, 147, 'G2', '001237', 'B1', 'ค่อนข้างสนุก', '3', '1', 'C2', '2', 'D2, D3', '2', '2', '1', '0'),
(970, 148, 'G2', '001234', 'B2', 'เป็นวิชาที่งานเยอะหน่อยงานก็ย่อยๆถ้าตั้งใจทำและเข้าเรียนบ่อยๆก็น่าจะเก็บเกรดได้ง่าย', '1', '3', 'C3', '1', 'D2, D3', '0', '2', '1', '0'),
(971, 149, 'G2', '001231', 'B1', 'ก็เรียนสนุกมีทำกิจกรรมข้างนอก', '2', '2', 'C2', '2', 'D2, D3', '2', '2', '1', '0'),
(972, 150, 'G2', '001236', 'B1', 'บวิชานี้จอยมากมีงานเกือบทุกคาบแต่งานง่ายๆไม่มีสอบ', '0', '3', 'C0', '1', 'D2', '0', '2', '0', '0'),
(973, 151, 'G2', '001232', 'B5', 'เข้มข้น', '1', '0', 'C3', '2', 'D3', '0', '3', '2', '0'),
(974, 152, 'G2', '001234', 'B3', 'มีงานให้ทำเพื่อเก็บคะแนนข้อสอบออกตามแบบฝึกที่ทำ', '1', '3', 'C3', '1', 'D2', '0', '2', '1', '0'),
(975, 153, 'G2', '001234', 'B2', 'ไม่ค่อยชอบ', '1', '3', 'C3', '1', 'D1, D2', '0', '1', '1', '0'),
(976, 154, 'G2', '001234', 'B4', 'เนื้อหาเข้าใจง่าย มีการสอนหลากหลาย', '2', '2', 'C3', '1', 'D3', '0', '2', '1', '1'),
(977, 155, 'G2', '001234', 'B2', 'ดีค่ะ ข้อสอบง่าย เนื้อหาง่าย', '1', '3', 'C3', '0', 'D2', '0', '2', '1', '0'),
(978, 156, 'G2', '001232', 'B1', '-', '1', '1', 'C3', '0', 'D2, D3', '1', '2', '1', '0'),
(979, 157, 'G2', '001351', 'B2', 'ได้ลงพื้นที่จริง เรียนง่าย เข้าครบทุกคาบได้เกรดA', '3', '1', 'C5', '2', 'D2', '3', '2', '1', '0'),
(980, 158, 'G2', '001233', 'B1', 'ได้รู้เรื่ององค์กรต่างๆทั้งในและนอกประเทศ', '2', '1', 'C3', '0', 'D2, D3', '0', '3', '0', '0'),
(981, 159, 'G2', '001232', 'B3', 'สนุก', '2', '2', 'C3', '2', 'D2, D3', '2', '2', '1', '0'),
(982, 163, 'G2', '001237', 'B1', 'ผมรู้สึกว่าเป็นวิชาที่เรียนแบบเรียบง่าย ไม่เครียดมากนัก ชิ้นงานจะให้ตอบคำถามเยอะหน่อย แต่ไม่ใช่ปัญหาที่มีผลกระทบมากนัก เพราะเป็นการสะท้อนตนเองซึ่งไม่จำเป็นต้องตีความมาก มีงานกลุ่มที่เป็นชิ้นงานตามความสนใจของตนเอง', '1', '2', 'C3', '2', 'D2', '1', '3', '0', '0'),
(983, 164, 'G2', '001251', 'B4', 'ข้อสอบยากมาก ', '3', '2', 'C3', '0', 'D2', '3', '2', '2', '0'),
(984, 165, 'G2', '001235', 'B2', 'เขียนเรียงความส่วนมาก เน้นให้เข้าใจกับตัวเองตามบทเรียน และอาจารย์มีให้การบ้าน', '0', '3', 'C3', '2', 'D3', '1', '1', '1', '0'),
(985, 166, 'G2', '001237', 'B1', 'วิชานี้สนุก มีหนังให้ดู เเละมีงานให้ทำ งานจะเยอะหน่อย เเละส่วนมากจะมีงานกลุ่ม', '3', '1', 'C3', '2', 'D2', '2', '2', '1', '0'),
(986, 168, 'G2', '001236', 'B1', 'ได้รู้กับการจัดชีวิต อาจารย์สอนสนุก', '1', '2', 'C0', '2', 'D3', '1', '2', '1', '0'),
(987, 173, 'G2', '001233', 'B4', 'เรียนชิว มีงานท้ายคาบ ', '2', '2', 'C3', '1', 'D3', '0', '3', '2', '0'),
(988, 175, 'G2', '001237', 'B1', 'ง่ายค่ะ อ.ไม่ค่อยสอนเพราะว่า ให้ทำงานกลุ่ม ', '3', '1', 'C0', '1', 'D1', '3', '3', '1', '0'),
(989, 176, 'G2', '001232', 'B1', 'กฏหมายเยอะมากกกกกกกก ข้อสอบก็มีทั้งช้อยและเขียน เน้นวิเคราะห์สถานการณืว่าเข้ากับมาตราใด ', '2', '0', 'C3', '2', 'D3', '2', '3', '1', '0'),
(990, 180, 'G2', '001234', 'B3', 'ชอบค่ะ', '0', '3', 'C3', '2', 'D2', '0', '3', '1', '0'),
(991, 181, 'G2', '001235', 'B6', 'ถ้าใครไม่ชอบเรื่องกฎหมาย หรือสังคม จริงๆไม่แนะนำเท่าไหร่ค่ะ ต้องเป็นคนที่ทำความเข้าใจง่าย และพร้อมเรียนรู้จริง ', '0', '3', 'C3', '2', 'D2, D3', '0', '2', '2', '0'),
(992, 183, 'G2', '001234', 'B1', 'รู้สึกได้เรียนรู้ประวัติศาสตร์ที่ไม่เคยรู้มากขึ้น', '1', '3', 'C3', '1', 'D2, D3', '0', '3', '1', '0'),
(993, 184, 'G2', '001237', 'B3', 'ดีปลานกลาง', '2', '2', 'C3', '2', 'D3', '2', '3', '1', '1'),
(994, 186, 'G2', '001232', 'B1', 'ได้ A ง่าย งานก็จะมีแค่งานกลุ่ม1งาน อาจจมีจดในคาบสองสามครั้ง ข้อสอบออกง่ายกว่าที่คิดเยอะมากอาจารย์บางคนจะคอยบอกแนวข้อสอบให้ฟัง', '1', '1', 'C3', '2', 'D3', '1', '2', '1', '0'),
(995, 187, 'G2', '001237', 'B1', 'ก็เป็นวิชาเก็บเอแค่ทำงานส่งก็ได้ละ', '2', '1', 'C7', '2', 'D3', '0', '1', '0', '0'),
(996, 188, 'G2', '001232', 'B2', 'เนื้อหาแน่นดี ปวดหัวนิดๆ มีการยกตัวอย่างเปรียบเทียบในชีวิตประจำวันกับกฎหมายอย่างเข้าใจ', '2', '3', 'C3', '2', 'D2, D3', '2', '3', '2', '0'),
(997, 189, 'G2', '001252', 'B2', 'ได้รู้ประวัฒิความเป็นมา', '2', '2', 'C3', '1', 'D2, D3', '2', '2', '1', '0'),
(998, 191, 'G2', '001236', 'B1', 'สนุกมากกกกค่าาา', '1', '2', 'C6', '2', 'D2', '0', '2', '1', '0'),
(999, 192, 'G2', '001234', 'B7', 'งานเยอะ ', '0', '3', 'C3', '0', 'D3', '1', '0', '1', '0'),
(1000, 194, 'G2', '001236', 'B1', 'สนุก อจสอนดี', '2', '2', 'C3', '0', 'D3', '2', '3', '1', '0'),
(1001, 195, 'G2', '001251', 'B1', 'เหมือนฟัง ทอล์คโชว์ ปล่อยใจจอยๆได้', '3', '2', 'C3', '1', 'D2, D3', '1', '2', '1', '1'),
(1002, 197, 'G2', '001234', 'B2', 'ยกคลาสบ่อย', '1', '3', 'C5', '1', 'D3', '0', '2', '1', '0'),
(1003, 198, 'G2', '001237', 'B1', 'งานกลุ่ม นั่งตามเลขที่ตลอดเทอม เก็บAง่าย ถ้าส่งงานครบ ตามเวลา(ถ้าเจอกลุ่มดี) ข้อสอบไม่ยาก', '3', '1', 'C3', '2', 'D2', '2', '2', '1', '1'),
(1004, 200, 'G2', '001232', 'B1', 'ดี', '3', '3', 'C1', '2', 'D3', '3', '3', '2', '1'),
(1005, 201, 'G2', '001234', 'B3', 'อาจารย์ค่อนข้างตะแปลก', '2', '3', 'C3', '1', 'D2', '0', '1', '1', '0'),
(1006, 202, 'G2', '001237', 'B1', 'ได้เมรคเฟรนกับเพื่อนต่างคณะ', '3', '1', 'C3', '1', 'D2', '3', '3', '1', '0'),
(1007, 203, 'G2', '001237', 'B1', 'เรียนไม่ยาก ชิวๆ มีงานกลุ่มใหญ่', '3', '2', 'C3', '2', 'D3', '3', '2', '0', '0'),
(1008, 205, 'G2', '001239', 'B1', 'เน้นการนำเสนอ เป็นวิชาที่เก็บเกรดง่าย ', '3', '2', 'C0', '2', 'D2', '2', '3', '1', '0'),
(1009, 206, 'G2', '001234', 'B4', 'มีงานกลุ่ม', '2', '2', 'C3', '1', 'D2', '0', '3', '1', '0'),
(1010, 207, 'G2', '001235', 'B2', 'ชอบค่ะ ใบงานง่าย 40 คะแนน ข้อสอบเป็นข้อเขียนทั้งกลางภาคปลายภาค ดีค่ะสนุกได้คะแนนดี', '0', '3', 'C3', '0', 'D2, D3', '0', '2', '0', '0'),
(1011, 208, 'G2', '001233', 'B3', 'ไม่คุ้นชิน รู้สึกห่างไกลกับตัวมาก พูดถึงองค์กรต่างประเทศ ประวัติศาสตร์ สื่อต่างๆ แอบปวดหัวเพราะเนื้อหาเยอะและหลากหลาย ได้วิเคราะห์นโยบาย ', '3', '2', 'C3', '1', 'D3', '0', '1', '2', '0'),
(1012, 209, 'G2', '001235', 'B3', 'ไม่ยาก แต่ต้องทำความเข้าใจเยอะ', '1', '3', 'C2', '2', 'D3', '1', '2', '1', '1'),
(1013, 211, 'G2', '001234', 'B1', 'สนุก', '2', '2', 'C3', '2', 'D3', '0', '3', '1', '0'),
(1014, 213, 'G2', '001251', 'B6', 'สนุก ทำให้รู้จักผู้คนในเซค', '3', '0', 'C5', '2', 'D3', '3', '3', '2', '0'),
(1015, 214, 'G2', '001237', 'B1', 'วุ่นวาย', '2', '2', 'C3', '1', 'D1, D2', '1', '0', '1', '1'),
(1016, 215, 'G2', '001237', 'B1', 'เป็นประโยชน์ต่อการประยุกต์ใช้ในชีวิตประจำวัน', '3', '1', 'C3', '2', 'D2', '1', '2', '1', '0'),
(1017, 216, 'G2', '001237', 'B1', 'ขัยนส่งงาน แบ่งงานในกลุ่มให้ดี', '3', '2', 'C3', '2', 'D1, D2, D3', '2', '3', '1', '0'),
(1018, 217, 'G2', '001234', 'B2', 'ได้ความรประวัติศาสตร์เยอะ', '1', '2', 'C3', '1', 'D2, D3', '2', '1', '1', '0'),
(1019, 218, 'G2', '001237', 'B1', 'ดีมาก', '2', '2', 'C3', '2', 'D3', '3', '3', '1', '0'),
(1020, 219, 'G2', '001237', 'B3', 'ได้ทักษะในการใช้ชีวิตเพิ่มขึ้น มีความรู้รอบตัว เข้าสังคมเก่งขึ้น', '3', '2', 'C3', '2', 'D3', '2', '2', '1', '0'),
(1021, 220, 'G2', '001237', 'B3', 'สอนเกี่ยวกับทักษะชีวิตที่จำเป็นต้องมี มีงานกลุ่มเป็นProjectให้ทำ ได้กลุ่มดีคือดีเลยส่วนเรื่องการนำเสนอจะมีแค่บางกลุ่มเท่านั้นเนื่องจากเวลาไม่พอแต่ทุกคนต้องเข้าฟังนะเพราะมันมีออกข้อสอบเป็นข้อเขียน', '2', '2', 'C3', '2', 'D2, D3', '1', '2', '1', '0'),
(1022, 221, 'G2', '001237', 'B3', 'สนุก', '2', '2', 'C3', '2', 'D3', '2', '2', '1', '0'),
(1023, 222, 'G2', '001252', 'B6', 'ตอนเรียนอาจารบ์ค่อนข้างเข้มครับ ก็รู้สึกกดดันนิดเครียดหน่อยเวลาเรียน แต่เนื้อหาไม่ได้ยากคอนข้างง่ายอาจารย์ก็ออกข้อสอบไม่ได้ยากอะไรแต่จำเยิะหน่อย ใดๆที่ทำไม่ได้เกรดเพราะไม่ใส่ใจมากกว่า  เท่าที่ควร', '2', '2', 'C3', '1', 'D1', '2', '2', '1', '1'),
(1024, 223, 'G2', '001234', 'B1', 'ได้เรียนรู้และเข้าใจในอารยธรรมภูมิปัญญาของแต่ละท้องถิ่นเพิ่มมากขึ้น', '0', '3', 'C3', '1', 'D3', '0', '3', '1', '0'),
(1025, 224, 'G2', '001235', 'B9', 'สอนได้เข้าใจง่าย เน้นพูด', '1', '1', 'C3', '1', 'D3', '0', '3', '0', '0'),
(1026, 225, 'G2', '001232', 'B3', 'อาจารย์สอนสนุก ได้ความรู้นำไปใช้ได้จริง', '1', '3', 'C3', '2', 'D3', '0', '3', '2', '0'),
(1027, 227, 'G2', '001237', 'B1', 'อาจารย์สอนดี เข้าใจ รู้เรื่อง ตรงประเด็น ส่วนใหญ่เป็นงานกลุ่ม มีโปรเจคให้ทำ', '3', '1', 'C3', '2', 'D2, D3', '2', '3', '1', '0'),
(1028, 228, 'G2', '001236', 'B1', 'ดี เพราะได้ทำเข้าใจกับตัวเองมากขึ้นและได้เรียนรู้การใช้ชีวิตด้วย', '0', '3', 'C0', '1', 'D2', '1', '3', '0', '0'),
(1029, 229, 'G2', '001232', 'B2', 'จารย์สอนดี สอบไม่ยาก แบบไม่ยากเลยไม่มีถามมาตราไหนเลย แถได้ก็สอบได้ เสียดายโดดบ่อยมันเรียนเช้า คะแนนเข้าคลาสเหลือ 14/20 ไม่งั้นได้ A ไปแล้ว🥹', '0', '1', 'C3', '2', 'D3', '0', '3', '1', '0'),
(1030, 233, 'G2', '001232', 'B2', 'ส่วนใหญ่อาจารย์จะออกข้อสอบในสไลด์ ถ้าตั้งใจอ่านนิดหน่อยช่วงสอบก็เก็บ a ได้', '1', '1', 'C3', '2', 'D3', '0', '2', '1', '0'),
(1031, 234, 'G2', '001234', 'B1', 'ยาก เบื่อ', '3', '3', 'C3', '2', 'D3', '0', '2', '2', '0'),
(1032, 235, 'G2', '001251', 'B5', 'สนุก รู้จักผู้คนมากขึ้น', '3', '0', 'C5', '2', 'D2, D3', '3', '2', '2', '0'),
(1033, 236, 'G2', '001234', 'B3', 'สนุก ได้ความรู้ในด้านประวัติศาสตร์', '1', '2', 'C3', '0', 'D2, D3', '0', '2', '1', '0'),
(1034, 237, 'G2', '001236', 'B1', 'ได้ทำความเข้าใจตัวเองมากขึ้น ได้รู้จักการจัดการการเงิน การใช้ชีวิตที่มากขึ้น เรียนสนุกมากค่ะ', '0', '3', 'C7', '2', 'D2, D3', '2', '3', '1', '0'),
(1035, 238, 'G2', '001237', 'B1', 'เรียนง่ายมาก รู้สึกสนุก', '3', '3', 'C5', '1', 'D2', '1', '2', '1', '0'),
(1036, 239, 'G2', '001237', 'B1', 'ง่าย ', '3', '3', 'C5', '1', 'D2', '2', '2', '1', '0'),
(1037, 241, 'G2', '001234', 'B9', 'เป็นความรู้ทั่วๆไปที่เราเคยเรียน ​เน้นเขียนเป็นส่วนใหญ่​งานไม่ค่อยเยอะเพราะสั่งทีเดียว​', '1', '1', 'C3', '1', 'D2, D3', '1', '3', '1', '0'),
(1038, 242, 'G2', '001252', 'B3', 'ต้องสอบได้ถึงจะได้เกรดดี', '1', '3', 'C3', '0', 'D2', '0', '2', '1', '1'),
(1039, 243, 'G2', '001237', 'B1', 'สนุก', '3', '0', 'C3', '2', 'D3', '3', '3', '1', '1'),
(1040, 245, 'G2', '001251', 'B5', 'ทำให้รู้จักเพื่อนใหม่ๆ', '3', '2', 'C3', '1', 'D3', '3', '3', '0', '1'),
(1041, 246, 'G2', '001251', 'B5', 'การเข้าสังคม', '3', '2', 'C3', '1', 'D2', '2', '3', '1', '1'),
(1042, 247, 'G2', '001234', 'B3', 'ไม่ยากเข้าใจง่าย', '3', '3', 'C3', '0', 'D3', '0', '2', '0', '0'),
(1043, 248, 'G2', '001234', 'B1', 'ได้รู้จักความเป็นมาของมหาลัย ', '1', '3', 'C3', '1', 'D2', '1', '2', '1', '0'),
(1044, 250, 'G2', '001234', 'B1', 'รู้สึกว่าก็โอเคอยู่เรื่องคะแนน ถ้ามาเรียนตั้งใจทำงานส่งตามเงื่อนไขก็ได้แล้ว แต่ว่าอาจารย์ค่อนข้างจะพูดแรง พี่ TA ก็แอบแรง งานบางอย่างก็แบบงงๆ แต่ทนๆ ฟังไปเถอะ', '1', '3', 'C3', '1', 'D1, D2', '0', '2', '1', '0'),
(1045, 251, 'G2', '001231', 'B1', 'สนุกๆเจอเพื่อนใหม่ๆๆๆ', '3', '0', 'C3', '2', 'D3', '3', '3', '1', '0'),
(1046, 253, 'G2', '001234', 'B1', 'ได้A ง่ายอาจายเดี มีแบบฝึกหัดให้ทำ', '1', '3', 'C3', '1', 'D3', '0', '3', '1', '0'),
(1047, 254, 'G2', '001234', 'B3', 'เข้าใจง่าย', '3', '2', 'C3', '1', 'D3', '0', '2', '1', '0'),
(1048, 255, 'G2', '001237', 'B1', 'Aง่าย เน้นงานกลุ่ม', '3', '3', 'C3', '0', 'D2, D3', '1', '3', '1', '1'),
(1049, 256, 'G2', '001239', 'B2', 'สนุกมาก มีอต่ความสนุกงานไม่ยาก มีวิทยากรจากข้างนอกมาบ้าง อาจารย์น่ารักเข้าใจนิสิต ออกแนวเรียนจิตวิทยา แฟชั่น บุคลิก สนุกมากจริงๆ ', '1', '1', 'C5', '1', 'D2, D3', '1', '3', '0', '0'),
(1050, 257, 'G2', '001233', 'B9', 'เพิ่งเรียนได้2คาบ', '2', '1', 'C3', '1', 'D3', '1', '2', '1', '0'),
(1051, 258, 'G2', '001237', 'B1', 'สนุกดีค่ะได้รับข้อมูลในด้านการใช้ชีวิตเยอะขึ้น', '2', '2', 'C3', '2', 'D2', '2', '2', '0', '0'),
(1052, 259, 'G2', '001251', 'B1', 'สนุก ตลก ได้ความรู้', '1', '3', 'C3', '1', 'D3', '1', '2', '1', '0'),
(1053, 260, 'G2', '001237', 'B1', 'น่าเบื่อ เนื้อหาเยอะมาก', '3', '2', 'C2', '0', 'D3', '1', '2', '0', '0'),
(1054, 261, 'G2', '001237', 'B5', 'ทำให้ได้รู้จักทักษะของตัวเอง ว่ามีทักษะในด้านใด', '2', '1', 'C6', '2', 'D3', '2', '3', '1', '1'),
(1055, 262, 'G2', '001236', 'B1', 'ดีมากกกกอาจารย์ใจดีทุกคน ', '0', '3', 'C0', '2', 'D3', '0', '3', '1', '0'),
(1056, 263, 'G2', '001237', 'B1', 'ชิล นิสิตจะมีแรงบันดาลใจมากขึ้น แนะนำค่ะ', '2', '1', 'C5', '2', 'D2', '1', '2', '1', '0'),
(1057, 264, 'G2', '001234', 'B1', 'รู้วัฒนธรรม', '2', '2', 'C2', '2', 'D2', '0', '2', '2', '0'),
(1058, 265, 'G2', '001239', 'B2', 'ได้นำเสนอหน้าห้องเรียน ทักษะกับเพื่อนใหม่ๆ', '3', '1', 'C0', '0', 'D2', '3', '3', '1', '0'),
(1059, 266, 'G2', '001237', 'B1', 'เป็นวิชาที่การเข้าเรียนถือว่าชิว เพราะอาจารย์จะให้เข้าคลาสแค่ช่วงแรกๆแล้วก็สั่งงาน หลังจากนั้นก็ไม่ค่อยได้เข้าคลาสเพราะอาจารย์จะปล่อยให้ทำงาน แต่งานชิ้นใหญ่คือโปรเจคกลุ่ม แต่ไม่ยากมากเพราะอาจารย์ไม่ค่อยซีเรียส ทำแบบที่ตัวเองคิดว่าดีได้เลย', '3', '1', 'C3', '1', 'D2', '1', '3', '1', '0'),
(1060, 267, 'G2', '001232', 'B1', 'ง่ายไม่ยาก', '1', '0', 'C3', '2', 'D3', '2', '2', '0', '0'),
(1061, 268, 'G2', '001234', 'B1', 'เรียนง่าย เนื้อหาเยอะ แต่ง่าย', '0', '3', 'C3', '0', 'D3', '0', '3', '1', '0'),
(1062, 270, 'G2', '001237', 'B1', 'ดีครับ', '3', '1', 'C3', '2', 'D3', '3', '3', '1', '0'),
(1063, 271, 'G2', '001351', 'B1', 'เป็นวิชาที่ดีแต่ต้องเข้าเรียนทุกคาบ', '3', '1', 'C5', '2', 'D3', '3', '2', '1', '0'),
(1064, 273, 'G2', '001232', 'B1', 'ดี', '2', '2', 'C3', '2', 'D3', '1', '2', '1', '0'),
(1065, 277, 'G2', '001254', 'B1', 'เนื้อหาเยอะมาก เป็นวิชาที่บังคับลง รู้สึกไม่มีความสนใจ ในเรื่องนี้', '0', '3', 'C3', '0', 'D3', '0', '0', '1', '0'),
(1066, 278, 'G2', '001237', 'B1', 'รู้สึกได้ลองทำอะไรที่ตัวเองชอบและได้รู้จักเพื่อนใหม่ๆ', '3', '1', 'C4', '2', 'D3', '1', '3', '0', '0'),
(1067, 280, 'G2', '001254', 'B1', 'สนุก', '2', '2', 'C2', '0', 'D3', '0', '2', '0', '0'),
(1068, 281, 'G2', '001234', 'B1', 'สบายๆชิวๆเข้าห้องเรียนทำงานส่งถึงงานจะเยอะแต่งานง่าย', '1', '3', 'C3', '0', 'D2', '0', '1', '0', '0'),
(1069, 283, 'G2', '001254', 'B1', 'เนื้อหาค่อนข้างเยอะ แต่บางเรื่องเป็นเรื่องที่รู้กันโดยทั่วไป อาจารย์ค่อนข้างหัวโบราณ', '3', '1', 'C2', '0', 'D2', '2', '2', '1', '0'),
(1070, 284, 'G2', '001234', 'B1', 'สนุกมากค่ะ เนื้อหาเข้าใจง่าย อาจารย์จะมีหนังสือมาให้ทำแบบฝึก เนื้อหาที่ออกสอบจะอยู่ในแบบฝึกที่ทำ', '1', '3', 'C3', '1', 'D2', '1', '3', '1', '0'),
(1071, 285, 'G2', '001235', 'B1', 'อาจารย์สอนดีนะ ข้อสอบกลางภาคเเละปลายภาคออกข้อเขียนหมดเลย ก่อนจะสอบอ่ะอาจารย์จะบอกเเนวข้อสอบเราก็จำเฉพาะที่อาจารย์เน้นเลยไม่ยากๆ ข้อสอบเราก็เขียนให้ตรงกับหัวข้อที่ถามจะได้คะเเนนเยอะ มีใบงาน4ใบงาน เขียนหมดเลย ใครชอบเขียนคือเเนะนำมาก', '0', '3', 'C3', '2', 'D3', '0', '3', '0', '0'),
(1072, 286, 'G2', '001233', 'B1', 'สนุกทุกครั้งเรียนได้รับความรู้ใหม่ๆเกี่ยวกับโลกสังคม ', '1', '1', 'C3', '1', 'D2', '0', '2', '1', '0'),
(1073, 287, 'G2', '001234', 'B2', 'เน้นศึกษาด้วยตัวเองแต่เป็นวิชาที่ง่าย', '2', '2', 'C3', '1', 'D2', '0', '0', '0', '0'),
(1074, 288, 'G2', '001231', 'B1', 'เรียนง่าย งานกลุ่มเยอะ มีไปทัศนศึกษา', '3', '0', 'C3', '2', 'D3', '3', '2', '0', '0'),
(1075, 289, 'G2', '001234', 'B1', 'เฉยๆ', '3', '3', 'C3', '0', 'D2', '0', '2', '0', '0'),
(1076, 290, 'G2', '001237', 'B1', 'ทำกิจกรรมเยอะ เน้นทำงานกลุ่ม', '3', '1', 'C3', '2', 'D2', '1', '2', '1', '0'),
(1077, 292, 'G2', '001235', 'B1', 'ดีมากๆ เพราะไม่มี ก่อนจะสอบอาจารย์บอกแนวข้อสอบอย่างละเอียด สอบจะสอบเป็นข้อเขียนทั้งหมดทั้งกลางเเละปลายภาค', '0', '3', 'C3', '2', 'D3', '0', '2', '1', '0'),
(1078, 293, 'G2', '001233', 'B4', 'ได้รับความรู้ใหม่ๆ', '1', '1', 'C3', '1', 'D3', '1', '2', '2', '0'),
(1079, 294, 'G2', '001231', 'B4', 'เฉยๆ', '0', '3', 'C0', '1', 'D2', '0', '3', '0', '1'),
(1080, 295, 'G2', '001231', 'B2', 'เป็นรายวิชาที่สอนให้เราใช้ความคิดตามหลัก', '0', '2', 'C0', '1', 'D3', '0', '3', '2', '0'),
(1081, 296, 'G2', '001237', 'B1', 'รู้สึกดีเรียนง่าย', '1', '2', 'C3', '1', 'D3', '1', '2', '1', '1'),
(1082, 297, 'G2', '001252', 'B2', 'ไม่เครียด สบายๆ', '2', '3', 'C3', '2', 'D3', '0', '3', '1', '0'),
(1083, 299, 'G2', '001234', 'B1', 'งานเยอะ อาจารย์พูดตรง', '2', '3', 'C2', '1', 'D3', '1', '2', '1', '0'),
(1084, 300, 'G2', '001234', 'B2', 'งานเยอะ อาจารย์เคร่งอยู่', '2', '3', 'C2', '1', 'D3', '1', '3', '1', '0'),
(1085, 301, 'G2', '001237', 'B1', 'ได้เจอเพื่อนใหม่ๆ ได้ฝึกทำงานเป็นทีม', '3', '2', 'C3', '1', 'D2', '3', '1', '1', '0'),
(1086, 306, 'G2', '001237', 'B1', 'ได้รู้จักเพื่อนมากขึ้น เก็บเอง่ายแต่มีงานกลุ่ม', '3', '2', 'C3', '2', 'D2', '1', '3', '1', '0'),
(1087, 307, 'G2', '001232', 'B2', 'อาจารย์สอนหลายคน บางคนสอนเข้าใจบ้างไม่เข้าใจบ้างสลับกันไป งานน้อย คะแนนส่วนใหญ่อยู่ที่สอบ', '1', '1', 'C3', '1', 'D3', '0', '3', '1', '0'),
(1088, 308, 'G2', '001234', 'B2', 'เกรดได้แบบงงๆ', '0', '3', 'C3', '0', 'D1, D2', '0', '3', '1', '1'),
(1089, 309, 'G2', '001234', 'B2', 'เหนื่อยกับการเรียนนิดหน่อย', '1', '3', 'C3', '0', 'D2', '0', '1', '1', '0'),
(1090, 310, 'G2', '001237', 'B1', 'รู้สึกว่าได้ทำอะไรมากกว่าที่คิดมีการทำงานเป็นกลุ่มเยอะแต่ไม่ยากเกินไป', '3', '2', 'C3', '2', 'D2', '3', '2', '0', '0'),
(1091, 313, 'G2', '001237', 'B1', 'รู้สึกดีแต่งานเยอะพอประมาณ', '3', '2', 'C2', '2', 'D3', '1', '2', '1', '0'),
(1092, 314, 'G2', '001234', 'B1', 'ข้อสอบง่าย แต่ต้องมีลายเซ็นเท่าเพื่อนในคราส', '1', '3', 'C3', '0', 'D2', '0', '1', '0', '0'),
(1093, 315, 'G2', '001234', 'B3', 'สนุก สอนดี', '1', '2', 'C3', '0', 'D3', '0', '3', '1', '0'),
(1094, 316, 'G2', '001233', 'B4', 'อาจารย์โลกแคบมาก ', '3', '0', 'C3', '0', 'D1, D2', '1', '2', '2', '0'),
(1095, 317, 'G2', '001234', 'B1', 'ดี', '2', '2', 'C1', '0', 'D1', '2', '2', '2', '1'),
(1096, 318, 'G2', '001237', 'B1', 'สนุก', '3', '3', 'C3', '2', 'D3', '2', '3', '1', '0'),
(1097, 319, 'G2', '001237', 'B1', 'สนุก มีกิจกกรมให้ทำเยอะ', '3', '3', 'C3', '2', 'D3', '2', '2', '1', '0'),
(1098, 320, 'G2', '001351', 'B1', 'สนุกมีออกไปดูงานข้างนอก', '3', '3', 'C0', '2', 'D2, D3', '2', '3', '1', '0'),
(1099, 321, 'G2', '001351', 'B1', 'งานกลุ่มชิ้นใหญ่', '3', '2', 'C3', '1', 'D2', '2', '2', '1', '0'),
(1100, 322, 'G2', '001234', 'B2', 'ง่าย แต่ต้องทำงานส่งให้ตรงเวลา พยายามเข้าเรียนทุกครั้งอจจะบอกแนวข้อสอบในขณะสอน', '1', '3', 'C3', '2', 'D2', '0', '1', '0', '0'),
(1101, 323, 'G2', '001234', 'B1', 'เรียนง่าย เเต่ต้องขยันทำงาน', '3', '2', 'C3', '1', 'D3', '1', '3', '1', '0'),
(1102, 324, 'G2', '001231', 'B2', 'เน้นงานกลุ่ม', '3', '1', 'C3', '2', 'D2', '2', '1', '0', '0'),
(1103, 326, 'G2', '001251', 'B3', 'ทำงานกลุ่ม', '3', '0', 'C3', '2', 'D3', '3', '3', '1', '0'),
(1104, 327, 'G2', '001232', 'B2', 'บรรยายเยอะเกินไป ออกข้อสอบ', '2', '2', 'C3', '2', 'D2', '2', '1', '1', '0'),
(1105, 331, 'G2', '001252', 'B1', 'ได้เข้าใจประวัติความเป็นมาของพระนเรศวรอย่างละเอียด มีคติเตือนใจที่สามารถนำมาปรับใช้กับชีวิตประจำวันได้', '1', '3', 'C3', '0', 'D1', '0', '3', '0', '1'),
(1106, 332, 'G2', '001237', 'B1', 'สนุก ฝึกทำงานกลุ่มกับเพื่อนที่ไม่รู้จัก', '3', '0', 'C3', '2', 'D2', '3', '3', '1', '0'),
(1107, 333, 'G2', '001237', 'B1', 'Happy', '3', '0', 'C3', '2', 'D3', '3', '3', '1', '0'),
(1108, 334, 'G2', '001351', 'B1', 'สนุกอาจารย์ใจดี', '2', '2', 'C0', '0', 'D3', '2', '2', '1', '0'),
(1109, 335, 'G2', '001351', 'B1', 'สนุก เนื้อหาง่ายเป็นเนื้อหาที่เรียนตั้งแต่เด็กๆ', '2', '3', 'C0', '0', 'D2', '3', '2', '0', '0'),
(1110, 336, 'G2', '001235', 'B7', 'ถ้าเป็นคนควาทจำแม่นๆ จะเรียนได้ดีมากครับ เพราะเนื้อหาค่อนข้างเยอะ เราเรียนไม่ค่อยได้ จำไม่ค่อยได้เลยครับ เลยได้เกรดไม่เยอะ แล้ววิชาที่นี้ตอนเราเรียนข้อสอบกลางภาค และปลายภาค เป็นข้อเขียนล้วนนะครับ มีสามคำถาม สอบย่อยไม่มีครับ', '0', '3', 'C3', '0', 'D2', '0', '1', '2', '0'),
(1111, 337, 'G2', '001237', 'B1', 'ได้ทำงานหลากหลาย', '2', '3', 'C3', '1', 'D2, D3', '2', '3', '1', '0'),
(1112, 339, 'G2', '001236', 'B1', 'ดี', '2', '2', 'C0', '0', 'D3', '1', '2', '0', '0'),
(1113, 340, 'G2', '001233', 'B4', 'เป็นวิชาที่ต้องทำความเข้าใจมากๆ', '2', '2', 'C3', '2', 'D2, D3', '2', '3', '2', '0'),
(1114, 341, 'G2', '001239', 'B1', 'อ.สอนเข้าใจ ไม่มีการสอบ มีแต่การทำโปรเจ็ค เหมือนนั่งฟังไลฟ์โค้ชเฉยๆ มีเช็คชื่อ', '1', '3', 'C0', '2', 'D2', '3', '1', '1', '0'),
(1115, 342, 'G2', '001234', 'B1', 'ข้อสอบง่าย เก็บ a ง่าย', '2', '1', 'C3', '1', 'D3', '0', '2', '1', '0'),
(1116, 343, 'G2', '001234', 'B1', 'ได้เกรดง่ายมาก อาจารย์สอนสนุก บางสันก็ไม่เข้า ส่วนมากทีเอเข้า', '1', '2', 'C3', '0', 'D3', '0', '2', '1', '0'),
(1117, 344, 'G2', '001232', 'B1', 'ความรู้เเน่น ข้อสอบออกตรงสไลด์', '0', '3', 'C3', '2', 'D3', '1', '3', '1', '0'),
(1118, 345, 'G2', '001232', 'B2', 'รู้สึกได้ความรู้ใหม่ๆ ในการนำไปเรียนวิชาในสาขา', '2', '3', 'C3', '2', 'D3', '1', '3', '1', '0'),
(1119, 347, 'G2', '001234', 'B1', 'ในบางครั้งก็ก่อให้เกิดความสับสนเนื่องจากจะจำนวนนิสิตค่อนข้างมากและรายละเอียดในการทำงานและการเข้าเรียนค่อนข้างเยอะ ', '0', '3', 'C3', '1', 'D2', '0', '2', '1', '0'),
(1120, 349, 'G2', '001232', 'B1', 'ได้มีความรู้ในเรื่องกฎหมายเบื้องต้น มีการทำงานมีการทำงานเป็นกลุ่มเพื่อนำไปนำเสนอและหากกลุ่มใดทำงานกลุ่มออกมาได้ดีจะได้เข้าร่วมประกวด หลายคนอาจคิดว่ากฎหมายเป็นเรื่องที่น่าปวดหัวแต่วิชานี้เป็นค่ากฎหมายพื้นฐานเลยไม่ค่อยยากมากเท่าไหร่', '2', '1', 'C3', '2', 'D2, D3', '2', '2', '1', '0'),
(1121, 350, 'G2', '001235', 'B1', 'ยากกก เรียนไม่ค่อยรู้เรื่องง ', '0', '2', 'C3', '2', 'D2', '0', '3', '2', '0'),
(1122, 351, 'G2', '001234', 'B1', 'ชิลล์ดี บางทีอาจารย์ก็แอบมีบ่นบ้าง', '1', '3', 'C3', '0', 'D3', '0', '2', '1', '0'),
(1123, 352, 'G2', '001234', 'B2', 'จะมีให้ซื้อหนังสือเล่มนึงไว้ใช้เรียนเขียนส่งงาน แล้วแต่อาจารย์ว่าจะให้ส่งยังไง สอบมีบอกแนวข้อสอบแค่กลางภาค ปลายภาคไม่ได้บอก มีทำงานกลุ่ม 1 งาน งานเดี่ยวคือเล่มที่เราซื้อ เวลาเรียนบางครั้งก็สอนตามหนังสือ บางครั้งก็เปิดคลิปวิดีโอให้ดู ส่วนใหญ่พี่ TA จะมาสอนมากกว่า คะแนนแอบเคืองๆนิดๆเหมือนสุ่มคะแนน อารมณ์อาจารย์สวิงตลอดเวลา แต่งตัวดีๆให้สุภาพ  คะแนนกลางภาคโอเคเลยเกือบได้เต็มจากแนวที่บอกแต่ปลายภาคไม่บอกแนว คนที่ไม่คิดอะไรกับคำพูดมากๆก็ถือว่าเข่าเรียนได้เลย ', '3', '3', 'C3', '0', 'D2, D3', '0', '2', '1', '0'),
(1124, 354, 'G2', '001234', 'B5', 'อาจารย์ดูเป็นคนพูดแรง พูดตรง ดูไม่ค่อยเห็นใจนักศึกษา แต่ก็ไม่ถึงขั้นใจร้าย บางครั้งก็ขู่เด็กที่ส่งงานช้าว่าไม่ให้ส่งแต่สุดท้ายก็ให้ส่ง (ประมาณว่าปากร้ายใจดี;ใจดีเป็นบ้างครั้ง) มีแบบฝึกหัดในหนังสือ ต้องส่งกับมืออาจารย์ กับพี่ๆTA  คนก็จะเยอะหน่อย ค่อนข้างวุ่นวาย ', '2', '3', 'C3', '1', 'D3', '0', '1', '1', '0'),
(1125, 355, 'G2', '001234', 'B2', 'อาจจะยากนิดนึง', '1', '3', 'C3', '1', 'D2', '1', '2', '1', '1'),
(1126, 356, 'G2', '001234', 'B1', 'ท้าทายและเบื่อหน่ายในบางครั้ง', '2', '3', 'C3', '2', 'D3', '0', '2', '2', '0'),
(1127, 358, 'G2', '001352', 'B1', 'สนุกดี ได้รับความรู้รอบตัวเกี่ยวกับเรื่องที่เกิดขึ้นบนโลกเยอะมาก', '1', '3', 'C3', '1', 'D3', '1', '2', '1', '1'),
(1128, 359, 'G2', '001237', 'B1', 'เป็นวิชาที่เน้นงานกลุ่มคะเเนนส่วนมากมาจากกลุ่มถ้าได้กลุ่มสมาชิกช่วยกันทำงาน งานกลุ่มออกมาดีA เเน่นอนไม่สอบด้วยสบายๆ', '3', '1', 'C0', '1', 'D2', '3', '3', '0', '1'),
(1129, 360, 'G2', '001231', 'B1', 'ดี', '0', '0', 'C3', '1', 'D3', '3', '2', '1', '0'),
(1130, 361, 'G2', '001237', 'B1', 'เรียนง่าย แต่งานเยอะ', '3', '1', 'C5', '1', 'D1, D2', '3', '3', '1', '0'),
(1131, 362, 'G2', '001237', 'B1', 'เป็นวิชาที่ควรมาเป็นกลุ่มเพราะงานกลุ่มจะเยอะมากถ้ามาด้วยกันจะดีหน่อย ไม่ค่อยมีเช็คชื่อนับครั้งได้เลย ยกคลาสบ่อยเพราะให้ไปทำงาน', '3', '1', 'C3', '1', 'D2', '2', '2', '1', '0'),
(1132, 365, 'G2', '001234', 'B1', 'รู้สึกสนุกดีได้เรียนรู้อะไรใหม่ๆ', '2', '2', 'C3', '0', 'D2, D3', '0', '2', '1', '0'),
(1133, 366, 'G2', '001235', 'B1', 'เรียนเกี่ยวกับประชาธิปไตย เงินเฟ้อเงินฝืด เอกลักษณ์ไทย ลักษณะทางสังคม งานเก็บคะแนน และข้อสอบ เขียนด้วยมือทั้งหมด ข้อสอบเป็นข้อเขียน ', '0', '3', 'C3', '2', 'D3', '0', '2', '1', '0'),
(1134, 367, 'G2', '001237', 'B9', 'รู้สึกมีสาระ', '3', '3', 'C3', '2', 'D2, D3', '1', '2', '1', '0'),
(1135, 368, 'G2', '001237', 'B1', 'ได้ทักษะในการใช้ชีวิตในมอและนอกมอ ในการแก้ไขปัญหาต่างๆได้ดี', '2', '2', 'C3', '0', 'D2', '1', '3', '1', '0'),
(1136, 369, 'G2', '001235', 'B3', 'ไม่ค่อย', '2', '3', 'C3', '2', 'D2', '0', '1', '1', '0'),
(1137, 372, 'G2', '001351', 'B1', 'งานกลุ่มเยอะ เช็คชื่อทุกคาบ เก็บเกรดง่าย', '3', '0', 'C5', '2', 'D3', '3', '3', '1', '0'),
(1138, 373, 'G2', '001236', 'B2', 'อ.ใจดีมาก สอนดี', '1', '3', 'C0', '1', 'D3', '2', '3', '1', '0'),
(1139, 374, 'G2', '001231', 'B1', 'งานกลุ่มเยอะเช็คชื่อทุกคาบ', '3', '0', 'C5', '2', 'D3', '3', '3', '1', '0'),
(1140, 375, 'G2', '001236', 'B1', 'อาจารย์สอนดีสนุกมากๆแถมไม่มีสอบอาจารย์ชิวมากแค่ทำงานส่งกับเช็คชื่อ', '0', '2', 'C0', '2', 'D3', '0', '3', '0', '0'),
(1141, 376, 'G2', '001232', 'B1', 'ชอบมากที่สุดค่ะ', '2', '0', 'C3', '2', 'D2, D3', '2', '3', '1', '0'),
(1142, 377, 'G2', '001234', 'B1', 'เฉยๆ', '2', '3', 'C3', '0', 'D2', '0', '1', '0', '0'),
(1143, 378, 'G2', '001234', 'B1', 'ดี', '1', '3', 'C3', '1', 'D2, D3', '0', '2', '1', '0'),
(1144, 379, 'G2', '001251', 'B2', 'งานกลุ่มเยอะมากๆ ', '3', '1', 'C3', '1', 'D3', '3', '3', '1', '1'),
(1145, 380, 'G2', '001239', 'B5', 'ได้ฝึกนำเสนอหน้าชั้นเรียน', '2', '3', 'C3', '2', 'D3', '3', '3', '1', '0'),
(1146, 381, 'G2', '001236', 'B1', 'สนุกดี เป็นคลาสใหญ่เจอคนเยอะ', '2', '1', 'C0', '2', 'D3', '1', '2', '1', '0'),
(1147, 382, 'G2', '001232', 'B1', 'เนื้อหาไม่ยากมาก มีงานกลุ่มงานเดียว', '1', '0', 'C3', '2', 'D3', '1', '2', '0', '0'),
(1148, 383, 'G2', '001237', 'B3', 'มีงานกลุ่ม เรียนได้เรื่อยๆ', '2', '1', 'C3', '0', 'D3', '0', '1', '0', '1'),
(1149, 384, 'G2', '001233', 'B1', 'ก็ดีส่วนใหญ่เป็นงานกลุ่มทำในคาบและพรีเซนต์ถ้าใครไม่ชอบงานกลุ่มอาจจะไม่เหมาะ ', '2', '1', 'C3', '1', 'D2, D3', '2', '2', '2', '0'),
(1150, 1, 'G3', '001271', 'B1', 'งานกลุ่มเป็นส่วนใหญ่ อาจารย์จะให้ซื้อหนังสือ มีเช็คชื่อท้ายคาบ หลังมิดเทอมจะเป็นทำงานกลุ่มไม่ค่อยได้เข้าเรียนส่วนมากอาจารย์จะขอพบหัวหน้ากลุ่มหรือตัวแทนกลุ่มเพื่อถามความคืบหน้า เก็บAง่ายมากแต่แนะนำให้ลงเรียนกับเพื่อนเยอะๆ', '3', '0', 'C4', '2', 'D3', '0', '2', '1', '1'),
(1151, 2, 'G3', '001273', 'B2', 'รู้สึกก็คือพื้นฐานง่ายๆสำหรับคณิตเลยจะมีสูตรเยอะให้จำและก็จะมีเรื่องคิดค่าเปอร์เซ็น ภาษีและสุดท้ายที่ยากที่สุดน่าจะเป็นเรื่องสถิติพื้นฐาน', '0', '3', 'C2', '2', 'D3', '0', '2', '1', '0'),
(1152, 3, 'G3', '001273', 'B5', 'ให้ทำโจทย์เยอะ', '0', '2', 'C2', '2', 'D3', '0', '1', '2', '1'),
(1153, 5, 'G3', '001271', 'B3', 'ค่อนข้างมีประโยชน์ต่อความเข้าใจเรื่องสิ่งแวดล้อม', '1', '2', 'C3', '0', 'D3', '1', '2', '1', '1'),
(1154, 6, 'G3', '001273', 'B3', 'เฉยๆ', '0', '2', 'C2', '1', 'D3', '0', '2', '1', '0'),
(1155, 8, 'G3', '001273', 'B4', 'คิดว่าสามารถนำไปใช้ประโยชน์ในอนาคตได้ดี', '0', '3', 'C2', '1', 'D3', '0', '3', '1', '0'),
(1156, 9, 'G3', '001279', 'B1', 'สนุก', '1', '2', 'C2', '2', 'D3', '1', '2', '1', '1'),
(1157, 10, 'G3', '001277', 'B3', 'มีความยากของเนื้อหา', '2', '2', 'C3', '2', 'D3', '1', '2', '2', '1'),
(1158, 11, 'G3', '001292', 'B1', 'สนุกดีเรียนจอยๆ', '3', '1', 'C5', '2', 'D3', '1', '2', '1', '0'),
(1159, 12, 'G3', '001271', 'B1', 'ดี', '3', '2', 'C3', '1', 'D3', '1', '2', '1', '1'),
(1160, 13, 'G3', '001272', 'B1', 'ดี ทำตามผู้สอน', '0', '3', 'C2', '1', 'D3', '0', '3', '1', '1'),
(1161, 14, 'G3', '001271', 'B1', 'ทำให้รู้หลัก SDG ESG และองค์ความรู้อื่นๆ ที่ทำให้เราเกิดความรักต่อสิ่งแวดล้อม', '3', '0', 'C4', '2', 'D2', '1', '2', '1', '1'),
(1162, 15, 'G3', '001279', 'B2', 'ง่ายเอาลง', '1', '3', 'C3', '1', 'D3', '0', '3', '0', '1'),
(1163, 16, 'G3', '001271', 'B1', 'เก็บเกรดง่ายดี', '3', '1', 'C3', '2', 'D2', '0', '2', '1', '1'),
(1164, 17, 'G3', '001272', 'B1', 'ง่ายมาก', '0', '3', 'C2', '2', 'D3', '1', '2', '0', '1'),
(1165, 18, 'G3', '001292', 'B1', 'เรียนสนุก', '2', '1', 'C3', '1', 'D3', '0', '2', '1', '0'),
(1166, 19, 'G3', '001271', 'B2', 'ช่วงนั้นเรียนเป็นออนไลน์เลยรู้สึกว่าค่อนข้างง่ายด้วยเนื้อหาวิชาและงาน เนื้อหาเหมือนทวนสิ่งที่รู้แล้วก็เอามาขยายเข้าเนื้อหาเลยเข้าใจง่ายรู้สึกไม่ไกลตัว', '3', '2', 'C2', '2', 'D2', '0', '3', '2', '0'),
(1167, 20, 'G3', '001279', 'B2', 'ได้ทบทวนความรู้ช่วงมี.ปลาย', '2', '1', 'C3', '2', 'D3', '1', '2', '0', '1'),
(1168, 21, 'G3', '001271', 'B1', 'งานค่อนข้างเยอะ', '3', '1', 'C3', '1', 'D2', '3', '2', '1', '1'),
(1169, 22, 'G3', '001279', 'B1', 'สนุกสนาน ได้สร้างนวัตกรรม ', '3', '1', 'C3', '2', 'D3', '1', '2', '1', '0'),
(1170, 23, 'G3', '001272', 'B1', 'ตอนที่เรียนวิชานี้ อาจารย์จะสอนเกี่ยวกับการใช้ Canva ตัดต่อวิดีโอ แล้วก็ออกแบบการนำเสนอเป็นส่วนใหญ่ เนื้อหาที่สอนไม่ยาก แต่การสอนของแต่ละเซคจะแตกต่างกัน บางเซคมีสอบย่อย บางเซคไม่มี อย่างของเราไม่มี แล้วอาจารย์ก็ไม่ค่อยเข้าสอนเท่าไหร่ จะเน้นให้ทำงานส่งออนไลน์มากกว่า', '0', '3', 'C3', '0', 'D1', '0', '1', '1', '1'),
(1171, 25, 'G3', '001279', 'B2', 'ได้ความรู้ ผ่อนคลาย', '0', '2', 'C3', '2', 'D3', '0', '2', '1', '1'),
(1172, 26, 'G3', '001271', 'B1', 'เป็นวิชาที่เน้นดำเนินชีวิตที่ให้ความสำคัญกับสิ่งแวดล้อมรอบตัว เน้นการรักษ์โลก อาจารย์สอนเข้าใจง่าย ได้มีการนวัตกรรมที่เข้ามาช่วยจัดการปัญหาที่เกี่ยวสิ่งแวดล้อม', '1', '1', 'C3', '1', 'D3', '1', '2', '1', '1'),
(1173, 27, 'G3', '001278', 'B1', 'เป็นวิชาที่เนื้อหาไม่ซับซ้อน เข้าใจง่าย และได้เรียนกับอาจารย์/วิทยากรหลายท่านทำให้ได้เรียนรู้หลายอย่างค่ะ', '0', '3', 'C3', '2', 'D2', '0', '2', '0', '1'),
(1174, 28, 'G3', '001291', 'B1', 'ดี', '2', '3', 'C2', '2', 'D3', '1', '3', '2', '1'),
(1175, 30, 'G3', '001271', 'B3', 'เฉยๆ', '2', '1', 'C3', '1', 'D3', '1', '2', '1', '1'),
(1176, 32, 'G3', '001278', 'B1', 'มีความสุข', '2', '2', 'C2', '1', 'D2', '1', '2', '1', '0'),
(1177, 33, 'G3', '001272', 'B4', 'เขียนโค้ด', '1', '2', 'C3', '2', 'D2', '1', '3', '2', '0'),
(1178, 34, 'G3', '001272', 'B1', 'เรียนสนุก อาจารย์ใจดีสอนชิวๆ', '1', '2', 'C3', '1', 'D2', '0', '1', '0', '1'),
(1179, 35, 'G3', '001271', 'B2', 'ชิวๆไม่เครียด', '0', '1', 'C2', '1', 'D3', '0', '3', '0', '0'),
(1180, 36, 'G3', '001271', 'B1', 'ดีค่ะ', '2', '1', 'C2', '2', 'D2', '1', '2', '1', '1'),
(1181, 37, 'G3', '001278', 'B1', 'เป็นวิชาที่น่าสนใจมาก', '1', '2', 'C3', '2', 'D3', '1', '3', '1', '0'),
(1182, 40, 'G3', '001271', 'B1', 'เป็นเนื้อหาที่ค่อนข้างวิทยาศาสตร์สำหรับเด็กสายภาษาอาจจะรู้สึกอยาก เน้นงานกลุ่มและเนื้อหาที่ออกสอบก็มาจากที่เรียน เรียนน้อยแต่เนื้อหายาก', '2', '2', 'C2', '2', 'D3', '1', '3', '2', '0'),
(1183, 42, 'G3', '001271', 'B1', 'โอเคดี ', '3', '2', 'C2', '2', 'D2', '3', '3', '1', '1'),
(1184, 43, 'G3', '001273', 'B2', 'ดี', '0', '2', 'C2', '2', 'D3', '0', '3', '2', '1'),
(1185, 44, 'G3', '001272', 'B1', 'ได้ความรู้นำไปต่อยอดเยอะ', '1', '1', 'C2', '2', 'D3', '1', '2', '1', '1'),
(1186, 45, 'G3', '001279', 'B1', 'อาจารย์ใจดีมาก สอนดี เนื้อหาคือวิทยาศาสตร์มัธยมปลาย ', '1', '3', 'C3', '2', 'D3', '0', '1', '1', '0'),
(1187, 47, 'G3', '001273', 'B4', 'อาจารย์สอนเข้าใจง่ายดี ถ้าอ่านสไลด์ก่อนสอบ+ทำโจนิดหน่อยทำได้แน่นอนน', '1', '1', 'C2', '2', 'D3', '0', '2', '1', '1'),
(1188, 50, 'G3', '001279', 'B2', 'มีเนื้อหาตอนม.ปลายมาบ้าง แต่ก็เรียนลึกกว่าม.ปลายนิดนึง เนื้อหาเยอะ', '1', '2', 'C3', '2', 'D3', '1', '1', '1', '1'),
(1189, 53, 'G3', '001278', 'B3', 'เรียนสนุก เเต่ไม่ค่อยเข้าใจ', '2', '2', 'C3', '1', 'D3', '1', '2', '2', '0'),
(1190, 54, 'G3', '001271', 'B1', 'งานกลุ่มเยอะ มีการให้ตำแหน่งแต่ละคนในงานกลุ่ม และมีพรีเซ้นท์ ไม่มีสอบปลายภาค(ไม่แน่ใจ) แต่จะเป็นการส่งงานกลุ่ม แนะนำให้ลงทะเบียนกับเพื่อน ลดความปวดหัวไปได้มากกว่ากับทำงานกับคนที่ไม่รู้จัก อาจารย์เน้นสอนช่วงแรกและช่วงหลังให้ทำงานหรือเป็นการควิซในหลังคาบเล็กน้อย', '3', '1', 'C4', '2', 'D3', '3', '3', '1', '0'),
(1191, 55, 'G3', '001279', 'B2', 'เนื้อหาเข้าใจง่าย ลำดับการสอนในแต่ละเรื่องค่อนข้างดี', '2', '2', 'C2', '2', 'D3', '1', '2', '1', '1'),
(1192, 56, 'G3', '001273', 'B5', 'ได้รู้จักสถิติมากขึ้น', '1', '0', 'C2', '2', 'D3', '0', '2', '1', '0'),
(1193, 57, 'G3', '001271', 'B1', 'เหมือนเรียนชีวะ 1 ', '2', '2', 'C2', '1', 'D2', '1', '3', '1', '1'),
(1194, 58, 'G3', '001271', 'B3', 'รายวิชานี้จะเน้นไปที่สอนให้เรารักษาสิ่งแวดล้อมโดยการที่เราสามารถอยู่ร่วมกับสิ่งแวดล้อมต่างๆได้โดยที่ตัวเราจะไม่เผลอไปทำลายสิ่งแวดล้อม ', '3', '2', 'C2', '1', 'D3', '0', '3', '1', '1'),
(1195, 59, 'G3', '001273', 'B4', 'แย่ ผู้สอนหลายคน ทำให้สไตล์การสอนต่างกันมาก ปรับตัวไม่ทัน ข้อสอบกาทั้งหมดวัดความรู้ไม่ได้ น่าจะออกข้อเขียนนะ อาจารย์ผู้สอนเยอะมากตรวจไหวอยู่แล้ว แข่งโครงงานเสร็จยันดึก ได้มีแค่เงินรางวัลไม่กี่บาท อยากได้รางวัลเป็นคะแนนเกรดมากกว่า', '1', '3', 'C2', '2', 'D3', '1', '0', '1', '1'),
(1196, 60, 'G3', '001279', 'B3', 'พอเข้าใจ', '1', '3', 'C2', '2', 'D3', '3', '2', '1', '1'),
(1197, 62, 'G3', '001292', 'B2', 'เรียนง่าย เนื้อหาไม่อยาก เช็คชื่อทำงานส่งครบก็A', '1', '2', 'C3', '1', 'D2', '0', '2', '1', '0'),
(1198, 63, 'G3', '001271', 'B1', 'เป็นการเรียนการสอนที่ค่อนข้างยืดหยุ่นเพราะ นอกจากจะมีการบรรยายแล้ว ยังมี TA ที่สามารถที่จะถามเพื่อทำความเข้าใจได้', '2', '1', 'C3', '1', 'D3', '1', '1', '1', '1'),
(1199, 64, 'G3', '001278', 'B2', 'ยากอยู่ เนื้อหาเยอะ งานกลุ่ม ละก็ข้อสอบค่อนข้างยาก', '3', '1', 'C3', '1', 'D3', '0', '2', '1', '1'),
(1200, 65, 'G3', '001275', 'B2', 'สอนดีเข้าใจง่าย สนุก', '2', '1', 'C3', '1', 'D3', '1', '1', '1', '1'),
(1201, 66, 'G3', '001279', 'B1', 'เรียนสบาย', '1', '2', 'C2', '1', 'D3', '1', '2', '1', '0'),
(1202, 67, 'G3', '001292', 'B1', 'อาจารย์​สอนสนุก', '1', '3', 'C3', '1', 'D2, D3', '1', '2', '1', '0'),
(1203, 68, 'G3', '001279', 'B1', 'วิชานี้ดี เรียนสนุก งานไม่ยาก แต่งาน project ใหญ่ต้องเลือกเพื่อนดีๆ เพราะงานนี้เอาคะแนนเยอะ', '1', '3', 'C3', '2', 'D3', '1', '3', '1', '1'),
(1204, 69, 'G3', '001272', 'B1', 'ได้ความรู้เพิ่มเติมเกี่ยวกับคอมเยอะมาก เรียนชิลๆเก้บเอง่ายถ้าส่งงานครบ', '0', '3', 'C2', '2', 'D3', '3', '3', '1', '1'),
(1205, 70, 'G3', '001273', 'B1', 'สนุกมากครับ โดยส่วนตัวเป็นคนอบคณิตอยู่แล้ว และยังได้ฝึกคำนวณภาษีด้วย', '1', '2', 'C2', '0', 'D3', '0', '3', '1', '1'),
(1206, 72, 'G3', '001272', 'B1', 'ได้เรียนรู้การใช้คอมพิวเตอร์ขั้นพื้นฐานที่บางครั้งอาจจะยังไม่รู้ เป็นวิชาที่ดี อาจารย์สอนแบบใจเย็นค่อยเป็นค่อยไปทีละขั้นตอน ', '0', '3', 'C3', '0', 'D3', '0', '3', '1', '1'),
(1207, 75, 'G3', '001275', 'B1', 'ได้เรียนรูสิถีชีวิตต่างๆ', '2', '1', 'C3', '0', 'D3', '0', '2', '1', '0'),
(1208, 77, 'G3', '001279', 'B4', 'โอเคค่ะ แต่บางทีสอนน่าเบื่อไปนิดนึง', '2', '3', 'C3', '2', 'D3', '0', '2', '1', '1'),
(1209, 81, 'G3', '001273', 'B7', 'ยากมาก', '0', '3', 'C2', '1', 'D3', '0', '3', '2', '1'),
(1210, 82, 'G3', '001278', 'B1', 'สนุกดี', '0', '2', 'C3', '0', 'D3', '0', '2', '1', '1'),
(1211, 85, 'G3', '001292', 'B1', 'เรียนไม่ค่อยยาก เน้นงานกลุ่ม', '3', '1', 'C4', '2', 'D3', '3', '3', '1', '0'),
(1212, 87, 'G3', '001279', 'B2', 'อาจารย์ใจดี เนื้อหาวิทย์ม.ปลาย มีงานกลุ่มใหญ่1งาน', '1', '2', 'C3', '2', 'D3', '1', '3', '1', '0'),
(1213, 88, 'G3', '001271', 'B1', 'ดีได้คิดค้นนวัตกรรมใหม่ๆ ได้ทำงานกลุ่มกับเพื่อนต่างคณะ สนุกมาก ', '2', '2', 'C0', '1', 'D3', '1', '3', '2', '0'),
(1214, 89, 'G3', '001272', 'B3', 'เปิดโลก', '1', '3', 'C2', '1', 'D3', '0', '3', '1', '0'),
(1215, 90, 'G3', '001279', 'B3', 'มีดูดาวสนุกดีค่ะ', '3', '3', 'C3', '2', 'D2', '2', '2', '1', '1'),
(1216, 91, 'G3', '001277', 'B7', 'งง ยาก', '2', '2', 'C3', '2', 'D2', '2', '2', '2', '0'),
(1217, 93, 'G3', '001273', 'B4', 'เป็นเนื้อหาคณิตม.ปลายอาจารย์อนุญาตให้ใช้เครื่องคิดเลขคำนวณได้ มีการแบ่งอาจารย์สอนแต่ละบทที่เรียน การเช็กชื่อแล้วแต่อาจารย์ที่สอนว่าเช็กหรือไม่เช็ก แต่มีการสอบย่อยตลอด การสอบออกตามเนื้อหาที่สอนแต่อาจจะมีการประยุกต์เล็กน้อย ข้อสอบไม่ยากมาก มีการทำโปรเจ็กเกี่ยวกับบทที่เรียน', '1', '3', 'C2', '1', 'D3', '1', '2', '1', '0'),
(1218, 94, 'G3', '001277', 'B4', 'ยาก เนื้อหาเยอะ', '0', '3', 'C3', '1', 'D3', '1', '0', '2', '1'),
(1219, 95, 'G3', '001279', 'B3', 'เรียนวิทย์ทั่วไป มีกิจกรรม', '2', '2', 'C4', '1', 'D3', '3', '3', '1', '1'),
(1220, 96, 'G3', '001279', 'B1', 'สนุก ชอบมาก', '1', '1', 'C2', '2', 'D3', '1', '3', '2', '1'),
(1221, 98, 'G3', '001273', 'B2', 'ง่ายๆเรียนแค่พื้นฐานเน้นจำสูตรละก็เข้าใจ', '0', '3', 'C2', '0', 'D3', '0', '1', '1', '0'),
(1222, 99, 'G3', '001272', 'B1', 'ดี', '0', '2', 'C2', '2', 'D2, D3', '2', '2', '1', '1'),
(1223, 100, 'G3', '001273', 'B2', 'เน้นคำนวณท่องจำด้วย', '1', '3', 'C3', '2', 'D3', '1', '2', '2', '1'),
(1224, 101, 'G3', '001272', 'B3', 'ถ้าไม่เก่งคอม ไม่แนะนำให้เรียน ยากมากก', '0', '3', 'C3', '2', 'D1', '0', '2', '2', '1'),
(1225, 102, 'G3', '001278', 'B2', 'เนื้อหาที่เรียน ส่วนมากเป็นประโยชน์ต่อสถานการณ์ปัจจุบัน การดำรงชีวิต การสังเกตพฤติกรรมตัวเอง ให้ตระหนักเรื่องสุขภาพ การเรียนการสอนมีรูปแบบที่หลากหลายมากกว่าการนั่งเรียน มีการปฏิบัติร่วมด้วยซึ่งเป็นการเรียนรู้ที่ทำให้รู้สึกว่าจำได้ดีกว่านั่งฟังจากการสอนเพียงรูปแบบเดียว', '0', '3', 'C3', '0', 'D2, D3', '0', '3', '2', '0'),
(1226, 103, 'G3', '001277', 'B5', 'ดี', '2', '2', 'C2', '2', 'D2', '1', '2', '1', '1'),
(1227, 104, 'G3', '001278', 'B1', 'สนุกดีค่ะ', '1', '2', 'C3', '0', 'D3', '0', '2', '1', '1'),
(1228, 107, 'G3', '001275', 'B4', 'เนื้อหาออกแนววิทย์สุขภาพ ใครสนใจก็เลือกได้', '1', '2', 'C3', '0', 'D3', '0', '2', '2', '0'),
(1229, 109, 'G3', '001271', 'B3', 'เหมือนเรียนพื้นฐานวิทย์มอปลาย', '2', '2', 'C2', '1', 'D2, D3', '1', '3', '1', '1'),
(1230, 110, 'G3', '001279', 'B2', 'ง่วงบ้างในบางเนื้อหา เป็นวิทยาศาสตร์ม.ปลาย', '1', '2', 'C3', '2', 'D3', '0', '1', '1', '1'),
(1231, 113, 'G3', '001279', 'B1', 'ดีค่ะ เหมือนเรียนในมัธยม', '3', '2', 'C3', '2', 'D3', '2', '2', '1', '1'),
(1232, 114, 'G3', '001275', 'B1', 'จะมีให้ทำงานในชั้นเรียนเยอะหน่อยแต่ไม่ยาก ส่วนสอบก็หาแนวข้อสอบถามรุ่นพี่ได้เลย', '2', '2', 'C3', '0', 'D3', '0', '2', '1', '0'),
(1233, 115, 'G3', '001291', 'B5', 'ค่อนข้างยากสำหรับคนไม่ชอบแนววิทยาศาสตร์แต่ก็ไม่ได้วิทยาศาตร์ขนาดนั้นตามชื่อรายวิชาเลยคือในชีวิตประจำวัน', '2', '2', 'C3', '1', 'D3', '1', '2', '1', '0'),
(1234, 116, 'G3', '001275', 'B3', 'มีงานกลุ่มเยอะ แนะนำ เพราะงานไม่หนัก ควรหาเพื่อนเพื่อจับกลุ่มทำงาน', '2', '1', 'C3', '1', 'D3', '1', '3', '0', '1'),
(1235, 117, 'G3', '001278', 'B2', '-', '0', '3', 'C3', '2', 'D3', '1', '3', '1', '0'),
(1236, 118, 'G3', '001274', 'B2', 'อาจารย์สอนเข้าใจ ได้รู้เรื่องยาต่างๆที่เราไม่ค่อยรู้ ', '1', '2', 'C3', '2', 'D3', '3', '2', '1', '1'),
(1237, 119, 'G3', '001279', 'B1', 'วิชานี้เป็นรายวิชาที่มีเนื้อหาเกี่ยวกับฟิสิกส์ เคมี และชีววิทยา โดยมีลักษณะเนื้อหาเป็นขั้นพื้นฐานของวิชาวิทยาศาสตร์ระดับชั้นมัธยมศึกษาตอนปลายตามหลักสูตรแกนกลาง พ.ศ. 2551 ทำให้เป็นรายวิชาที่ไม่ยอกสำหรับผู้เรียนที่เคยเรียนในสายวิชาวิทยาศาสตร์-คณิตศาสตร์ แต่อาจยากสำหรับผู้เรียนสายอื่น ๆ โดยจะมีกิจกรรมดูดาวและการจัดทำสิ่งประดิษฐ์ต่าง ๆ แล้วนำเสนอร่วมกันเป็นกลุ่มด้วย วิชานี้จึงเป็นอีกหนึ่งวิชาสำหรับผู้ที่อยากทบทวนเนื้อหาวิทยาศาสตร์พื้นฐาน มีกิจกรรมย่อยให้ทำอยู่เนือง ๆ และมีกิจกรรมกลุ่มใหญ่ สำหรับการสอบจะใช้เนื้อหาที่สอนออกสอบแบบตรง ๆ', '2', '2', 'C3', '2', 'D3', '2', '3', '1', '1'),
(1238, 124, 'G3', '001271', 'B1', 'ค่อนข้างง่ายถ้าตั้งใจเรียน แต่ต้องซื้อหนังสือประกอบการเรียน ราคาค่อนข้างสูง ข้อสอบค่อนข้างยาก ', '3', '2', 'C3', '0', 'D3', '0', '2', '1', '1'),
(1239, 129, 'G3', '001291', 'B4', 'ดี อาจารยผืสอนสนุก ความรู้แน่นๆอาจารย์จากคณะสาธารณสุข', '1', '2', 'C3', '1', 'D3', '1', '3', '1', '0');
INSERT INTO `Form_review` (`fr_ID`, `fg_ID`, `group_type`, `subject_ID`, `grade_ID`, `review`, `groupwork_ID`, `solowork_ID`, `exam_ID`, `attendance_ID`, `instruction_ID`, `present_ID`, `experience_ID`, `challenge_ID`, `time_ID`) VALUES
(1240, 130, 'G3', '001279', 'B2', 'สำหรับคนที่ไม่เก่งวิทย์ ก็เรียนได้สนุกดี', '1', '3', 'C3', '1', 'D3', '1', '3', '1', '1'),
(1241, 131, 'G3', '001271', 'B3', 'เรียนง่าย ไม่มีสอบกลางภาค', '1', '2', 'C5', '1', 'D1, D2', '1', '3', '1', '0'),
(1242, 132, 'G3', '001273', 'B3', 'คนกรุงเทพมีนาคมที่ผ่านมาโดย', '2', '2', 'C5', '2', 'D2', '2', '1', '1', '1'),
(1243, 133, 'G3', '001271', 'B2', 'มีสไลด์ให้ดู ต้องซื้อหนังสือ ข้อสอบค่อนข้างยาก', '3', '2', 'C3', '0', 'D3', '0', '2', '1', '1'),
(1244, 134, 'G3', '001279', 'B4', 'ดี', '2', '2', 'C3', '0', 'D3', '0', '2', '1', '1'),
(1245, 135, 'G3', '001273', 'B3', 'วิชานี้ใครที่ได้คณิตจะเรียนง่าย เน้นความเข้าใจในรายวิชา ', '2', '2', 'C2', '1', 'D3', '1', '3', '2', '1'),
(1246, 136, 'G3', '001279', 'B1', 'สนุกดีครับ', '2', '2', 'C2', '2', 'D2', '2', '3', '2', '1'),
(1247, 137, 'G3', '001279', 'B1', 'เป็นการทบทวนความรู้ ม.ปลาย', '2', '2', 'C3', '0', 'D3', '0', '2', '1', '1'),
(1248, 139, 'G3', '001277', 'B2', 'คนเยอะ บรรยากาศในห้องก็จะง่วงๆนิดหน่อย มีเนื้อหาสไลด์เยอะ แต่ข้อสอบตรงกับในสไลด์ค่ะ', '2', '2', 'C3', '1', 'D3', '1', '2', '1', '1'),
(1249, 141, 'G3', '001272', 'B2', 'ชิลมีเชิงปฏิบัติเรียนโปรแกรมพื้นฐาน ทฤษฎีฟังอย่างเดียว', '1', '2', 'C2', '1', 'D2, D3', '1', '2', '1', '1'),
(1250, 142, 'G3', '001271', 'B1', 'สนุกดี', '3', '1', 'C2', '0', 'D3', '0', '3', '1', '1'),
(1251, 143, 'G3', '001273', 'B3', 'รู้สึกดีได้ความรู้เยอะ', '1', '1', 'C2', '0', 'D3', '0', '3', '2', '1'),
(1252, 144, 'G3', '001271', 'B1', 'เกรดง่ายถ้าตั้งใจ', '2', '2', 'C3', '1', 'D3', '1', '2', '1', '0'),
(1253, 145, 'G3', '001271', 'B1', 'สนุกค่ะ', '3', '1', 'C2', '0', 'D2, D3', '0', '2', '1', '1'),
(1254, 146, 'G3', '001271', 'B2', 'จำไม่ได้ค่ะ', '1', '1', 'C3', '0', 'D1, D3', '0', '2', '0', '0'),
(1255, 147, 'G3', '001271', 'B1', 'สนุกกับการคิดงานนวัตกรรม', '3', '0', 'C2', '1', 'D2, D3', '1', '2', '1', '1'),
(1256, 148, 'G3', '001272', 'B1', 'ดีมากกสอนเกี่ยวกับคอมพิ้นฐานแต่บางเซคก็งานยิบย่อยเยอะถ้าตั้งใจอ่านหนังสือสอบและเข้าเรียนได้เกรดดีแน่นอน', '0', '2', 'C3', '0', 'D2', '0', '3', '1', '1'),
(1257, 149, 'G3', '001271', 'B1', 'ได้รู้อะไรที่ไม่เคยรู้ เกี่ยวกับมนุษย์มากขึ้น', '2', '2', 'C2', '2', 'D2', '2', '2', '1', '1'),
(1258, 151, 'G3', '001271', 'B1', 'สนุกดี แต่ต้องเสียตังซื้อหนังสือ', '3', '1', 'C3', '2', 'D3', '2', '2', '1', '1'),
(1259, 152, 'G3', '001279', 'B2', 'เรียนชิวๆแต่มีงานกลุ่มและมีกิจกรรมประกวดมีเงินรางวัล', '2', '0', 'C3', '1', 'D2', '1', '2', '1', '1'),
(1260, 153, 'G3', '001271', 'B1', 'ชิวดี แต่ต้องมีกลุ่ม', '3', '0', 'C2', '0', 'D3', '0', '3', '1', '1'),
(1261, 154, 'G3', '001275', 'B3', 'ได้ความรู้ใหม่ๆ', '2', '2', 'C3', '1', 'D3', '1', '2', '1', '0'),
(1262, 155, 'G3', '001291', 'B9', 'ดีค่ะ อจ.สอนดี', '2', '2', 'C3', '1', 'D3', '1', '3', '1', '1'),
(1263, 157, 'G3', '001279', 'B1', 'เนื้อหามัธยมปลาย เข้าใจง่าย เก็บAง่าย', '3', '1', 'C3', '2', 'D3', '2', '2', '1', '1'),
(1264, 158, 'G3', '001271', 'B1', 'ได้ทำโปรเจค งานกลุ่มสนุก', '3', '0', 'C3', '2', 'D3', '2', '3', '1', '0'),
(1265, 159, 'G3', '001292', 'B2', 'สนุก', '2', '2', 'C4', '1', 'D1', '1', '2', '1', '1'),
(1266, 161, 'G3', '001292', 'B1', 'สนุกดี', '3', '1', 'C4', '2', 'D1', '2', '2', '1', '1'),
(1267, 162, 'G3', '001271', 'B2', '-', '3', '2', 'C0', '1', 'D3', '1', '2', '1', '1'),
(1268, 163, 'G3', '001279', 'B1', 'ผมรู้สึกว่าเป็นรายวิชาที่มีกิจกรรมน่าสนใจคือดูดาวในพื้นที่เปิด ด้วยธรรมชาติของรายวิชาที่อยู่ในสาขาวิทยาศาสตร์และคณิตศาสตร์ จึงมีเนื้อหาวิชาการทางด้านวิทยาศาสตร์เป็นธรรมดา แต่ก็ไม่ได้ยากเกินไป และมีประโยชน์ที่จะเรียนรู้ เรียนในรายวิชานี้ไม่เครียดมาก ได้ใช้ความคิดสร้างสรรค์เชิงนวัตกรรมวิทยาศาสตร์ค่อนข้างมาก แต่ก็น่าสนใจและน่าสนุกดีครับ', '0', '2', 'C3', '0', 'D3', '0', '2', '1', '1'),
(1269, 164, 'G3', '001271', 'B1', 'ข้อสอบง่าย แต่งานยาก เก็บเอง่ายมากถ้าส่งงาน', '3', '2', 'C3', '0', 'D1', '0', '2', '1', '1'),
(1270, 165, 'G3', '001272', 'B2', 'แต่ละเซคในคาบปฏิบัติจะเรียนไม่เหมือนกันตามความยากง่ายของผู้สอน', '1', '2', 'C2', '1', 'D3', '1', '2', '1', '1'),
(1271, 166, 'G3', '001279', 'B2', 'วิชานี้สอนสนุกมาก มีเเต่อะไรที่เเปลกใหม่', '2', '2', 'C3', '1', 'D3', '1', '3', '2', '1'),
(1272, 168, 'G3', '001271', 'B1', 'เรียนยากนิดนึง แต่มีโปรเจคถ้าทำได้ดีกคะแนนดี', '2', '2', 'C0', '0', 'D3', '0', '2', '2', '1'),
(1273, 170, 'G3', '001273', 'B5', 'ยากอะ ', '0', '3', 'C2', '0', 'D3', '0', '1', '2', '0'),
(1274, 171, 'G3', '001291', 'B4', 'รู้สึกว่าเป็นวิชาที่เนื้อหาเยอะมาก', '1', '2', 'C2', '1', 'D3', '1', '2', '2', '1'),
(1275, 173, 'G3', '001271', 'B3', 'ขยันเข้าเรียน', '3', '2', 'C0', '2', 'D2, D3', '3', '3', '2', '0'),
(1276, 176, 'G3', '001291', 'B1', 'เนื้อหาเยอะ ฝั่งวิทย์สุขภาพได้เปรียบเพราะเป็นเรื่องที่คุ้นเคย มีทั้งงานเดี่ยว งานกลุ่มทำคลิปนำเสนอ มีคำนวนแคลลอรี่', '2', '3', 'C2', '0', 'D3', '0', '2', '2', '1'),
(1277, 181, 'G3', '001279', 'B3', 'เป็นวิชาที่ไม่ยากเลย ถ้าใครเรียนสายวิทย์คณิตมาอันนี้เหมือนได้ทบทวนจากเนื้อหาม.ปลายบวกกับได้ความรู้ใหม่เนื้อหาของมหาวิทลัยนิดหน่อย ถ้าตั้งใจเรียนเอก็ได้มาไม่ยาก แต่นี่ไม่ได้ไง', '2', '1', 'C3', '2', 'D2, D3', '2', '2', '1', '0'),
(1278, 182, 'G3', '001279', 'B2', 'ง่ายมาก เป็นพื้นฐานของหลายๆวิชาความรู้ม.ต้น-ปลาย', '1', '1', 'C3', '1', 'D3', '1', '2', '1', '1'),
(1279, 183, 'G3', '001279', 'B2', 'สนุกที่ได้เรียนการทดลอง', '2', '2', 'C3', '1', 'D3', '1', '3', '1', '1'),
(1280, 184, 'G3', '001277', 'B4', 'กะดีอยู่', '2', '2', 'C3', '2', 'D3', '2', '2', '1', '1'),
(1281, 187, 'G3', '001292', 'B1', 'ทำงานเป็นทีม ทำงานเยอะเป็นวิชาเก็บเองได้ง่ายสำหรับคนชอบทำงานกลุ่ม ', '3', '1', 'C7', '0', 'D3', '0', '1', '0', '1'),
(1282, 188, 'G3', '001274', 'B4', 'ได้รับความรู้ใหม่ๆเกี่ยวกับการใช้ยา ได้รู้จักยาที่เราไม่เคยรู้สรรพคุณมาก่อน ได้รู้จักโรคใกล้ตัวเบื้องต้น และโรคอื่นๆตามแขนง พร้อมด้วยวิธีการป้องกัน และแก้ไข ถือว่าเป็นวิชาที่ควรเรียน เพราะมีแบบฝึกหัด มีแล็บให้ทบทวนเนื้อหาที่เรียนด้วย ', '3', '2', 'C2', '2', 'D2, D3', '3', '3', '2', '1'),
(1283, 189, 'G3', '001271', 'B3', 'เข้าใจสิ่งต่างๆมากขึ้น', '2', '2', 'C3', '1', 'D2, D3', '1', '2', '1', '0'),
(1284, 194, 'G3', '001279', 'B3', 'สอนดี', '1', '3', 'C3', '2', 'D3', '2', '2', '1', '0'),
(1285, 195, 'G3', '001271', 'B2', 'เซคใหญ่เรียนเยอะมีแค่งานกลุ่ม', '3', '0', 'C3', '2', 'D2, D3', '3', '2', '1', '0'),
(1286, 200, 'G3', '001279', 'B3', 'ดี', '3', '3', 'C1', '2', 'D2', '3', '3', '2', '1'),
(1287, 201, 'G3', '001277', 'B3', 'สนุกดี ยากหน่อย แนววิทย์', '2', '2', 'C3', '2', 'D3', '2', '2', '1', '1'),
(1288, 202, 'G3', '001279', 'B1', 'ได้เข้าใจเกี่ยวกับศาสตร์ทางวิทยาศาสตร์เบื้องต้น', '1', '3', 'C2', '1', 'D3', '1', '3', '1', '1'),
(1289, 203, 'G3', '001275', 'B3', 'ไม่ขยันอย่าเรียน ข้อสอบ 120+ ข้อ เนื้อหาเยอะ ไม่เหมาะกับคนหวัง A', '3', '3', 'C3', '2', 'D3', '2', '2', '2', '1'),
(1290, 204, 'G3', '001279', 'B3', 'เนื้อที่เรียนเยอะมีทั้งที่เคยเรียนจากม.4-6 และเนื้อหาใหม่', '0', '3', 'C3', '0', 'D3', '0', '3', '2', '1'),
(1291, 205, 'G3', '001279', 'B2', 'เป็นพื้นฐานวิทย์ทั่วไป เคมี ฟิสิกส์ ชีวะ', '2', '2', 'C3', '2', 'D3', '2', '2', '1', '1'),
(1292, 206, 'G3', '001272', 'B3', 'สนุก', '0', '3', 'C3', '0', 'D3', '0', '3', '0', '1'),
(1293, 207, 'G3', '001271', 'B3', 'ดีค่ะแต่งานค่อนข้างพอใช้ได้ ทำงานกลุ่มประเมินตนเอง', '3', '1', 'C0', '2', 'D2, D3', '2', '2', '1', '0'),
(1294, 208, 'G3', '001271', 'B4', 'ไม่เด็กวิทย์ก็เหนื่อยหน่อยนะ มีให้คิดนวัตกรรมเพื่อสิ่งแวดล้อม แต่สิ่งที่สร้างก็ควรมีพื้นฐานอิงวิทย์ มีประโยชน์ในเรื่องการสอนตัวช่วยในการจะคิดสิ่งประดิษฐ์หนึ่งขึ้นมา', '3', '1', 'C2', '1', 'D2', '1', '2', '1', '1'),
(1295, 209, 'G3', '001279', 'B1', 'วิทย์พื้นฐานม.4-6', '0', '2', 'C3', '0', 'D3', '0', '1', '0', '0'),
(1296, 210, 'G3', '001272', 'B1', 'เนื้อหาเยอะต้องท่องจำ ทำงานส่งทุกคาบก็สบายแล้วคะแนนเก็บเยอะ', '0', '2', 'C3', '0', 'D2, D3', '0', '1', '1', '1'),
(1297, 211, 'G3', '001275', 'B3', 'รู้เรื่องโภชนา', '2', '2', 'C3', '2', 'D3', '2', '2', '1', '0'),
(1298, 212, 'G3', '001291', 'B3', 'เข้าใจง่าย มีแบบฝึกหัดให้ฝึกทำ', '1', '2', 'C2', '1', 'D3', '1', '2', '1', '1'),
(1299, 213, 'G3', '001271', 'B3', '-', '2', '2', 'C3', '0', 'D2', '0', '2', '1', '1'),
(1300, 215, 'G3', '001273', 'B3', 'เป็นประโยชน์ในการประยุกต์ใช้ในชีวิตประจำวัน', '2', '2', 'C3', '1', 'D3', '1', '2', '1', '1'),
(1301, 218, 'G3', '001275', 'B3', 'ก็ดีนะ', '3', '3', 'C2', '2', 'D2, D3', '3', '2', '1', '1'),
(1302, 219, 'G3', '001271', 'B3', 'ได้รุ้จักโลกมาขึ้น การใช้ชีวิตโดยลดการทำลายสิ่งแวดล้อม', '2', '2', 'C3', '2', 'D3', '2', '2', '1', '0'),
(1303, 220, 'G3', '001292', 'B1', 'ง่ายๆเลยเนื้อหาไม่ยาก มีงานกลุ่มช่วยกับออกแบบผลิตภัณฑ์รักโลกเเต่ไม่ต้องทำจริงนะแค่ไอเดียกับเสนอวิธีการทำ ส่วนนำเสนอหน้าชั้นเรียนจะมีแค่กลุ่มที่เพื่อนร่วมกันโหวตว่าชอบงานกลุ่มไหนที่สุดสัก3-5กลุ่มที่จะต้องไปนำเสนอ(เวลาเข้าคลาสเช็คteamsดีดีน้า เขาชอบแจ้งยกใกล้ๆจะถึงเวลา)', '1', '2', 'C5', '1', 'D2, D3', '1', '1', '0', '1'),
(1304, 221, 'G3', '001275', 'B5', 'สนุก', '2', '2', 'C3', '2', 'D2', '2', '2', '1', '0'),
(1305, 223, 'G3', '001273', 'B4', 'ได้ความรู้ทางสถิติมากขึ้น', '1', '3', 'C2', '0', 'D3', '0', '2', '2', '1'),
(1306, 225, 'G3', '001271', 'B4', 'ได้ความรู้เกี่ยวกับการอยู่ที่มนุษย์อยู่ร่วมกับสิ่งแวดล้อมและการรักษาทรัพยากรให้คงอยู่', '3', '2', 'C3', '2', 'D3', '2', '3', '1', '1'),
(1307, 227, 'G3', '001274', 'B2', 'เนื้อหาเยอะมากกกก เรียนสนุกถ้าชอบเรียนเกี่ยวกับสุขภาพ เกี่ยวกับยา ', '2', '3', 'C3', '2', 'D2, D3', '2', '2', '2', '1'),
(1308, 229, 'G3', '001292', 'B1', 'ดีนะ ไม่มีเช็คชื่อเลย อาจารย์ยกคลาสบ่อย งานถ้าจำไม่ผิดเหมือนจะมีแต่งานกลุ่ม กลุ่มละ 8-10 คน ถ้ากลุ่มดีก็รอดเลย  ชิลมาก เนื้อหาที่เรียนก็พวกเศรฐกิจหมุนเวียน SGDs อะไรพวกนี้', '3', '0', 'C5', '2', 'D2, D3', '2', '2', '0', '1'),
(1309, 230, 'G3', '001279', 'B3', 'สนุก เข้าใจง่าย เนื้อหาไม่ยาก เนื้อหาเดียวกับตอนเรียนมัธยม', '1', '2', 'C2', '1', 'D3', '1', '2', '0', '1'),
(1310, 231, 'G3', '001291', 'B5', 'เนื้อหาอาจจะเยอะหน่อย แต่ตอนสอบถ้าอ่านมาก็ได้คะแนนเยอะอยู่ ออกตามสไลด์', '2', '2', 'C2', '0', 'D3', '0', '2', '1', '1'),
(1311, 233, 'G3', '001279', 'B3', 'สั่งงานบ่อยแต่ไม่ทุกอาทิตย์ ข้อสอบไม่ยากส่วนมากเป็นวิทย์พื้นฐาน มีโปรเจคใหญ่เป็นงานสุดท้าย', '1', '2', 'C3', '1', 'D3', '1', '1', '1', '1'),
(1312, 235, 'G3', '001292', 'B1', 'งานง่าย ', '3', '2', 'C5', '2', 'D2', '2', '3', '2', '0'),
(1313, 236, 'G3', '001291', 'B4', 'ได้รู้การคำนวณโภคชนาการเป็น เราควรทานอะไรถึงจะมีประโยชน์กับตัวเอง', '1', '2', 'C3', '1', 'D2, D3', '1', '2', '1', '1'),
(1314, 237, 'G3', '001291', 'B4', 'ได้นำความรู้จากการคำนวณโภชนาการมาใช้ในชีวิตประจำวันได้ค่ะ', '2', '2', 'C2', '2', 'D2, D3', '2', '2', '1', '1'),
(1315, 238, 'G3', '001271', 'B1', 'ง่ายมาก', '2', '2', 'C0', '0', 'D3', '0', '2', '1', '0'),
(1316, 239, 'G3', '001271', 'B1', 'ง่าย', '2', '2', 'C0', '0', 'D3', '0', '2', '1', '0'),
(1317, 243, 'G3', '001273', 'B6', 'ได้ทบทวนบทเรียน', '1', '3', 'C3', '0', 'D3', '0', '2', '1', '1'),
(1318, 245, 'G3', '001291', 'B5', 'รู้สึกมีความรู้เกี่ยวกับของที่กิน', '2', '2', 'C3', '2', 'D3', '2', '2', '1', '1'),
(1319, 246, 'G3', '001291', 'B4', 'บอกองค์ประกอบอาหาร และการดูฉลาก เรียนรู้สัญลักษณ์บนฉลาก และองค์กรบริหาร ผู้ดูแล กฎหมายเล็กๆน้อยเกี่ยวกับอาหาร ค่าแคลของอาหารที่บริโภค', '2', '1', 'C3', '1', 'D3', '1', '2', '1', '1'),
(1320, 248, 'G3', '001279', 'B1', 'ได้เรียนรู้ทบทวนความรู้', '2', '2', 'C3', '1', 'D3', '1', '2', '1', '0'),
(1321, 249, 'G3', '001272', 'B3', 'เป็นวิชาชิลๆ นั่งฟังบรรยาย และก็มีแลปเล็กน้อย', '0', '2', 'C2', '0', 'D3', '0', '2', '1', '1'),
(1322, 250, 'G3', '001277', 'B1', 'สนุกดี ได้ความรู้เยอะ แล้วก็ได้ทำอะไรหลายอย่าง แต่งานแอบเยอะ', '1', '3', 'C3', '1', 'D3', '1', '2', '1', '1'),
(1323, 251, 'G3', '001279', 'B2', 'ความรู้วิทยาศาสตร์ ม.ปลายเรื่องดินฟ้าอากาศแสฃ', '1', '1', 'C3', '0', 'D3', '0', '2', '0', '1'),
(1324, 253, 'G3', '001275', 'B1', 'ข้อสอบออกในสไลด์ ต้องอ่านเยอะ ข้อสอบเยอะมาก', '2', '2', 'C3', '0', 'D3', '0', '3', '2', '1'),
(1325, 254, 'G3', '001275', 'B3', 'สนุก อาจารย์ใจดี', '2', '2', 'C3', '2', 'D3', '2', '2', '1', '1'),
(1326, 255, 'G3', '001275', 'B5', 'ยาก ', '3', '3', 'C3', '1', 'D2, D3', '1', '2', '1', '1'),
(1327, 256, 'G3', '001275', 'B4', 'ถ้าเรียนก้เข้าใจจ', '3', '2', 'C3', '1', 'D2, D3', '1', '3', '1', '0'),
(1328, 257, 'G3', '001272', 'B6', 'การทำความเข้าใจโปรอกรมต่างๆ', '0', '3', 'C3', '0', 'D3', '0', '3', '2', '1'),
(1329, 259, 'G3', '001275', 'B1', 'สนุก เรียนสบายๆ', '2', '3', 'C3', '1', 'D3', '1', '3', '1', '1'),
(1330, 260, 'G3', '001292', 'B1', 'อาจารย์หัวโบราณ ไม่รับฟังเด็ก', '1', '3', 'C2', '0', 'D3', '0', '1', '1', '0'),
(1331, 262, 'G3', '001277', 'B5', 'ยากมากๆๆ  ', '1', '1', 'C3', '1', 'D2', '1', '2', '2', '1'),
(1332, 263, 'G3', '001271', 'B3', 'แอบยากสำหรับเด็กสายมนุษยศาสตร์และสังคมศาสตร์ แต่สามารถปรับได้กับชีวิตประจำวัน', '2', '1', 'C3', '1', 'D2', '1', '1', '2', '1'),
(1333, 265, 'G3', '001274', 'B2', 'ได้รู้เรื่องเกี่ยวกับเคมี', '2', '3', 'C3', '2', 'D3', '2', '3', '1', '1'),
(1334, 266, 'G3', '001272', 'B2', 'ก็เหมือนจะง่ายแต่ก็ต้องมีความเข้าใจในเนื้อหาอยู่พอสมควร เพราะเก็บคะแนนจากการทำงานในคาบ', '1', '3', 'C3', '1', 'D3', '1', '2', '1', '1'),
(1335, 267, 'G3', '001277', 'B3', 'เนื้อหาค่อยข้างแต่เป็นเรื่องที่เจอได้ในชีวิตจริง', '2', '2', 'C3', '0', 'D3', '0', '3', '2', '1'),
(1336, 268, 'G3', '001272', 'B1', 'กังวลนิดหน่อย แต่ไม่อยากอย่างที่คิด', '0', '2', 'C3', '0', 'D3', '0', '2', '1', '0'),
(1337, 269, 'G3', '001279', 'B1', 'ดี', '1', '1', 'C2', '0', 'D3', '0', '2', '1', '0'),
(1338, 270, 'G3', '001274', 'B1', 'สนุกครัย', '1', '2', 'C3', '2', 'D2, D3', '2', '2', '1', '0'),
(1339, 271, 'G3', '001271', 'B1', 'เป็นวิชาที่ดีเรียนง่าย', '3', '1', 'C3', '2', 'D2, D3', '2', '2', '1', '1'),
(1340, 276, 'G3', '001273', 'B4', 'ต่างจากที่คาดเรียนวิชานี่ตอนเทอม2 คิดว่าอาจจะคล้ายๆเทอมแรกที่เรียน แต่สรุป โอ้มายกอด ฟีลๆเรียนบัญชี ไม่ได้มีพวกเนื้อหาม.ปลายเยอะ ', '1', '2', 'C2', '0', 'D3', '0', '2', '1', '1'),
(1341, 278, 'G3', '001273', 'B1', 'ได้ทบทวนความรู้ตอนมัธยมปลายและมีบางหัวข้อเช่นการคิดภาษี สามารถนำไปใช้ได้จริง', '1', '3', 'C2', '0', 'D3', '0', '2', '1', '0'),
(1342, 279, 'G3', '001279', 'B1', 'ตั้งใจเรียนครับ เนื้อหาก็หลากหลาย', '1', '1', 'C3', '0', 'D3', '0', '2', '1', '1'),
(1343, 280, 'G3', '001273', 'B1', 'สนุก', '2', '2', 'C3', '0', 'D3', '0', '2', '0', '1'),
(1344, 281, 'G3', '001273', 'B4', 'ชิวๆ', '1', '2', 'C2', '0', 'D3', '0', '1', '1', '1'),
(1345, 282, 'G3', '001278', 'B1', 'การเรียนส่วนตัวรู้สึกว่าดีมากกก ไม่มีงานกลุ่มสามารถไปเรียนคนเดียวแล้วหาเพื่อนใหม่ในห้องได้ เรียนไม่เครียดแต่จะเครียดช่วงสอบเพราะเนื้อหาเยอะมาก ๆ แต่ทำเป็นสรุปแต่ละบทจะช่วยให้จำได้ มีเรียนเลคเชอร์กับเรียนแบบปฏิบัติ ได้ความรู้เรื่องการ CPR ด้วยแนะนำเลยค่ะ', '0', '3', 'C3', '0', 'D3', '0', '3', '2', '0'),
(1346, 283, 'G3', '001273', 'B1', 'อาจารย์สอนดี เนื้อหาง่าย เหมือนข้อสอบมัธยมปลาย', '2', '2', 'C2', '2', 'D3', '2', '1', '0', '0'),
(1347, 284, 'G3', '001279', 'B1', 'ดีมากค่ะ เนื้อหาจะเป็นความรู้พื้นฐานเกี่ยวกับวิทยาศาสตร์', '1', '1', 'C3', '1', 'D3', '1', '2', '0', '0'),
(1348, 286, 'G3', '001278', 'B1', 'ชิวๆง่ายๆส่วนใหญ่เป็นความรู้ทั้วไปที่ทุกคนอาจจะเคยรู้แล้ว ', '0', '2', 'C3', '0', 'D3', '0', '2', '0', '1'),
(1349, 287, 'G3', '001279', 'B3', 'สอนง่ายเข้าทุกคาบ', '2', '0', 'C3', '1', 'D3', '1', '0', '0', '1'),
(1350, 288, 'G3', '001279', 'B4', 'พอเรียนได้ เวบาสอบต้องทบทวนดีๆ', '1', '2', 'C3', '1', 'D3', '1', '2', '1', '1'),
(1351, 289, 'G3', '001278', 'B2', 'สนุกดี', '0', '3', 'C3', '0', 'D3', '0', '2', '1', '1'),
(1352, 290, 'G3', '001275', 'B2', 'เนื้อหาค่อนข้างเยอะ', '2', '1', 'C3', '1', 'D3', '1', '2', '2', '1'),
(1353, 291, 'G3', '001279', 'B2', 'เป็นวิชาที่มีเนื้อหาไม่ยาก เรียนสบายๆ เนื้อหาที่นำมาออกสอบเป็นเนื้อหาที่อยู่ในสไลด์ที่อาจารย์สอนทั้งหมด แค่ตั้งใจเรียนตั้งใจฟังและอ่านสไลด์ก็สามารถทำข้อสอบได้เนื้อหาไม่ยากตรงตามสไลด์เป๊ะๆ อาจารย์ใจดี ส่วนใหญ่มักจะมากกว่างานกลุ่ม แต่งานเดี่ยวก็ไม่ยากเป็นงานง่ายๆทำได้สบายๆ โดยรวมถือว่าเป็นวิชาที่ดีมากๆวิชานึง', '1', '3', 'C3', '0', 'D3', '0', '3', '0', '1'),
(1354, 292, 'G3', '001277', 'B1', 'กลางๆ เพราะเนื้อหาที่ต้องจำอาจจะเยอะนิดนึง แต่โดยรวมถือว่าโอเคเลย', '2', '3', 'C3', '1', 'D2, D3', '1', '2', '1', '1'),
(1355, 293, 'G3', '001277', 'B1', 'ได้รับความรู้ใหม่ ๆ', '1', '2', 'C2', '0', 'D3', '0', '2', '2', '1'),
(1356, 294, 'G3', '001273', 'B9', 'ไม่ชอบ', '0', '3', 'C3', '0', 'D3', '0', '3', '2', '1'),
(1357, 295, 'G3', '001279', 'B1', 'การเรียนแบบทฤษฎี ', '1', '3', 'C3', '2', 'D3', '2', '2', '1', '1'),
(1358, 296, 'G3', '001279', 'B3', 'อาจารย์สอนดีแต่จะมีงานกลุ่มอาจารย์แต่ละคนให้คะแนนไม่เหมือนกัน', '2', '2', 'C3', '0', 'D3', '0', '2', '1', '1'),
(1359, 297, 'G3', '001274', 'B2', 'สนุก มีความรู้ความเข้าใจเรื่องยามากขึ้น', '2', '3', 'C3', '2', 'D3', '2', '3', '1', '1'),
(1360, 298, 'G3', '001279', 'B1', 'สนุก เนื้อหาม.ปลาย ', '2', '3', 'C3', '2', 'D3', '2', '2', '1', '1'),
(1361, 299, 'G3', '001278', 'B1', 'เนื้อหาเข้าใจง่าย', '0', '2', 'C3', '0', 'D3', '0', '2', '1', '1'),
(1362, 300, 'G3', '001278', 'B1', 'เนื้อหาเข้าใจง่าย มีกิจกรรมให้ทำสนุก', '0', '2', 'C3', '0', 'D2', '0', '3', '0', '1'),
(1363, 301, 'G3', '001278', 'B1', 'ได้ความรู้ในชีวิตประจำวันใหม่ๆ', '2', '1', 'C3', '2', 'D3', '3', '1', '1', '0'),
(1364, 302, 'G3', '001279', 'B3', 'จานสอนเข้าใจมากครับ', '1', '2', 'C2', '1', 'D3', '1', '2', '1', '0'),
(1365, 304, 'G3', '001279', 'B3', 'ดี', '1', '2', 'C3', '2', 'D2', '2', '2', '1', '1'),
(1366, 305, 'G3', '001279', 'B4', 'ดีครับ', '2', '2', 'C3', '2', 'D2, D3', '2', '3', '1', '1'),
(1367, 306, 'G3', '001274', 'B1', 'ได้ความรู้เยอะมาก ได้รู้จักเพื่อนใหม่ๆ ', '0', '2', 'C3', '1', 'D3', '1', '3', '1', '1'),
(1368, 308, 'G3', '001272', 'B1', 'ชิวๆมาก', '1', '3', 'C3', '0', 'D1, D2', '0', '2', '1', '1'),
(1369, 309, 'G3', '001277', 'B2', 'ได้เรียนรู้เรื่องพฤติกรรมของคนเรา รู้สึกสนุก', '2', '2', 'C2', '1', 'D3', '1', '2', '2', '1'),
(1370, 310, 'G3', '001291', 'B2', 'ได้เรียนรู้เกี่ยวกับโภชนาการทางอาหารความปลอดภัยในการกินมากขึ้น อาจารย์สลับกันสอน เนื้อหาแอบเยอะนิดนึงสอบถ้าจำไม่ผิดประมาณ100ข้อ', '1', '2', 'C3', '1', 'D3', '1', '2', '1', '1'),
(1371, 313, 'G3', '001272', 'B4', 'ค่อนข้างยากถ้าคนที่ไม่ค่อยมีพื้นฐานมากเท่าไหร่', '2', '1', 'C2', '1', 'D3', '1', '2', '2', '1'),
(1372, 314, 'G3', '001292', 'B1', 'ยกคราสบ่อยมากกก เก็บเกรดเอแนะนำๆ', '3', '0', 'C5', '2', 'D1', '2', '3', '0', '1'),
(1373, 315, 'G3', '001292', 'B1', 'ดี สอนเข้าใจ', '3', '0', 'C5', '2', 'D1', '2', '3', '1', '1'),
(1374, 316, 'G3', '001277', 'B2', '-', '1', '2', 'C3', '0', 'D3', '0', '3', '2', '1'),
(1375, 317, 'G3', '001278', 'B1', 'ดี', '3', '2', 'C3', '2', 'D2', '2', '2', '1', '1'),
(1376, 318, 'G3', '001275', 'B1', 'สนุกจ้า', '2', '3', 'C3', '1', 'D3', '1', '2', '1', '1'),
(1377, 319, 'G3', '001272', 'B4', 'ยากนิดหน่อย แต่ถ้าตั้งใจฟังและมีความรู้เรื่องคอมพิวเตอร์ก็จะง่าย', '0', '3', 'C3', '0', 'D3', '0', '2', '0', '1'),
(1378, 320, 'G3', '001275', 'B2', 'เนื้อหาเยอะแต่ส่วนใหญ่เป็นเรื่องที่พอรู้', '2', '2', 'C3', '2', 'D2, D3', '2', '2', '1', '0'),
(1379, 321, 'G3', '001271', 'B1', 'ผลิตนวัตกรรมงานค่อนข้างเยอะเลือกกลุ่มดีๆ', '3', '1', 'C3', '2', 'D2', '2', '2', '2', '1'),
(1380, 322, 'G3', '001278', 'B3', 'ความยากในการเรียนปานกลาง เน้นจำ', '2', '2', 'C3', '1', 'D2', '1', '1', '1', '1'),
(1381, 323, 'G3', '001279', 'B3', 'เรียนง่าย สนุก', '2', '1', 'C3', '1', 'D3', '1', '2', '1', '1'),
(1382, 324, 'G3', '001279', 'B2', 'พื้นฐานวิทยาศาสตร์ที่เคยเรียนมาตอนมปลาย', '1', '2', 'C3', '1', 'D3', '1', '2', '1', '0'),
(1383, 325, 'G3', '001272', 'B3', 'ดี', '0', '3', 'C3', '0', 'D2, D3', '0', '0', '0', '1'),
(1384, 327, 'G3', '001279', 'B2', 'เนื้อเข้าใจง่าย สอนดี', '1', '2', 'C3', '2', 'D2, D3', '2', '2', '1', '1'),
(1385, 330, 'G3', '001272', 'B1', 'ไม่เข้าเรียนยังได้ A คิดว่าไง', '1', '3', 'C3', '1', 'D2', '1', '3', '0', '1'),
(1386, 331, 'G3', '001271', 'B4', 'เรียน4ครั้ง นอกนั้นเป็นงานกลุ่ม แต่อาจารย์จะบอกวันและเวลาส่งงานอย่างชัดเจน ถ้าได้กลุ่มดีๆก็จะไปรอด', '3', '0', 'C4', '1', 'D2', '1', '2', '1', '1'),
(1387, 334, 'G3', '001271', 'B1', 'สนุกได้รู้จักเพื่อนเยอะ', '3', '1', 'C3', '2', 'D2', '3', '2', '1', '1'),
(1388, 335, 'G3', '001271', 'B1', 'สนุก มีความคิดสร้างสรรค์', '3', '2', 'C5', '2', 'D2', '3', '3', '0', '0'),
(1389, 336, 'G3', '001272', 'B1', 'เรียนง่ายครับ การสอนและ งานที่ให้ทำจะเป็นทำเกียรติบัตร ทำพาวเวอร์พอยต์สวยๆ excel ใช้สูตร สอนทำ canva แต่วิชาคอมพิวเตอร์งานและการสอนจะขึ้นอยู่กับอาจารย์ผู้สอนด้วยครับ เพราะเรากับเพื่อนอยู่คนล่ะเซค เรียนไม่เหมือนกันครับในคาบแลปครับ', '1', '3', 'C3', '0', 'D2, D3', '0', '2', '1', '1'),
(1390, 337, 'G3', '001271', 'B1', 'ได้ลองมีแนวคิดใหม่ๆ พัฒนาสมอง', '3', '1', 'C2', '1', 'D2', '1', '3', '2', '1'),
(1391, 338, 'G3', '001279', 'B5', 'เรียนปานการควรเข้าเรียนทุกคาบ', '2', '2', 'C3', '2', 'D3', '2', '2', '1', '0'),
(1392, 339, 'G3', '001275', 'B4', 'ไม่ค่อยเท่าไหร่ ลงอันอื่นได้ก็ลง', '3', '1', 'C3', '0', 'D3', '0', '0', '2', '1'),
(1393, 340, 'G3', '001279', 'B2', 'เป็นวิชาที่พูดถึงสิ่งต่างไปในชีวิตประจำวัน', '1', '1', 'C3', '1', 'D3', '1', '2', '0', '1'),
(1394, 341, 'G3', '001277', 'B4', 'อ.สอนไม่ดี งานเยอะ อ.บางคนสั่งงานไม่เข้าใจ ให้เกรดยาก', '3', '1', 'C3', '0', 'D3', '0', '1', '2', '1'),
(1395, 342, 'G3', '001271', 'B1', 'มีกลุ่มดี a แน่นอน', '3', '1', 'C2', '1', 'D3', '1', '2', '1', '0'),
(1396, 343, 'G3', '001272', 'B2', 'เรียนง่ายๆ พื้นฐาน excel word อาจจะยากสำหรับคนไม่เข้าใจ มีควิซย่อยเกี่ยวกับโปรแกรม', '0', '3', 'C2', '1', 'D3', '1', '2', '1', '1'),
(1397, 344, 'G3', '001279', 'B1', 'วิทยาศาสตร์พื้นฐาน ทำความเข้าใจง่ายถ้าทบทวน', '1', '3', 'C3', '0', 'D3', '0', '2', '1', '1'),
(1398, 345, 'G3', '001271', 'B1', 'รู้สึกได้ความรู้ใหม่', '2', '2', 'C3', '2', 'D3', '2', '3', '1', '1'),
(1399, 346, 'G3', '001275', 'B4', 'รักสุขภาพมากขึ้น', '3', '1', 'C3', '0', 'D3', '0', '3', '1', '1'),
(1400, 347, 'G3', '001272', 'B1', 'สามารถนำสิ่งที่เรียนนั้นมาใช้ได้ในชีวิตจริง', '0', '3', 'C2', '0', 'D3', '0', '3', '2', '0'),
(1401, 349, 'G3', '001279', 'B2', 'ได้มีความรู้เรื่องของวิทยาศาสตร์ เหมือนได้ทบทวนเนื้อหาตอนช่วงมัธยมปลาย อีกทั้งยังต้องมีการทำงานอีกทั้งยังต้องมีการทำงานกลุ่มเพื่อนำไปนำเสนอเข้าร่วมประกวดโครงงาน', '2', '2', 'C2', '2', 'D2, D3', '2', '2', '1', '1'),
(1402, 351, 'G3', '001272', 'B2', 'สนุกดีบางทีก็งงๆ รู้สึกว่าได้ทักษะอะไรที่ลืมๆไปแล้วกลับมา', '0', '3', 'C3', '0', 'D3', '0', '3', '1', '1'),
(1403, 352, 'G3', '001275', 'B3', 'เรียนตามสไลด์ มีงานกลุ่มตลอดเทอม มีงานเดี่ยวบางคนที่สอน เนื้อหาก็ปานกลางมียากบ้าง มักจะทำงานกลุ่มเป็นหลัก อาจารย์บางคนแอบเบียวนิดๆ แต่หลายคนมักบอกได้เอง่าย สำหรับเรามันก็ไม่ได้เอง่ายขนาดนั้น เนื้อหาข้อสอบก็เยอะ หน่อยอ.คนละ20ข้อ หรือต่อคาบ ไม่ยากไม่ง่าย หาเพื่อนทำงานกลุ่มดีๆก็ได้คะแนนดีๆละ', '3', '1', 'C3', '0', 'D2, D3', '0', '2', '2', '0'),
(1404, 353, 'G3', '001277', 'B3', 'ก็ถือว่าง่าย เน้นจำ ', '1', '2', 'C3', '1', 'D2', '1', '1', '1', '1'),
(1405, 354, 'G3', '001273', 'B3', 'สนุกดีสำหรับคนที่ชอบตัวเลข ได้ความรู้เยอะ อาจารย์หลายๆท่านก็ใจดีถึงขั้นใจดีมากๆ ถ้าตั้งใจก็ได้เกรดเอไปง่ายๆเลย', '1', '3', 'C3', '1', 'D3', '1', '3', '1', '1'),
(1406, 355, 'G3', '001271', 'B2', 'ค่อนข้างน่าเบื่อ', '3', '1', 'C3', '2', 'D1, D2', '2', '2', '1', '1'),
(1407, 356, 'G3', '001271', 'B1', 'สนุก ตื่นเต้น ท้าทาบ', '3', '1', 'C2', '2', 'D2, D3', '3', '3', '2', '1'),
(1408, 358, 'G3', '001275', 'B1', 'สนุกมากเพราะได้ความรู้ในเรื่องรอบตัวไม่เคยรู้มาก่อน', '2', '2', 'C3', '2', 'D2, D3', '3', '3', '0', '0'),
(1409, 360, 'G3', '001273', 'B1', 'ดีมากเรียนเลยง่าย', '0', '1', 'C3', '2', 'D2', '2', '1', '2', '0'),
(1410, 361, 'G3', '001272', 'B1', 'เรียนง่าย', '0', '3', 'C5', '0', 'D1, D2', '0', '2', '1', '1'),
(1411, 362, 'G3', '001272', 'B1', 'เรียนง่ายมาก ส่วนใหญ่จะให้เรียนพวกทำ word excel ถือว่าง่ายมาก แนะนำ', '0', '3', 'C3', '0', 'D2, D3', '0', '2', '1', '1'),
(1412, 365, 'G3', '001291', 'B2', 'ยากอ่านเยอะ', '2', '2', 'C2', '0', 'D2, D3', '0', '2', '1', '1'),
(1413, 366, 'G3', '001272', 'B1', 'สอนการใช้โปรแกรมต่างๆ แบบง่ายๆ มีคาบแล็ปทพชิ้นงาน และคาบบรรยาย', '0', '3', 'C3', '0', 'D3', '0', '3', '1', '1'),
(1414, 369, 'G3', '001271', 'B3', 'ดี', '3', '0', 'C4', '2', 'D2', '2', '2', '1', '1'),
(1415, 371, 'G3', '001279', 'B1', 'อาจารย์สอนเข้าใจ', '2', '3', 'C3', '2', 'D3', '2', '3', '1', '0'),
(1416, 372, 'G3', '001272', 'B1', 'โคตรง่าย มีงานเช็คชื่อ อ่านไปสอบได้', '0', '3', 'C3', '0', 'D3', '0', '3', '0', '1'),
(1417, 373, 'G3', '001272', 'B2', 'เข้าใจทำexcel word มากขึ้น', '0', '3', 'C3', '1', 'D3', '1', '3', '1', '1'),
(1418, 374, 'G3', '001272', 'B1', 'อ่านไปทำได้ อาจารย์ออกเหมือนที่สอน', '0', '3', 'C3', '0', 'D3', '0', '3', '1', '1'),
(1419, 375, 'G3', '001272', 'B3', 'สบายมากๆๆแต่ทำงานส่ง', '0', '3', 'C3', '0', 'D3', '0', '2', '0', '1'),
(1420, 376, 'G3', '001279', 'B1', 'สนุกมากค่ะได้รู้เรื่องดาว', '0', '2', 'C3', '0', 'D3', '0', '2', '0', '1'),
(1421, 377, 'G3', '001277', 'B1', 'เป็นวิชาที่มีประโยชน์ได้ความรู้เยอะ', '3', '3', 'C3', '0', 'D3', '0', '2', '1', '1'),
(1422, 378, 'G3', '001277', 'B1', 'ดี ', '3', '1', 'C3', '1', 'D1', '1', '1', '1', '0'),
(1423, 379, 'G3', '001279', 'B1', 'งานกลุ่ม ให้คะแนนง่ายโครงงานเดียวปาคะแนนไปครึ่งนึง', '2', '1', 'C3', '2', 'D3', '2', '3', '1', '1'),
(1424, 380, 'G3', '001277', 'B5', 'เนื้อหาใหม่ๆ ได้ความรู้ใหม่ๆ', '2', '2', 'C3', '2', 'D3', '2', '3', '2', '0'),
(1425, 381, 'G3', '001278', 'B1', 'สนุกดี', '2', '0', 'C3', '0', 'D3', '0', '2', '1', '1'),
(1426, 382, 'G3', '001272', 'B1', 'ไม่ยาก', '0', '2', 'C3', '0', 'D3', '0', '3', '0', '1'),
(1427, 383, 'G3', '001275', 'B2', 'ง่ายย', '1', '1', 'C5', '1', 'D3', '1', '3', '0', '1'),
(1428, 384, 'G3', '001271', 'B2', 'ส่วนใหญ่ทำงานกลุ่ม มีงานแค่งานเดียวเป็นการคิดนวัตกรรม', '3', '0', 'C4', '1', 'D2, D3', '1', '3', '2', '1');

-- --------------------------------------------------------

--
-- Table structure for table `Grade_map`
--

CREATE TABLE `Grade_map` (
  `grade_ID` varchar(3) CHARACTER SET utf8mb4 COLLATE utf8mb4_0900_ai_ci NOT NULL,
  `grade_Name` varchar(10) CHARACTER SET utf8mb4 COLLATE utf8mb4_0900_ai_ci NOT NULL
) ENGINE=InnoDB DEFAULT CHARSET=utf8mb4 COLLATE=utf8mb4_0900_ai_ci;

--
-- Dumping data for table `Grade_map`
--

INSERT INTO `Grade_map` (`grade_ID`, `grade_Name`) VALUES
('B1', 'A'),
('B2', 'B+'),
('B3', 'B'),
('B4', 'C+'),
('B5', 'C'),
('B6', 'D+'),
('B7', 'D'),
('B8', 'F'),
('B9', 'อื่นๆ');

-- --------------------------------------------------------

--
-- Table structure for table `GroupWork_map`
--

CREATE TABLE `GroupWork_map` (
  `groupwork_ID` varchar(1) CHARACTER SET utf8mb4 COLLATE utf8mb4_0900_ai_ci NOT NULL,
  `groupwork_Name` varchar(255) NOT NULL
) ENGINE=InnoDB DEFAULT CHARSET=utf8mb4 COLLATE=utf8mb4_0900_ai_ci;

--
-- Dumping data for table `GroupWork_map`
--

INSERT INTO `GroupWork_map` (`groupwork_ID`, `groupwork_Name`) VALUES
('0', 'ไม่มี\r\n'),
('1', 'น้อย'),
('2', 'ปานกลาง'),
('3', 'มาก');

-- --------------------------------------------------------

--
-- Table structure for table `Group_Type`
--

CREATE TABLE `Group_Type` (
  `groupType_ID` varchar(3) CHARACTER SET utf8mb4 COLLATE utf8mb4_0900_ai_ci NOT NULL,
  `groupType_Name` varchar(255) NOT NULL
) ENGINE=InnoDB DEFAULT CHARSET=utf8mb4 COLLATE=utf8mb4_0900_ai_ci;

--
-- Dumping data for table `Group_Type`
--

INSERT INTO `Group_Type` (`groupType_ID`, `groupType_Name`) VALUES
('G1', 'กลุ่มวิชามนุษยศาสตร์'),
('G2', 'กลุ่มวิชาสังคมศาสตร์'),
('G3', 'กลุ่มวิชาวิทยาศาสตร์และคณิตศาสตร์');

-- --------------------------------------------------------

--
-- Table structure for table `Instruction_map`
--

CREATE TABLE `Instruction_map` (
  `instruction_ID` varchar(3) CHARACTER SET utf8mb4 COLLATE utf8mb4_0900_ai_ci NOT NULL,
  `instruction_Name` varchar(255) NOT NULL
) ENGINE=InnoDB DEFAULT CHARSET=utf8mb4 COLLATE=utf8mb4_0900_ai_ci;

--
-- Dumping data for table `Instruction_map`
--

INSERT INTO `Instruction_map` (`instruction_ID`, `instruction_Name`) VALUES
('D1', 'ไม่ค่อยสอน'),
('D2', 'เน้นให้นิสิตทำความเข้าใจเอง'),
('D3', 'เน้นสอนให้นิสิตเข้าใจ');

-- --------------------------------------------------------

--
-- Table structure for table `Interestd`
--

CREATE TABLE `Interestd` (
  `interest_ID` varchar(3) NOT NULL,
  `interest_Name` varchar(255) NOT NULL
) ENGINE=InnoDB DEFAULT CHARSET=utf8mb4 COLLATE=utf8mb4_0900_ai_ci;

--
-- Dumping data for table `Interestd`
--

INSERT INTO `Interestd` (`interest_ID`, `interest_Name`) VALUES
('A1', 'สุขภาพและชีวิตประจำวัน'),
('A2', 'ทักษะชีวิต คณิตศาสตร์ และการเงิน'),
('A3', 'พัฒนาตัวเองและจิตวิทยา'),
('A4', 'สังคม วัฒนธรรม และศาสนา'),
('A5', 'ศิลปะและภาษา'),
('A6', 'วิทยาศาสตร์ เทคโนโลยี และดิจิทัล'),
('A7', 'กฎหมายและพลเมือง');

-- --------------------------------------------------------

--
-- Table structure for table `Present_map`
--

CREATE TABLE `Present_map` (
  `present_ID` varchar(1) CHARACTER SET utf8mb4 COLLATE utf8mb4_0900_ai_ci NOT NULL,
  `present_Name` varchar(20) CHARACTER SET utf8mb4 COLLATE utf8mb4_0900_ai_ci NOT NULL
) ENGINE=InnoDB DEFAULT CHARSET=utf8mb4 COLLATE=utf8mb4_0900_ai_ci;

--
-- Dumping data for table `Present_map`
--

INSERT INTO `Present_map` (`present_ID`, `present_Name`) VALUES
('0', 'ไม่มี'),
('1', 'น้อย'),
('2', 'ปานกลาง'),
('3', 'มาก');

-- --------------------------------------------------------

--
-- Table structure for table `SoloWork_map`
--

CREATE TABLE `SoloWork_map` (
  `solowork_ID` varchar(1) CHARACTER SET utf8mb4 COLLATE utf8mb4_0900_ai_ci NOT NULL,
  `solowork_Name` varchar(255) NOT NULL
) ENGINE=InnoDB DEFAULT CHARSET=utf8mb4 COLLATE=utf8mb4_0900_ai_ci;

--
-- Dumping data for table `SoloWork_map`
--

INSERT INTO `SoloWork_map` (`solowork_ID`, `solowork_Name`) VALUES
('0', 'ไม่มี'),
('1', 'น้อย'),
('2', 'ปานกลาง'),
('3', 'มาก');

-- --------------------------------------------------------

--
-- Table structure for table `Subject`
--

CREATE TABLE `Subject` (
  `subject_ID` varchar(6) CHARACTER SET utf8mb4 COLLATE utf8mb4_0900_ai_ci NOT NULL,
  `subject_Name` varchar(255) DEFAULT NULL,
  `group_type_ID` varchar(255) DEFAULT NULL
) ENGINE=InnoDB DEFAULT CHARSET=utf8mb4 COLLATE=utf8mb4_0900_ai_ci;

--
-- Dumping data for table `Subject`
--

INSERT INTO `Subject` (`subject_ID`, `subject_Name`, `group_type_ID`) VALUES
('001221', 'สารสนเทศศาสตร์เพื่อการศึกษาค้นคว้า', 'G1'),
('001222', 'ภาษา สังคม และวัฒนธรรม', 'G1'),
('001224', 'ศิลปะในชีวิตประจำวัน', 'G1'),
('001226', 'วิถีชีวิตในยุคดิจิทัล', 'G1'),
('001227', 'ดนตรีในวิถีชีวิตไทยศึกษา', 'G1'),
('001228', 'ความสุขกับงานอดิเรก', 'G1'),
('001231', 'ปรัชญาชีวิตเพื่อวิถีพอเพียงในชีวิตประจำวัน', 'G2'),
('001232', 'กฏหมายพื้นฐานเพื่อคุณภาพชีวิต', 'G2'),
('001233', 'ไทยกับประชาคมโลก', 'G2'),
('001234', 'อารยธรรมและภูมิปัญญาท้องถิ่น', 'G2'),
('001235', 'การเมือง เศรษฐกิจ และสังคม', 'G2'),
('001236', 'การจัดการการดำเนินชีวิต', 'G2'),
('001237', 'ทักษะชีวิต', 'G2'),
('001238', 'การรู้เท่าทันสื่อ', 'G1'),
('001239', 'ภาวะผู้นำกับความรัก', 'G2'),
('001241', 'ดนตรีตะวันตกในชีวิตประจำวัน', 'G1'),
('001242', 'การคิดเชิงสร้างสรรค์และนวัตกรรม', 'G1'),
('001251', 'พลวัตกลุ่มและการทำงานเป็นทีม', 'G2'),
('001252', 'นเรศวรศึกษา', 'G2'),
('001253', 'การเป็นผู้ประกอบการ', 'G1'),
('001254', 'ศาสตร์พระราชาเพื่อการดำรงชีวิต', 'G2'),
('001271', 'มนุษย์กับสิ่งแวดล้อม', 'G3'),
('001272', 'คอมพิวเตอร์สารสนเทศขั้นพื้นฐาน', 'G3'),
('001273', 'คณิตศาสตร์และสถิติในชีวิตประจำวัน', 'G3'),
('001274', 'ยาและสารเคมีในชีวิตประจำวัน', 'G3'),
('001275', 'อาหารและวิถีชีวิต', 'G3'),
('001276', 'พลังงานและเทคโนโลยีใกล้ตัว', 'G1'),
('001277', 'พฤติกรรมมนุษย์', 'G3'),
('001278', 'ชีวิตและสุขภาพ', 'G3'),
('001279', 'วิทยาศาสตร์ในชีวิตประจำวัน', 'G3'),
('001291', 'การบริโภคในชีวิตประจำวัน', 'G3'),
('001292', 'วิถึชีวิตตามแนวคิดเศรษฐกิจหมุนเวียนในศตวรรษที่ 21', 'G3'),
('001331', 'นวัตกรรมเพื่อสังคม', 'G1'),
('001332', 'การจัดการข้อมูลเบื้องต้นในยุคดิจิทัล', 'G1'),
('001351', 'น้อมนำหลักปรัชญาของเศรษฐกิจพอเพียงสู่การปฏิบัติ', 'G2'),
('001352', 'สันติภาพ ศาสนา เพื่อมนุษยชาติ', 'G2'),
('001353', 'การบัญชีเบื้องต้นสำหรับผู้ประกอบการ', 'G2');

-- --------------------------------------------------------

--
-- Table structure for table `testtt`
--

CREATE TABLE `testtt` (
  `id` int NOT NULL,
  `timestamp` varchar(18) CHARACTER SET utf8mb4 COLLATE utf8mb4_0900_ai_ci DEFAULT NULL,
  `faculty_ID` varchar(45) CHARACTER SET utf8mb4 COLLATE utf8mb4_0900_ai_ci DEFAULT NULL,
  `student_ID` varchar(9) DEFAULT NULL,
  `student_level` varchar(1) DEFAULT NULL,
  `interestd` varchar(91) CHARACTER SET utf8mb4 COLLATE utf8mb4_0900_ai_ci DEFAULT NULL,
  `hGroup` varchar(6) CHARACTER SET utf8mb4 COLLATE utf8mb4_0900_ai_ci DEFAULT NULL,
  `hSubject_ID` varchar(44) CHARACTER SET utf8mb4 COLLATE utf8mb4_0900_ai_ci DEFAULT NULL,
  `hGrade_ID` varchar(5) CHARACTER SET utf8mb4 COLLATE utf8mb4_0900_ai_ci DEFAULT NULL,
  `hReview` varchar(791) CHARACTER SET utf8mb4 COLLATE utf8mb4_0900_ai_ci DEFAULT NULL,
  `hGroupWork_ID` varchar(7) CHARACTER SET utf8mb4 COLLATE utf8mb4_0900_ai_ci DEFAULT NULL,
  `hSoloWork_ID` varchar(7) CHARACTER SET utf8mb4 COLLATE utf8mb4_0900_ai_ci DEFAULT NULL,
  `hExam_ID` varchar(25) CHARACTER SET utf8mb4 COLLATE utf8mb4_0900_ai_ci DEFAULT NULL,
  `hAttendance_ID` varchar(18) CHARACTER SET utf8mb4 COLLATE utf8mb4_0900_ai_ci DEFAULT NULL,
  `hInstruction_ID` varchar(50) CHARACTER SET utf8mb4 COLLATE utf8mb4_0900_ai_ci DEFAULT NULL,
  `hPresent_ID` varchar(7) CHARACTER SET utf8mb4 COLLATE utf8mb4_0900_ai_ci DEFAULT NULL,
  `hExperience_ID` varchar(7) CHARACTER SET utf8mb4 COLLATE utf8mb4_0900_ai_ci DEFAULT NULL,
  `hChallenge_ID` varchar(7) CHARACTER SET utf8mb4 COLLATE utf8mb4_0900_ai_ci DEFAULT NULL,
  `hTime_ID` varchar(8) CHARACTER SET utf8mb4 COLLATE utf8mb4_0900_ai_ci DEFAULT NULL,
  `sGroup` varchar(6) CHARACTER SET utf8mb4 COLLATE utf8mb4_0900_ai_ci DEFAULT NULL,
  `sSubject_ID` varchar(47) CHARACTER SET utf8mb4 COLLATE utf8mb4_0900_ai_ci DEFAULT NULL,
  `sGrade_ID` varchar(5) CHARACTER SET utf8mb4 COLLATE utf8mb4_0900_ai_ci DEFAULT NULL,
  `sReview` varchar(457) CHARACTER SET utf8mb4 COLLATE utf8mb4_0900_ai_ci DEFAULT NULL,
  `sGroupWork_ID` varchar(7) CHARACTER SET utf8mb4 COLLATE utf8mb4_0900_ai_ci DEFAULT NULL,
  `sSoloWork_ID` varchar(7) CHARACTER SET utf8mb4 COLLATE utf8mb4_0900_ai_ci DEFAULT NULL,
  `sExam_ID` varchar(26) CHARACTER SET utf8mb4 COLLATE utf8mb4_0900_ai_ci DEFAULT NULL,
  `sAttendance_ID` varchar(18) CHARACTER SET utf8mb4 COLLATE utf8mb4_0900_ai_ci DEFAULT NULL,
  `sInstruction_ID` varchar(62) CHARACTER SET utf8mb4 COLLATE utf8mb4_0900_ai_ci DEFAULT NULL,
  `sPresent_ID` varchar(7) CHARACTER SET utf8mb4 COLLATE utf8mb4_0900_ai_ci DEFAULT NULL,
  `sExperience_ID` varchar(7) CHARACTER SET utf8mb4 COLLATE utf8mb4_0900_ai_ci DEFAULT NULL,
  `sChallenge_ID` varchar(7) CHARACTER SET utf8mb4 COLLATE utf8mb4_0900_ai_ci DEFAULT NULL,
  `sTime_ID` varchar(8) CHARACTER SET utf8mb4 COLLATE utf8mb4_0900_ai_ci DEFAULT NULL,
  `smGroup` varchar(6) CHARACTER SET utf8mb4 COLLATE utf8mb4_0900_ai_ci DEFAULT NULL,
  `smSubject_ID` varchar(49) CHARACTER SET utf8mb4 COLLATE utf8mb4_0900_ai_ci DEFAULT NULL,
  `smGrade_ID` varchar(5) CHARACTER SET utf8mb4 COLLATE utf8mb4_0900_ai_ci DEFAULT NULL,
  `smReview` varchar(534) CHARACTER SET utf8mb4 COLLATE utf8mb4_0900_ai_ci DEFAULT NULL,
  `smGroupWork_ID` varchar(7) CHARACTER SET utf8mb4 COLLATE utf8mb4_0900_ai_ci DEFAULT NULL,
  `smSoloWork_ID` varchar(7) CHARACTER SET utf8mb4 COLLATE utf8mb4_0900_ai_ci DEFAULT NULL,
  `smExam_ID` varchar(26) CHARACTER SET utf8mb4 COLLATE utf8mb4_0900_ai_ci DEFAULT NULL,
  `smAttendance_ID` varchar(18) CHARACTER SET utf8mb4 COLLATE utf8mb4_0900_ai_ci DEFAULT NULL,
  `smInstruction_ID` varchar(50) CHARACTER SET utf8mb4 COLLATE utf8mb4_0900_ai_ci DEFAULT NULL,
  `smPresent_ID` varchar(7) CHARACTER SET utf8mb4 COLLATE utf8mb4_0900_ai_ci DEFAULT NULL,
  `smExperience_ID` varchar(7) CHARACTER SET utf8mb4 COLLATE utf8mb4_0900_ai_ci DEFAULT NULL,
  `smChallenge_ID` varchar(7) CHARACTER SET utf8mb4 COLLATE utf8mb4_0900_ai_ci DEFAULT NULL,
  `smTime_ID` varchar(8) CHARACTER SET utf8mb4 COLLATE utf8mb4_0900_ai_ci DEFAULT NULL
) ENGINE=InnoDB DEFAULT CHARSET=utf8mb4 COLLATE=utf8mb4_0900_ai_ci;

--
-- Dumping data for table `testtt`
--

INSERT INTO `testtt` (`id`, `timestamp`, `faculty_ID`, `student_ID`, `student_level`, `interestd`, `hGroup`, `hSubject_ID`, `hGrade_ID`, `hReview`, `hGroupWork_ID`, `hSoloWork_ID`, `hExam_ID`, `hAttendance_ID`, `hInstruction_ID`, `hPresent_ID`, `hExperience_ID`, `hChallenge_ID`, `hTime_ID`, `sGroup`, `sSubject_ID`, `sGrade_ID`, `sReview`, `sGroupWork_ID`, `sSoloWork_ID`, `sExam_ID`, `sAttendance_ID`, `sInstruction_ID`, `sPresent_ID`, `sExperience_ID`, `sChallenge_ID`, `sTime_ID`, `smGroup`, `smSubject_ID`, `smGrade_ID`, `smReview`, `smGroupWork_ID`, `smSoloWork_ID`, `smExam_ID`, `smAttendance_ID`, `smInstruction_ID`, `smPresent_ID`, `smExperience_ID`, `smChallenge_ID`, `smTime_ID`) VALUES
(1, '6/21/2025 22:36:04', 'คณะศึกษาศาสตร์', '65212115', '4', 'A3, A6, A7', 'เคย', '001226', 'B1', 'งานส่วนมากเป็นงานกลุ่ม มีเช็คชื่อบางครั้ง แต่ว่าเรียนง่ายข้อสอบไม่ยาก เก็บAได้เลยยย', '3', '1', 'C3', '1', 'D1', '1', '2', '0', '0', 'เคย', '001237', 'B1', 'มีโปรเจ็คให้ทำงานกลุ่มร่วมกับเพื่อนมีงานเดี่ยวแค่1งาน วิชานี้เก็บAง่ายมากแนะนำเลย', '3', '1', 'C3', '1', 'D2', '1', '3', '0', '0', 'เคย', '001271', 'B1', 'งานกลุ่มเป็นส่วนใหญ่ อาจารย์จะให้ซื้อหนังสือ มีเช็คชื่อท้ายคาบ หลังมิดเทอมจะเป็นทำงานกลุ่มไม่ค่อยได้เข้าเรียนส่วนมากอาจารย์จะขอพบหัวหน้ากลุ่มหรือตัวแทนกลุ่มเพื่อถามความคืบหน้า เก็บAง่ายมากแต่แนะนำให้ลงเรียนกับเพื่อนเยอะๆ', '3', '0', 'C4', '2', 'D3', '0', '2', '1', '1'),
(2, '6/21/2025 22:38:13', 'คณะศึกษาศาสตร์', '65310944', '4', 'A2, A3, A6', 'เคย', '001332', 'B2', 'รู้สึกว่าอาจารย์สอนดีและเข้าใจง่ายแต่ถ้าใครไม่ชอบเกี่ยวกับการจัดการข้อมูลต่างๆก็อาจจะเข้าใจยากนิดนึง', '1', '2', 'C2', '2', 'D3', '0', '2', '1', '0', 'เคย', '001232', 'B3', 'ส่วนตัวไม่ชอบเรื่องกฎหมายอยู่แล้วรู้สึกว่าวิชานี้เนื้อหาแบบเป็นตัวหนังสือเยอะมากต้องมีความเข้าใจและความจำที่ดีถึงจะทำข้อสอบได้แต่ถ้าใครความจำดีน่าจะง่ายนะเพราะข้อสอบออกแบบที่เรียนเลย', '0', '1', 'C2', '1', 'D2', '0', '1', '2', '0', 'เคย', '001273', 'B2', 'รู้สึกก็คือพื้นฐานง่ายๆสำหรับคณิตเลยจะมีสูตรเยอะให้จำและก็จะมีเรื่องคิดค่าเปอร์เซ็น ภาษีและสุดท้ายที่ยากที่สุดน่าจะเป็นเรื่องสถิติพื้นฐาน', '0', '3', 'C2', '2', 'D3', '0', '2', '1', '0'),
(3, '6/21/2025 22:38:54', 'คณะวิทยาศาสตร์', '65312993', '4', 'A1, A6', 'เคย', '001332', 'B1', 'อาจารย์ใจดี ทำงานสองคนก็ได้', '1', '3', 'C2', '2', 'D3', '0', '3', '1', '0', 'เคย', '001237', 'B1', 'งานเยอะมาก', '3', '1', 'C3', '2', 'D2', '3', '2', '1', '1', 'เคย', '001273', 'B5', 'ให้ทำโจทย์เยอะ', '0', '2', 'C2', '2', 'D3', '0', '1', '2', '1'),
(4, '6/22/2025 7:40:04', 'คณะวิทยาศาสตร์', '66315641', '3', 'A1, A3, A6', 'เคย', '001227', 'B1', 'อจ.สอนดี เข้าใจง่าย เรียนง่าย', '2', '1', 'C3', '2', 'D2', '0', '3', '0', '0', 'เคย', '001237', 'B1', 'เรียนชิวๆ มีงานกลุ่มส่วนมาก เรียนง่ายเข้าใจง่าย', '2', '1', 'C3', '2', 'D2', '1', '3', '1', '0', 'ไม่เคย', '', '', '', '', '', '', '', '', '', '', '', ''),
(5, '6/22/2025 23:16:43', 'คณะศึกษาศาสตร์', '64244929', '4', 'A2, A3, A6', 'เคย', '001276', 'B1', 'สามารถนำมาใช้ประโยชน์ในชีวิตประจำได้', '0', '3', 'C3', '1', 'D1', '1', '2', '1', '0', 'เคย', '001239', 'B1', 'สามารถช่วยพัฒนาทักษะการเป็นผู้นำและบุคลิได้ดีมาก', '3', '1', 'C3', '2', 'D3', '3', '3', '1', '1', 'เคย', '001271', 'B3', 'ค่อนข้างมีประโยชน์ต่อความเข้าใจเรื่องสิ่งแวดล้อม', '1', '2', 'C3', '0', 'D3', '1', '2', '1', '1'),
(6, '6/21/2025 22:51:30', 'คณะวิทยาศาสตร์', '64316718', '4', 'A4, A6, A7', 'เคย', '001226', 'B2', 'ดีรู้เท่าทันสื่อ', '2', '2', 'C2', '1', 'D2', '0', '2', '1', '1', 'เคย', '001239', 'B1', 'ดีเลยพัฒนาตัวเอง', '1', '1', 'C5', '1', 'D3', '3', '3', '1', '1', 'เคย', '001273', 'B3', 'เฉยๆ', '0', '2', 'C2', '1', 'D3', '0', '2', '1', '0'),
(7, '6/21/2025 23:23:10', 'คณะวิทยาศาสตร์', '65316144', '4', 'A1, A3, A6', 'เคย', '001241', 'B1', 'รู้สึกสนุก ได้มีดนตรีมาเล่นให้ฟัง รู้จักเครื่องดนตรีมากขึ้นค่ะ เรียนสนุกมากกกกก ', '2', '2', 'C1', '1', 'D2', '1', '3', '1', '0', 'เคย', '001234', 'B1', 'รู้สึกว่างานเยอะมากเลยค่ะ ', '2', '2', 'C2', '2', 'D3', '1', '2', '1', '0', 'ไม่เคย', '', '', '', '', '', '', '', '', '', '', '', ''),
(8, '6/21/2025 22:55:25', 'คณะวิทยาศาสตร์', '65313211', '4', 'A1, A2, A3', 'ไม่เคย', '', '', '', '', '', '', '', '', '', '', '', '', 'ไม่เคย', '', '', '', '', '', '', '', '', '', '', '', '', 'เคย', '001273', 'B4', 'คิดว่าสามารถนำไปใช้ประโยชน์ในอนาคตได้ดี', '0', '3', 'C2', '1', 'D3', '0', '3', '1', '0'),
(9, '6/21/2025 23:05:30', 'คณะสาธารณสุขศาสตร์', '65472895', '4', 'A1', 'เคย', '001224', 'B3', 'สนุกดี ชอบ', '1', '3', 'C2', '1', 'D3', '0', '2', '1', '0', 'เคย', '001232', 'B2', 'ชอบ อาจารย์สอนเข้าใจ', '1', '1', 'C2', '2', 'D3', '1', '3', '2', '0', 'เคย', '001279', 'B1', 'สนุก', '1', '2', 'C2', '2', 'D3', '1', '2', '1', '1'),
(10, '6/21/2025 23:05:31', 'คณะวิทยาศาสตร์', '67312731', '2', 'A2, A5, A6', 'เคย', '001227', 'B1', 'รู้สึกสนุกกับวิชานี้ ', '1', '1', 'C2', '2', 'D3', '0', '2', '0', '0', 'เคย', '001236', 'B1', 'รู้สึกว่าสามารถนำสิ่งที่ได้รับจากการเรียนไปปรับใช้ในชีวิตประจำวันได้', '1', '2', 'C3', '1', 'D3', '0', '3', '0', '0', 'เคย', '001277', 'B3', 'มีความยากของเนื้อหา', '2', '2', 'C3', '2', 'D3', '1', '2', '2', '1'),
(11, '6/22/2025 23:17:04', 'คณะสังคมศาสตร์', '66342548', '3', 'A1, A3, A5', 'เคย', '001224', 'B3', 'เรียนโอเคแต่งานเยอะมากมีทุกสัปดาห์', '0', '3', 'C3', '0', 'D1', '0', '2', '1', '0', 'เคย', '001237', 'B1', 'เป็นวิชาที่ต้องเลือกกลุ่มที่ทำงานด้วยให้ดีๆ จำเป็นมากเพราะงานกลุ่มเยอะมาก', '3', '1', 'C3', '1', 'D3', '1', '2', '0', '0', 'เคย', '001292', 'B1', 'สนุกดีเรียนจอยๆ', '3', '1', 'C5', '2', 'D3', '1', '2', '1', '0'),
(12, '6/22/2025 9:08:17', 'คณะวิศวกรรมศาสตร์', '65363827', '4', 'A3, A4, A6', 'เคย', '001331', 'B1', 'ดี', '1', '2', 'C1', '2', 'D3', '1', '2', '1', '0', 'เคย', '001234', 'B1', 'ดี', '2', '3', 'C3', '2', 'D3', '0', '2', '0', '1', 'เคย', '001271', 'B1', 'ดี', '3', '2', 'C3', '1', 'D3', '1', '2', '1', '1'),
(13, '6/21/2025 23:06:02', 'คณะศึกษาศาสตร์', '67710742', '2', 'A5', 'เคย', '001224', 'B1', 'ดี งานเยอะ ทำให้ทัน', '2', '2', 'C2', '0', 'D2', '0', '2', '1', '0', 'เคย', '001251', 'B2', 'ง่วง', '2', '3', 'C3', '2', 'D3', '1', '2', '1', '0', 'เคย', '001272', 'B1', 'ดี ทำตามผู้สอน', '0', '3', 'C2', '1', 'D3', '0', '3', '1', '1'),
(14, '6/22/2025 23:20:38', 'คณะศึกษาศาสตร์', '66345464', '2', 'A1, A2, A6', 'เคย', '001253', 'B1', 'มีองค์ความรู้อื่นๆ ที่สามารถต่อยอดในการทำธุรกิจได้มากมาย', '2', '2', 'C2', '1', 'D2', '1', '2', '0', '0', 'เคย', '001237', 'B1', 'ทำให้รู้จักกับผองเพื่อน การทำงานเป็นทีม รู้ทักษะที่ใช้ในชีวิตจริงๆ ผ่านประสบการณ์', '2', '1', 'C3', '0', 'D2', '1', '2', '0', '0', 'เคย', '001271', 'B1', 'ทำให้รู้หลัก SDG ESG และองค์ความรู้อื่นๆ ที่ทำให้เราเกิดความรักต่อสิ่งแวดล้อม', '3', '0', 'C4', '2', 'D2', '1', '2', '1', '1'),
(15, '6/21/2025 23:23:56', 'คณะสาธารณสุขศาสตร์', '65471010', '4', 'A1', 'เคย', '001238', 'B4', 'อ่านนส.เยอะๆจำเยอะอะ', '0', '1', 'C3', '2', 'D1', '0', '0', '2', '0', 'เคย', '001252', 'B1', 'ง่ายเอา', '1', '3', 'C3', '2', 'D3', '0', '1', '0', '0', 'เคย', '001279', 'B2', 'ง่ายเอาลง', '1', '3', 'C3', '1', 'D3', '0', '3', '0', '1'),
(16, '6/22/2025 23:23:24', 'คณะวิทยาศาสตร์', '65310302', '4', 'A1, A5, A6', 'ไม่เคย', '', '', '', '', '', '', '', '', '', '', '', '', 'ไม่เคย', '', '', '', '', '', '', '', '', '', '', '', '', 'เคย', '001271', 'B1', 'เก็บเกรดง่ายดี', '3', '1', 'C3', '2', 'D2', '0', '2', '1', '1'),
(17, '6/21/2025 23:06:20', 'คณะวิทยาศาสตร์', '67314087', '2', 'A6', 'เคย', '001221', 'B1', 'ง่ายดี', '0', '3', 'C2', '2', 'D1', '0', '3', '0', '0', 'เคย', '001237', 'B1', 'ท้อ', '3', '1', 'C3', '2', 'D3', '3', '2', '1', '0', 'เคย', '001272', 'B1', 'ง่ายมาก', '0', '3', 'C2', '2', 'D3', '1', '2', '0', '1'),
(18, '6/21/2025 23:11:02', 'คณะวิศวกรรมศาสตร์', '65362340', '4', 'A1, A2', 'เคย', '001226', 'B2', 'เรียนสนุก ไม่ยากเกินไป', '2', '1', 'C3', '2', 'D2', '1', '2', '1', '0', 'เคย', '001237', 'B1', 'เรียนไม่ยาก แต่งานกลุ่มเยอะ', '3', '1', 'C3', '0', 'D2', '1', '2', '1', '1', 'เคย', '001292', 'B1', 'เรียนสนุก', '2', '1', 'C3', '1', 'D3', '0', '2', '1', '0'),
(19, '6/22/2025 9:24:36', 'คณะศึกษาศาสตร์', '64345893', '4', 'A2, A3, A5', 'เคย', '001227', 'B3', 'เป็นวิชาที่ดูไม่อยากแต่เป็นวิชาที่ถือว่าท้าทายวินัยกับความรับผิดชอบ คะแนนจะอิงจากภาคปฏิบัติเป็นส่วนใหญ่ อาจารย์จะให้อิสระแต่ละกลุ่มในการฝึกฝนรับผิดชอบตัวเองและคนในกลุ่มเพราะตอนสอบปฏิบัติจะดูภาพรวมทั้งกลุ่มไม่ใช่คนใดคนหนึ่ง ตอนเรียนมีความสุขกับวิธีการสอนของอาจารย์มากได้ทั้งสาระและความสนุก', '3', '2', 'C3', '1', 'D1', '1', '3', '1', '0', 'เคย', '001251', 'B1', 'รู้สึกว่าถ้าได้มาเรียนวิชานี้ก่อนไปฝึกงานน่าจะดี เพราะได้แง่คิดในการทำงานในองค์กรเยอะมาก แต่ดีใจที่ก่อนจบได้ลงเรียนวิชานี้ ปล.ลงของซัมเมอร์เลยกิจกรรมจะไม่เยอะเท่าภาคปกติเลยไม่รู้ว่าปกติเหมือนกันไหม', '2', '2', 'C2', '0', 'D3', '3', '3', '1', '0', 'เคย', '001271', 'B2', 'ช่วงนั้นเรียนเป็นออนไลน์เลยรู้สึกว่าค่อนข้างง่ายด้วยเนื้อหาวิชาและงาน เนื้อหาเหมือนทวนสิ่งที่รู้แล้วก็เอามาขยายเข้าเนื้อหาเลยเข้าใจง่ายรู้สึกไม่ไกลตัว', '3', '2', 'C2', '2', 'D2', '0', '3', '2', '0'),
(20, '6/22/2025 23:26:44', 'คณะวิศวกรรมศาสตร์', '65365845', '4', 'A3, A5, A6', 'เคย', '001226', 'B4', 'ได้ความรู้ใหม่ๆกับการใช้ชีวิตในยุคปัจจุบันมากขึ้น', '2', '1', 'C3', '1', 'D2', '1', '2', '1', '0', 'เคย', '001237', 'B1', 'ทักษะในการทำงานร่วมกับผู้อื่นที่ไม่รู้จัก', '3', '0', 'C3', '2', 'D3', '3', '3', '1', '0', 'เคย', '001279', 'B2', 'ได้ทบทวนความรู้ช่วงมี.ปลาย', '2', '1', 'C3', '2', 'D3', '1', '2', '0', '1'),
(21, '6/21/2025 23:26:55', 'คณะวิทยาศาสตร์', '66312954', '3', 'A3, A5, A7', 'เคย', '001227', 'B1', 'สนุก อาจารย์สอนสนุก ตั้งใจทำงาน เข้ากิจกรรมได้เกรด A', '2', '2', 'C2', '2', 'D2', '0', '3', '1', '0', 'เคย', '001234', 'B1', '_', '0', '3', 'C3', '1', 'D2', '0', '1', '1', '0', 'เคย', '001271', 'B1', 'งานค่อนข้างเยอะ', '3', '1', 'C3', '1', 'D2', '3', '2', '1', '1'),
(22, '6/21/2025 23:12:43', 'คณะศึกษาศาสตร์', '65412396', '4', 'A1, A3, A6', 'เคย', '001227', 'B1', 'ชอบอาจารย์ที่สอน สอนสนุกเป็นวิชาที่น่าเรียน', '2', '1', 'C2', '2', 'D2', '1', '3', '1', '0', 'เคย', '001251', 'B4', 'ชอบ', '1', '1', 'C3', '2', 'D3', '1', '3', '2', '0', 'เคย', '001279', 'B1', 'สนุกสนาน ได้สร้างนวัตกรรม ', '3', '1', 'C3', '2', 'D3', '1', '2', '1', '0'),
(23, '6/21/2025 23:27:10', 'คณะวิทยาศาสตร์', '65313570', '4', 'A3, A5', 'เคย', '001222', 'B1', 'เหมือนเรียนวิชาภาษาไทย + สังคม + นาฏศิลป์ สมัยมัธยม เนื้อหาค่อนข้างเยอะ น่าเบื่อนิดหน่อยเวลาเรียน ', '1', '1', 'C3', '0', 'D3', '0', '1', '1', '0', 'เคย', '001234', 'B1', 'เนื้อหาที่เรียนเป็นประวัติศาสตร์ของไทยส่วนใหญ่ แล้วก็มีพวกเกี่ยวกับภูมิปัญญาท้องถิ่นด้วย ต้องซื้อหนังสือเพื่อเขียนส่ง (เขียนมือเหนื่อยมากก แนะนำอย่าดองงานนะคับ แต่ถ้าไม่ชอบเขียนก็ปัดผ่านวิชานี้เลย แต่คะแนนได้มาง่ายจริง ๆ นะ) แล้วบางทีอาจารย์จะเปิดวิดีโอให้ดูเกือบทั้งชั่วโมง ทำให้บรรยากาศการเรียนน่าเบื่อพอสมควรเลย ถ้าจะเลือกลงเรียน เป็นไปได้ต้องเข้าทุกคลาส เพราะจะมีสุ่มเรียกตรวจหนังสือแล้วอาจารย์หรือ TA จะเซ็นให้ว่าส่งแล้ว ลายเซ็นมีผลกับคะแนนด้วย ', '1', '1', 'C3', '0', 'D3', '0', '2', '1', '0', 'เคย', '001272', 'B1', 'ตอนที่เรียนวิชานี้ อาจารย์จะสอนเกี่ยวกับการใช้ Canva ตัดต่อวิดีโอ แล้วก็ออกแบบการนำเสนอเป็นส่วนใหญ่ เนื้อหาที่สอนไม่ยาก แต่การสอนของแต่ละเซคจะแตกต่างกัน บางเซคมีสอบย่อย บางเซคไม่มี อย่างของเราไม่มี แล้วอาจารย์ก็ไม่ค่อยเข้าสอนเท่าไหร่ จะเน้นให้ทำงานส่งออนไลน์มากกว่า', '0', '3', 'C3', '0', 'D1', '0', '1', '1', '1'),
(24, '6/22/2025 23:34:18', 'คณะวิทยาศาสตร์', '65313792', '4', 'A1, A3, A5', 'เคย', '001224', 'B1', 'ผิดหวังมาก เพราะคิดว่าจะได้เรียนทักษะศิลปะแต่ดันเน้นไปที่ประวัติศาสตร์', '1', '3', 'C3', '2', 'D3', '0', '2', '1', '0', 'เคย', '001237', 'B3', 'ความคาดหวังของอาจารย์เยอะเกิน ', '3', '0', 'C3', '1', 'D2', '1', '3', '2', '1', 'ไม่เคย', '', '', '', '', '', '', '', '', '', '', '', ''),
(25, '6/21/2025 23:13:29', 'คณะวิทยาศาสตร์', '65316991', '4', 'A1, A3, A7', 'เคย', '001241', 'B1', 'สนุก ผ่อนคลาย ได้ความรู้', '2', '1', 'C3', '2', 'D2', '0', '3', '1', '0', 'เคย', '001234', 'B2', 'ได้ความรู้', '1', '3', 'C3', '2', 'D3', '0', '3', '2', '0', 'เคย', '001279', 'B2', 'ได้ความรู้ ผ่อนคลาย', '0', '2', 'C3', '2', 'D3', '0', '2', '1', '1'),
(26, '6/22/2025 23:54:37', 'คณะบริหารธุรกิจ เศรษฐศาสตร์และการสื่อสาร', '65340859', '4', 'A1, A6, A7', 'เคย', '001332', 'B1', 'เป็นวิชาที่สอนเกี่ยวกับยุคดิจิทัลที่ควรรู้จริงๆ อาจารย์ใจดีและสอนเข้าใจง่าย', '1', '1', 'C3', '1', 'D3', '0', '2', '1', '0', 'เคย', '001232', 'B1', 'อาจารย์สอนเข้าใจง่าย เนื้อหาค่อนข้างเยอะ แต่เป็นความรู้พื้นฐานที่ควรรู้จริงๆ', '1', '1', 'C3', '2', 'D3', '1', '2', '1', '0', 'เคย', '001271', 'B1', 'เป็นวิชาที่เน้นดำเนินชีวิตที่ให้ความสำคัญกับสิ่งแวดล้อมรอบตัว เน้นการรักษ์โลก อาจารย์สอนเข้าใจง่าย ได้มีการนวัตกรรมที่เข้ามาช่วยจัดการปัญหาที่เกี่ยวสิ่งแวดล้อม', '1', '1', 'C3', '1', 'D3', '1', '2', '1', '1'),
(27, '6/22/2025 12:41:36', 'คณะบริหารธุรกิจ เศรษฐศาสตร์และการสื่อสาร', '65343942', '4', 'A1, A2, A5', 'เคย', '001227', 'B1', 'รู้สึกสนุกเพราะได้ลองทำในสิ่งใหม่ๆที่ไม่เคยทำและอาจารย์สอนสนุกค่ะ', '1', '3', 'C3', '2', 'D3', '1', '3', '0', '0', 'เคย', '001234', 'B1', 'คิดว่าวิชานี้เป็นวิชาที่ค่อยข้างเรียนง่ายทำให้ไม่เครียดหรือกดดันมากจนเกินไปค่ะ', '1', '3', 'C3', '1', 'D3', '0', '2', '0', '0', 'เคย', '001278', 'B1', 'เป็นวิชาที่เนื้อหาไม่ซับซ้อน เข้าใจง่าย และได้เรียนกับอาจารย์/วิทยากรหลายท่านทำให้ได้เรียนรู้หลายอย่างค่ะ', '0', '3', 'C3', '2', 'D2', '0', '2', '0', '1'),
(28, '6/21/2025 23:16:24', 'คณะสาธารณสุขศาสตร์', '65473304', '4', 'A1, A6, A7', 'เคย', '001331', 'B1', 'ดี', '2', '3', 'C5', '2', 'D2', '0', '2', '1', '0', 'เคย', '001252', 'B1', 'ดี', '1', '2', 'C3', '2', 'D3', '0', '2', '1', '1', 'เคย', '001291', 'B1', 'ดี', '2', '3', 'C2', '2', 'D3', '1', '3', '2', '1'),
(29, '6/23/2025 0:00:39', 'คณะบริหารธุรกิจ เศรษฐศาสตร์และการสื่อสาร', '64348337', '4', 'A1', 'เคย', '001238', 'B4', 'ก็ดีนะคะ อาจารย์ก็สอนสนุก ทำสื่อๆต่างๆด้วย ถ้าแนะนำลองคิดดูดีๆ ก่อนค่ะ', '1', '3', 'C3', '1', 'D3', '0', '2', '1', '0', 'เคย', '001237', 'B1', 'สนุก ดี งานกลุ่มเยอะ ส่งงานครบ ก็ปาคะแนนไปแล้วมากว่าครึ่ง', '3', '2', 'C3', '1', 'D2', '3', '2', '1', '1', 'ไม่เคย', '', '', '', '', '', '', '', '', '', '', '', ''),
(30, '6/21/2025 23:17:34', 'คณะวิทยาศาสตร์', '68317964', '1', 'A1', 'เคย', '001226', 'B1', 'เฉยๆ', '1', '1', 'C3', '2', 'D3', '1', '2', '1', '0', 'เคย', '001237', 'B1', 'เฉยฟ', '3', '1', 'C3', '1', 'D3', '3', '2', '1', '0', 'เคย', '001271', 'B3', 'เฉยๆ', '2', '1', 'C3', '1', 'D3', '1', '2', '1', '1'),
(31, '7/2/2025 18:36:02', 'คณะบริหารธุรกิจ เศรษฐศาสตร์และการสื่อสาร', '65344376', '4', 'A3', 'เคย', '001226', 'B1', 'รู้สึกดี มีประโยชน์', '2', '1', 'C3', '2', 'D2', '2', '2', '1', '0', 'เคย', '001233', 'B3', 'ดี', '2', '1', 'C3', '2', 'D2', '0', '1', '1', '0', 'ไม่เคย', '', '', '', '', '', '', '', '', '', '', '', ''),
(32, '6/21/2025 23:19:43', 'คณะศึกษาศาสตร์', '65412846', '4', 'A1, A3', 'เคย', '001226', 'B1', 'ดีมีความสุข', '1', '2', 'C2', '2', 'D3', '1', '3', '1', '0', 'เคย', '001233', 'B1', 'มีความสุข', '1', '2', 'C2', '1', 'D2', '1', '2', '1', '0', 'เคย', '001278', 'B1', 'มีความสุข', '2', '2', 'C2', '1', 'D2', '1', '2', '1', '0'),
(33, '6/21/2025 23:27:26', 'คณะวิทยาศาสตร์', '66311124', '3', 'A1', 'เคย', '001222', 'B4', 'ได้ความรู้', '3', '1', 'C2', '0', 'D1', '1', '2', '1', '1', 'เคย', '001237', 'B1', 'รู้ตัวเอง', '3', '1', 'C3', '2', 'D3', '3', '3', '0', '0', 'เคย', '001272', 'B4', 'เขียนโค้ด', '1', '2', 'C3', '2', 'D2', '1', '3', '2', '0'),
(34, '6/23/2025 0:53:16', 'คณะวิทยาศาสตร์', '65312832', '4', 'A2, A3', 'เคย', '001224', 'B1', 'เรียนสบาย สั่งงานง่ายแต่สั่งทุกสัปดาห์', '2', '1', 'C3', '1', 'D2', '0', '2', '0', '0', 'เคย', '001234', 'B1', 'นั่งเรียนสบาย มีซื้อหนังสือ เก็บเอง่าย', '1', '1', 'C3', '1', 'D2', '0', '1', '0', '0', 'เคย', '001272', 'B1', 'เรียนสนุก อาจารย์ใจดีสอนชิวๆ', '1', '2', 'C3', '1', 'D2', '0', '1', '0', '1'),
(35, '6/22/2025 13:37:13', 'คณะวิศวกรรมศาสตร์', '64366126', '4', 'A5', 'ไม่เคย', '', '', '', '', '', '', '', '', '', '', '', '', 'ไม่เคย', '', '', '', '', '', '', '', '', '', '', '', '', 'เคย', '001271', 'B2', 'ชิวๆไม่เครียด', '0', '1', 'C2', '1', 'D3', '0', '3', '0', '0'),
(36, '6/23/2025 1:00:41', 'คณะบริหารธุรกิจ เศรษฐศาสตร์และการสื่อสาร', '65341184', '4', 'A1, A3, A6', 'เคย', '001238', 'B1', 'ดีค่ะสนุกดี', '2', '2', 'C3', '1', 'D2', '1', '3', '1', '0', 'เคย', '001251', 'B1', 'ดีค่ะสนุกได้เรียนรู้ทำงานกลุ่มและได้ทักษะใหม่ๆมากมาย', '3', '1', 'C2', '2', 'D2', '3', '3', '1', '0', 'เคย', '001271', 'B1', 'ดีค่ะ', '2', '1', 'C2', '2', 'D2', '1', '2', '1', '1'),
(37, '6/21/2025 23:36:51', 'คณะสาธารณสุขศาสตร์', '65473069', '3', 'A1, A3', 'เคย', '001227', 'B1', 'เป็นวิชาที่สอนเกี่ยวกับดนตรีไทยตั้งแต่สมัยอดีต และประวัติเกี่ยวกับดนตรีไทย อาจารย์ใจดีมากๆ สอนสนุก มีลูกเล่นต่างๆในการสอน ', '0', '3', 'C2', '2', 'D1', '0', '3', '1', '0', 'เคย', '001239', 'B2', 'เป็นการแสดงความคิดเห็นเป็นส่วนใหญ่', '1', '3', 'C2', '2', 'D3', '1', '3', '1', '1', 'เคย', '001278', 'B1', 'เป็นวิชาที่น่าสนใจมาก', '1', '2', 'C3', '2', 'D3', '1', '3', '1', '0'),
(38, '6/23/2025 4:54:27', 'คณะวิทยาศาสตร์', '67312571', '2', 'A2, A3, A7', 'เคย', '001222', 'B2', 'รู้ว่าก็ไม่ได้ยากเเละไม่ได้ง่ายเกินไป', '2', '3', 'C3', '0', 'D2', '0', '1', '1', '0', 'เคย', '001231', 'B1', 'รู้สึกว่าถ้าใครชอบเเนวตอบคำถามตอบโจทย์เลนส่วนใหญ่เน้นถามคำถามให้ตอบยาวๆ', '1', '3', 'C3', '1', 'D1', '1', '2', '1', '1', 'ไม่เคย', '', '', '', '', '', '', '', '', '', '', '', ''),
(39, '6/22/2025 22:34:02', 'คณะสาธารณสุขศาสตร์', '67470226', '2', 'A1, A2, A3', 'เคย', '001226', 'B3', 'สนุกดีค่ะ', '1', '2', 'C3', '1', 'D3', '0', '2', '1', '0', 'ไม่เคย', '', '', '', '', '', '', '', '', '', '', '', '', 'ไม่เคย', '', '', '', '', '', '', '', '', '', '', '', ''),
(40, '6/23/2025 5:06:39', 'คณะมนุษยศาสตร์', '65260645', '4', 'A3', 'เคย', '001227', 'B1', 'เป็นความรู้ที่ไม่ใกล้ตัวจะมากเกินไป แล้วก็มีความสนุก ได้ผ่อนคลายจากวิชาเอก และได้ความรู้  อีกทั้งยังได้ทำงานเป็นกลุ่มเพื่อเพิ่มความสามัคคี', '3', '1', 'C3', '1', 'D1', '0', '3', '1', '0', 'เคย', '001234', 'B1', 'ได้เรียนรู้อะไรเก่าๆและหรือเป็นพื้นบ้าน', '2', '3', 'C3', '1', 'D2', '0', '2', '2', '0', 'เคย', '001271', 'B1', 'เป็นเนื้อหาที่ค่อนข้างวิทยาศาสตร์สำหรับเด็กสายภาษาอาจจะรู้สึกอยาก เน้นงานกลุ่มและเนื้อหาที่ออกสอบก็มาจากที่เรียน เรียนน้อยแต่เนื้อหายาก', '2', '2', 'C2', '2', 'D3', '1', '3', '2', '0'),
(41, '6/22/2025 22:34:49', 'คณะบริหารธุรกิจ เศรษฐศาสตร์และการสื่อสาร', '64349013', '4', 'A1, A2, A5', 'เคย', '001222', 'B1', 'สนุก ได้ความรู้มากมาย ', '2', '2', 'C3', '2', 'D2', '1', '2', '1', '0', 'ไม่เคย', '', '', '', '', '', '', '', '', '', '', '', '', 'ไม่เคย', '', '', '', '', '', '', '', '', '', '', '', ''),
(42, '6/23/2025 7:58:06', 'คณะบริหารธุรกิจ เศรษฐศาสตร์และการสื่อสาร', '65343010', '4', 'A1, A3, A6', 'เคย', '001238', 'B1', 'สนุกดีมีการทำคลิปละครสั้น ', '3', '2', 'C3', '2', 'D1', '2', '3', '2', '0', 'เคย', '001352', 'B1', 'รู้สึกโอเค อาจารย์ใจดี เน้นบรรยาย', '1', '3', 'C2', '2', 'D3', '0', '2', '1', '0', 'เคย', '001271', 'B1', 'โอเคดี ', '3', '2', 'C2', '2', 'D2', '3', '3', '1', '1'),
(43, '6/21/2025 23:38:09', 'คณะวิทยาศาสตร์', '66314019', '3', 'A3', 'เคย', '001224', 'B4', 'ยาก', '3', '1', 'C2', '2', 'D1', '1', '2', '2', '1', 'เคย', '001237', 'B2', 'ดี', '3', '1', 'C2', '2', 'D3', '1', '3', '2', '1', 'เคย', '001273', 'B2', 'ดี', '0', '2', 'C2', '2', 'D3', '0', '3', '2', '1'),
(44, '6/23/2025 8:11:09', 'คณะบริหารธุรกิจ เศรษฐศาสตร์และการสื่อสาร', '65341528', '4', 'A1, A2, A6', 'เคย', '001332', 'B1', 'สนุก เข้าใจง่าย', '2', '2', 'C3', '0', 'D2', '1', '2', '1', '0', 'เคย', '001236', 'B1', 'เรียนง่าย ไม่มีสอบ', '1', '1', 'C1', '1', 'D3', '0', '2', '0', '0', 'เคย', '001272', 'B1', 'ได้ความรู้นำไปต่อยอดเยอะ', '1', '1', 'C2', '2', 'D3', '1', '2', '1', '1'),
(45, '6/23/2025 5:52:58', 'คณะวิศวกรรมศาสตร์', '64360674', '4', 'A1, A2, A5', 'เคย', '001241', 'B3', 'ชอบมากครับ อาจารย์ใจดี วิชาสนุก', '1', '1', 'C3', '2', 'D3', '0', '3', '1', '0', 'เคย', '001351', 'B3', 'วิชานี้สบาย ๆ', '1', '3', 'C3', '2', 'D2', '0', '1', '0', '1', 'เคย', '001279', 'B1', 'อาจารย์ใจดีมาก สอนดี เนื้อหาคือวิทยาศาสตร์มัธยมปลาย ', '1', '3', 'C3', '2', 'D3', '0', '1', '1', '0'),
(46, '6/21/2025 23:42:21', 'คณะมนุษยศาสตร์', '64264385', '4', 'A1, A4, A5', 'เคย', '001227', 'B1', 'สนุกดี ไม่เครียด อาจารย์เฮฮา ', '1', '0', 'C3', '1', 'D3', '1', '2', '1', '0', 'เคย', '001232', 'B3', 'ได้เรียนรู้กฎหมายพื้นฐาน อาจารย์สอนเข้าใจง่ายดี', '1', '0', 'C3', '1', 'D3', '0', '2', '1', '0', 'ไม่เคย', '', '', '', '', '', '', '', '', '', '', '', ''),
(47, '6/23/2025 8:19:14', 'คณะวิศวกรรมศาสตร์', '67366888', '2', 'A1, A2, A3', 'ไม่เคย', '', '', '', '', '', '', '', '', '', '', '', '', 'ไม่เคย', '', '', '', '', '', '', '', '', '', '', '', '', 'เคย', '001273', 'B4', 'อาจารย์สอนเข้าใจง่ายดี ถ้าอ่านสไลด์ก่อนสอบ+ทำโจนิดหน่อยทำได้แน่นอนน', '1', '1', 'C2', '2', 'D3', '0', '2', '1', '1'),
(48, '6/22/2025 22:40:23', 'คณะบริหารธุรกิจ เศรษฐศาสตร์และการสื่อสาร', '66345013', '3', 'A1', 'ไม่เคย', '', '', '', '', '', '', '', '', '', '', '', '', 'ไม่เคย', '', '', '', '', '', '', '', '', '', '', '', '', 'ไม่เคย', '', '', '', '', '', '', '', '', '', '', '', ''),
(49, '6/23/2025 8:22:17', 'คณะสาธารณสุขศาสตร์', '68472014', '1', 'A1, A3, A6', 'ไม่เคย', '', '', '', '', '', '', '', '', '', '', '', '', 'ไม่เคย', '', '', '', '', '', '', '', '', '', '', '', '', 'ไม่เคย', '', '', '', '', '', '', '', '', '', '', '', ''),
(50, '6/23/2025 6:24:01', 'คณะสาธารณสุขศาสตร์', '65470563', '4', 'A1', 'เคย', '001227', 'B1', 'อาจารย์ใจดี สอนสนุก ข้อสอบง่าย ', '1', '3', 'C3', '2', 'D3', '0', '3', '1', '0', 'เคย', '001234', 'B1', 'เนื้อหาที่เรียนเยอะหน่อย แต่ถ้าสอบผ่าน+ส่งงานครบได้เอชัวร์', '1', '3', 'C3', '2', 'D3', '0', '2', '1', '0', 'เคย', '001279', 'B2', 'มีเนื้อหาตอนม.ปลายมาบ้าง แต่ก็เรียนลึกกว่าม.ปลายนิดนึง เนื้อหาเยอะ', '1', '2', 'C3', '2', 'D3', '1', '1', '1', '1'),
(51, '6/23/2025 8:22:30', 'คณะสาธารณสุขศาสตร์', '68471789', '1', 'A1, A3', 'ไม่เคย', '', '', '', '', '', '', '', '', '', '', '', '', 'ไม่เคย', '', '', '', '', '', '', '', '', '', '', '', '', 'ไม่เคย', '', '', '', '', '', '', '', '', '', '', '', ''),
(52, '6/23/2025 8:23:40', 'คณะสาธารณสุขศาสตร์', '68470560', '1', 'A1, A3, A7', 'ไม่เคย', '', '', '', '', '', '', '', '', '', '', '', '', 'ไม่เคย', '', '', '', '', '', '', '', '', '', '', '', '', 'ไม่เคย', '', '', '', '', '', '', '', '', '', '', '', ''),
(53, '6/23/2025 6:35:09', 'คณะมนุษยศาสตร์', '64244561', '4', 'A3, A4, A7', 'เคย', '001226', 'B2', 'เรียนสนุก', '2', '1', 'C2', '1', 'D2', '1', '2', '1', '1', 'เคย', '001234', 'B1', 'เรียนสนุกมากกกกก เรียนชิวสุดๆ', '0', '3', 'C3', '1', 'D2', '0', '2', '1', '0', 'เคย', '001278', 'B3', 'เรียนสนุก เเต่ไม่ค่อยเข้าใจ', '2', '2', 'C3', '1', 'D3', '1', '2', '2', '0'),
(54, '6/23/2025 8:29:09', 'คณะวิศวกรรมศาสตร์', '64366799', '4', 'A1, A4, A6', 'เคย', '001227', 'B1', 'อาจารย์สอนสนุก ให้ความรู้เกี่ยวกับเครื่องดนตรีได้ดี มีงานทำและสอบปฎิบัติไม่ยากเพื่อพัฒนาทักษะสกิลนอกเหนือจากการฟัง', '0', '2', 'C3', '2', 'D1', '0', '3', '0', '0', 'เคย', '001234', 'B1', 'งานค่อนข้างเยอะเป็นการทำงานด้วยหนังสือ 1 เล่ม แต่ถ้าทยอยทำก็จะไม่หนักเกินไป จำไม่ได้ว่ามีสอบย่อยมั้ย แต่ไม่มีสอบปลายภาค อาจารย์ใส่ใจสอนเรื่อยๆให้ความรู้สิ่งต่างๆได้ดี งานกลุ่มแค่เล็กน้อยไม่มีพรีเซ็น', '1', '2', 'C4', '2', 'D3', '0', '2', '1', '0', 'เคย', '001271', 'B1', 'งานกลุ่มเยอะ มีการให้ตำแหน่งแต่ละคนในงานกลุ่ม และมีพรีเซ้นท์ ไม่มีสอบปลายภาค(ไม่แน่ใจ) แต่จะเป็นการส่งงานกลุ่ม แนะนำให้ลงทะเบียนกับเพื่อน ลดความปวดหัวไปได้มากกว่ากับทำงานกับคนที่ไม่รู้จัก อาจารย์เน้นสอนช่วงแรกและช่วงหลังให้ทำงานหรือเป็นการควิซในหลังคาบเล็กน้อย', '3', '1', 'C4', '2', 'D3', '3', '3', '1', '0'),
(55, '6/22/2025 22:41:05', 'คณะบริหารธุรกิจ เศรษฐศาสตร์และการสื่อสาร', '64341345', '4', 'A1, A2, A3', 'เคย', '001227', 'B1', 'เรียนสนุก อาจารย์ใจดีมากกก', '2', '2', 'C2', '2', 'D2', '1', '2', '1', '0', 'ไม่เคย', '', '', '', '', '', '', '', '', '', '', '', '', 'เคย', '001279', 'B2', 'เนื้อหาเข้าใจง่าย ลำดับการสอนในแต่ละเรื่องค่อนข้างดี', '2', '2', 'C2', '2', 'D3', '1', '2', '1', '1'),
(56, '6/23/2025 9:23:48', 'คณะวิทยาศาสตร์', '65313044', '4', 'A2, A3, A6', 'เคย', '001222', 'B3', 'ได้ความรู้', '2', '1', 'C2', '2', 'D2', '0', '2', '1', '0', 'เคย', '001232', 'B2', 'ได้รู้จักกฏหมาย', '1', '0', 'C3', '2', 'D3', '1', '2', '1', '1', 'เคย', '001273', 'B5', 'ได้รู้จักสถิติมากขึ้น', '1', '0', 'C2', '2', 'D3', '0', '2', '1', '0'),
(57, '6/21/2025 23:48:32', 'คณะบริหารธุรกิจ เศรษฐศาสตร์และการสื่อสาร', '64343516', '4', 'A1, A3', 'เคย', '001222', 'B1', 'สบายๆ พอไปวัดไปวาได้  ถ้าชอบงานกลุ่มหนักๆ', '3', '1', 'C3', '1', 'D1', '3', '1', '0', '0', 'เคย', '001237', 'B1', 'เรื่อยๆไม่มีอะไรมากเน้นงานกลุ่ม', '3', '1', 'C2', '2', 'D3', '3', '1', '0', '0', 'เคย', '001271', 'B1', 'เหมือนเรียนชีวะ 1 ', '2', '2', 'C2', '1', 'D2', '1', '3', '1', '1'),
(58, '6/23/2025 7:32:43', 'คณะบริหารธุรกิจ เศรษฐศาสตร์และการสื่อสาร', '64346715', '4', 'A1, A2, A3', 'เคย', '001226', 'B1', 'ได้เข้าใจแนวคิดใหม่ๆในสังคมมากยิ่งขึ้น ได้เรียนรู้เปิดกว้างมากกว่าที่สอนในคราสเรียนในรายวิชาหลัก', '1', '2', 'C2', '0', 'D3', '1', '3', '1', '0', 'เคย', '001237', 'B3', 'เป็นการเรียนที่แนะแนวทางการอยู่ร่วมกันในสังคมที่ไม่ได้มุ่งเน้นไปเรื่องใดเรื่องหนึ่งแต่จะเป็นการสอนที่เปิดกว้างให้เราได้คิดหาแนวทางการใช้ชีวิต', '2', '3', 'C1', '1', 'D3', '1', '2', '1', '1', 'เคย', '001271', 'B3', 'รายวิชานี้จะเน้นไปที่สอนให้เรารักษาสิ่งแวดล้อมโดยการที่เราสามารถอยู่ร่วมกับสิ่งแวดล้อมต่างๆได้โดยที่ตัวเราจะไม่เผลอไปทำลายสิ่งแวดล้อม ', '3', '2', 'C2', '1', 'D3', '0', '3', '1', '1'),
(59, '6/21/2025 23:49:28', 'คณะวิทยาศาสตร์', '66312459', '3', 'A2', 'เคย', '001222', 'B2', 'ลำคานอาจารย์ผู้สอน', '3', '1', 'C2', '1', 'D1', '0', '0', '0', '0', 'ไม่เคย', '', '', '', '', '', '', '', '', '', '', '', '', 'เคย', '001273', 'B4', 'แย่ ผู้สอนหลายคน ทำให้สไตล์การสอนต่างกันมาก ปรับตัวไม่ทัน ข้อสอบกาทั้งหมดวัดความรู้ไม่ได้ น่าจะออกข้อเขียนนะ อาจารย์ผู้สอนเยอะมากตรวจไหวอยู่แล้ว แข่งโครงงานเสร็จยันดึก ได้มีแค่เงินรางวัลไม่กี่บาท อยากได้รางวัลเป็นคะแนนเกรดมากกว่า', '1', '3', 'C2', '2', 'D3', '1', '0', '1', '1'),
(60, '6/22/2025 22:44:18', 'คณะบริหารธุรกิจ เศรษฐศาสตร์และการสื่อสาร', '66342678', '3', 'A1, A3, A6', 'เคย', '001221', 'B1', 'เรียนง่าย เข้าใจดี', '1', '2', 'C2', '1', 'D3', '2', '2', '1', '0', 'เคย', '001237', 'B1', 'เรียนง่าย เข้าใจดี', '3', '1', 'C2', '1', 'D3', '3', '2', '1', '0', 'เคย', '001279', 'B3', 'พอเข้าใจ', '1', '3', 'C2', '2', 'D3', '3', '2', '1', '1'),
(61, '6/23/2025 9:53:59', 'คณะบริหารธุรกิจ เศรษฐศาสตร์และการสื่อสาร', '66347154', '3', 'A2', 'เคย', '001253', 'B1', 'สนุก', '2', '1', 'C2', '1', 'D2', '1', '2', '1', '1', 'เคย', '001353', 'B4', 'สนุกแต่่เเอบยาก', '1', '1', 'C2', '1', 'D2', '3', '1', '1', '1', 'ไม่เคย', '', '', '', '', '', '', '', '', '', '', '', ''),
(62, '6/23/2025 10:09:00', 'คณะบริหารธุรกิจ เศรษฐศาสตร์และการสื่อสาร', '65343096', '4', 'A1, A2, A3', 'เคย', '001227', 'B1', 'เรียนง่าย อาจารย์สอนสนุก เก็บAได้ง่ายมาก', '1', '3', 'C2', '2', 'D3', '0', '3', '1', '0', 'เคย', '001234', 'B1', 'เนื้อหาง่ายเข้าใจได้ แต่ต้องขยันทำงานส่ง', '0', '3', 'C3', '2', 'D3', '0', '2', '1', '0', 'เคย', '001292', 'B2', 'เรียนง่าย เนื้อหาไม่อยาก เช็คชื่อทำงานส่งครบก็A', '1', '2', 'C3', '1', 'D2', '0', '2', '1', '0'),
(63, '7/1/2025 14:54:43', 'คณะวิทยาศาสตร์', '65310203', '4', 'A5', 'เคย', '001222', 'B3', 'การสอนจะมีการเปลี่ยนผู้สอนไปทุกสัปดาที่เรียน หัวข้อที่สอนมีการกล่าวถึงในเชิงกว้างไม่ได้มีการเจาะลึกมากเท่าที่ควร', '1', '1', 'C3', '0', 'D3', '0', '0', '2', '0', 'เคย', '001235', 'B7', 'รู้สึกไม่คุ้มกับเวลาที่ลงไป ผู้สอนมีการสอนเกี่ยวกับ ศาสนาและการเมืองบางส่วนในด้านที่ตัวเองเชื่อและสนับสนุน แต่กลับไม่กล่าวถึงฝ่ายที่ตัวเองไม่สนับสนุน การสอบเป็นการเขียนความคิดเห็น แต่ความคิดเห็นนักสามารถผิดและสามารถถูกให้คะแนนได้', '0', '0', 'C3', '0', 'D3', '0', '0', '1', '0', 'เคย', '001271', 'B1', 'เป็นการเรียนการสอนที่ค่อนข้างยืดหยุ่นเพราะ นอกจากจะมีการบรรยายแล้ว ยังมี TA ที่สามารถที่จะถามเพื่อทำความเข้าใจได้', '2', '1', 'C3', '1', 'D3', '1', '1', '1', '1'),
(64, '6/21/2025 23:49:49', 'คณะมนุษยศาสตร์', '65262861', '4', 'A1, A3, A5', 'เคย', '001241', 'B1', 'สนุกดี ชิวๆ แต่ก็ต้องอ่านไปสอบ', '2', '2', 'C3', '1', 'D2', '0', '1', '1', '0', 'เคย', '001239', 'B1', 'สนุกกก ', '2', '2', 'C1', '0', 'D3', '3', '2', '1', '0', 'เคย', '001278', 'B2', 'ยากอยู่ เนื้อหาเยอะ งานกลุ่ม ละก็ข้อสอบค่อนข้างยาก', '3', '1', 'C3', '1', 'D3', '0', '2', '1', '1'),
(65, '7/1/2025 15:05:10', 'คณะเกษตรศาสตร์ ทรัพยากรธรรมชาติและสิ่งแวดล้อม', '65162376', '4', 'A1, A6', 'ไม่เคย', '', '', '', '', '', '', '', '', '', '', '', '', 'ไม่เคย', '', '', '', '', '', '', '', '', '', '', '', '', 'เคย', '001275', 'B2', 'สอนดีเข้าใจง่าย สนุก', '2', '1', 'C3', '1', 'D3', '1', '1', '1', '1'),
(66, '6/23/2025 10:25:43', 'คณะบริหารธุรกิจ เศรษฐศาสตร์และการสื่อสาร', '65345984', '4', 'A1, A2', 'เคย', '001276', 'B1', 'เก็บAง่าย เรียนชิว แค่ส่งงานครบ', '1', '3', 'C3', '0', 'D3', '0', '2', '0', '1', 'เคย', '001235', 'B1', 'สนุก แต่ง่วง', '0', '3', 'C3', '2', 'D3', '0', '2', '1', '1', 'เคย', '001279', 'B1', 'เรียนสบาย', '1', '2', 'C2', '1', 'D3', '1', '2', '1', '0'),
(67, '7/1/2025 15:20:06', 'คณะสังคมศาสตร์', '65241699', '4', 'A1, A3, A6', 'เคย', '001226', 'B1', 'เรียนสนุก งานเข้าใจง่าย ได้ความรู้', '2', '2', 'C3', '1', 'D2', '2', '3', '1', '1', 'เคย', '001235', 'B3', 'นั่งเรียนเฉยๆ', '2', '2', 'C3', '0', 'D3', '0', '1', '0', '0', 'เคย', '001292', 'B1', 'อาจารย์​สอนสนุก', '1', '3', 'C3', '1', 'D2, D3', '1', '2', '1', '0'),
(68, '6/21/2025 23:57:10', 'คณะวิทยาศาสตร์', '66312152', '3', 'A2, A3, A6', 'เคย', '001222', 'B4', 'เป็นคนไม่ถนัดวิชาสังคม เลยรู้สึกว่าวิชานี้ยาก และไม่ชอบการที่อาจารย์ส่งไมค์ให้พูดในคลาส', '3', '1', 'C3', '0', 'D1', '0', '2', '2', '0', 'เคย', '001231', 'B2', 'เรียนไม่ยาก แต่ต้องจับกลุ่มกับเพื่อนดีๆ วิชานี้เน้นทำงานกลุ่ม', '3', '1', 'C5', '2', 'D3', '3', '3', '1', '0', 'เคย', '001279', 'B1', 'วิชานี้ดี เรียนสนุก งานไม่ยาก แต่งาน project ใหญ่ต้องเลือกเพื่อนดีๆ เพราะงานนี้เอาคะแนนเยอะ', '1', '3', 'C3', '2', 'D3', '1', '3', '1', '1'),
(69, '7/1/2025 17:33:48', 'คณะบริหารธุรกิจ เศรษฐศาสตร์และการสื่อสาร', '66340865', '3', 'A1, A2, A3', 'เคย', '001227', 'B1', 'รู้สึกว่าอาจารย์สอนสนุก เรียนชิลๆ ไม่เครียดดี', '2', '2', 'C3', '2', 'D2', '3', '2', '1', '0', 'เคย', '001251', 'B1', 'มีงานให้ทำท้ายคาบเกือบทุกครั้งแต่ง่ายมาก ถ้าตั้งใจฟังอาจารย์ก้ได้เอ เก้บเอไม่ยาก ', '2', '2', 'C3', '2', 'D3', '3', '2', '1', '0', 'เคย', '001272', 'B1', 'ได้ความรู้เพิ่มเติมเกี่ยวกับคอมเยอะมาก เรียนชิลๆเก้บเอง่ายถ้าส่งงานครบ', '0', '3', 'C2', '2', 'D3', '3', '3', '1', '1'),
(70, '6/23/2025 12:14:23', 'คณะบริหารธุรกิจ เศรษฐศาสตร์และการสื่อสาร', '65211289', '4', 'A2, A3', 'เคย', '001228', 'B1', 'จอยๆดีครับ เรียนแบบไม่เครียด และยังได้รู้จักเพื่อนต่างคณะ มีกิจกรรมให้ขายของด้วย โดยรวมถือว่าhappyดีครับ', '2', '2', 'C5', '2', 'D2', '1', '3', '1', '0', 'เคย', '001231', 'B1', 'เป็นการเล่าเรื่องราวเกี่ยวกับปรัชญาต่างๆ อาจจะดูไม่ค่อยสนุกเท่าไหร่ครับ', '1', '2', 'C3', '1', 'D3', '0', '1', '1', '0', 'เคย', '001273', 'B1', 'สนุกมากครับ โดยส่วนตัวเป็นคนอบคณิตอยู่แล้ว และยังได้ฝึกคำนวณภาษีด้วย', '1', '2', 'C2', '0', 'D3', '0', '3', '1', '1'),
(71, '6/23/2025 14:17:28', 'คณะวิทยาศาสตร์', '65314409', '4', 'A2, A5', 'เคย', '001226', 'B5', 'คิดว่าเป็นวิชาที่น่าสนใจและเหมาะกับยุคปัจจุบันที่เทคโนโลยีก้าวไกลไปอย่างมากดังนั้นเราจึงควรรู้จักใช้เทคโนโลยีมาประยุกต์ใช้ให้เกิดประโยชน์ในการใช้ชีวิตอย่างมากที่สุด', '1', '3', 'C2', '0', 'D3', '1', '1', '1', '0', 'เคย', '001237', 'B4', 'เป็นวิชาที่สอนเกี่ยวกับการรู้จักใช้ชีวิตในยุคปัจจุบันที่สังคมพัฒนาไปไวเราก็ต้องพัฒนาให้ทันสังคมเพื่อเป็นประชากรที่มีคุณภาพ', '0', '2', 'C2', '0', 'D2', '1', '1', '1', '0', 'ไม่เคย', '', '', '', '', '', '', '', '', '', '', '', ''),
(72, '7/1/2025 21:34:30', 'คณะสหเวชศาสตร์', '65660506', '4', 'A1, A5', 'เคย', '001222', 'B1', 'รู้สึกว่ามีเนื้อหามีความลึกกว่าปกติเล็กน้อย ถ้าไม่ได้มาเรียนอาจจะไม่รู้ ทำให้ไดเรียนรู้วัฒนธรรมต่าง ๆ มากขึ้น', '2', '2', 'C3', '1', 'D2', '0', '1', '1', '0', 'เคย', '001237', 'B1', 'ได้ฝึกทักษะการใช้ชีวิต  การวางแผนชีวิตและการทำงานเป็นทีมร่วมกับผู้อื่น รู้สึกสนุก ได้พบปะเพื่อนๆ ต่างคณะ', '3', '1', 'C3', '2', 'D3', '2', '2', '0', '0', 'เคย', '001272', 'B1', 'ได้เรียนรู้การใช้คอมพิวเตอร์ขั้นพื้นฐานที่บางครั้งอาจจะยังไม่รู้ เป็นวิชาที่ดี อาจารย์สอนแบบใจเย็นค่อยเป็นค่อยไปทีละขั้นตอน ', '0', '3', 'C3', '0', 'D3', '0', '3', '1', '1'),
(73, '6/21/2025 23:58:22', 'คณะมนุษยศาสตร์', '65263905', '4', 'A1, A5', 'เคย', '001241', 'B2', 'สนุก ได้ทำอะไรที่เเปลกใหม่เปิดประสบการณ์ทักษะด้านอื่นๆของตัวเอง', '2', '1', 'C3', '1', 'D2', '1', '2', '1', '0', 'เคย', '001233', 'B2', 'เรียนรู้ที่มาที่ไปของหลายๆองค์กรบนโลกและกฎหมายโลก', '1', '1', 'C3', '1', 'D3', '1', '2', '1', '0', 'ไม่เคย', '', '', '', '', '', '', '', '', '', '', '', ''),
(74, '7/2/2025 13:47:23', 'คณะบริหารธุรกิจ เศรษฐศาสตร์และการสื่อสาร', '67341946', '2', 'A2', 'ไม่เคย', '', '', '', '', '', '', '', '', '', '', '', '', 'ไม่เคย', '', '', '', '', '', '', '', '', '', '', '', '', 'ไม่เคย', '', '', '', '', '', '', '', '', '', '', '', ''),
(75, '6/23/2025 14:18:17', 'คณะสาธารณสุขศาสตร์', '64470526', '4', 'A1, A3, A5', 'เคย', '001227', 'B1', 'สนุก เป็นกันเอง ได้ความรู้ที่ใช่จริง', '1', '3', 'C3', '0', 'D3', '0', '3', '1', '0', 'เคย', '001234', 'B1', 'ได้เรียนรู้กลุ่มชาติพันธุ์ ประวัติต่างๆ', '0', '3', 'C3', '1', 'D3', '0', '2', '1', '0', 'เคย', '001275', 'B1', 'ได้เรียนรูสิถีชีวิตต่างๆ', '2', '1', 'C3', '0', 'D3', '0', '2', '1', '0'),
(76, '7/2/2025 13:48:56', 'คณะบริหารธุรกิจ เศรษฐศาสตร์และการสื่อสาร', '67343698', '2', 'A1, A3, A5', 'เคย', '001222', 'B5', 'ไดัทักษะเยอะค่ะ', '2', '1', 'C3', '0', 'D2', '0', '3', '1', '0', 'ไม่เคย', '', '', '', '', '', '', '', '', '', '', '', '', 'ไม่เคย', '', '', '', '', '', '', '', '', '', '', '', ''),
(77, '6/22/2025 22:44:58', 'คณะบริหารธุรกิจ เศรษฐศาสตร์และการสื่อสาร', '66346683', '3', 'A1, A2, A5', 'เคย', '001226', 'B3', 'ก็โอเคค่ะ สอนเข้าใจสนุกดี', '2', '2', 'C3', '2', 'D2', '0', '2', '1', '1', 'เคย', '001231', 'B1', 'ก็โอเคค่ะ', '3', '1', 'C5', '2', 'D3', '3', '2', '1', '0', 'เคย', '001279', 'B4', 'โอเคค่ะ แต่บางทีสอนน่าเบื่อไปนิดนึง', '2', '3', 'C3', '2', 'D3', '0', '2', '1', '1'),
(78, '6/23/2025 21:47:47', 'คณะบริหารธุรกิจ เศรษฐศาสตร์และการสื่อสาร', '64346524', '4', 'A2, A4, A6', 'เคย', '001226', 'B1', '-', '2', '2', 'C2', '1', 'D2', '1', '2', '1', '1', 'ไม่เคย', '', '', '', '', '', '', '', '', '', '', '', '', 'ไม่เคย', '', '', '', '', '', '', '', '', '', '', '', ''),
(79, '7/2/2025 13:51:43', 'คณะบริหารธุรกิจ เศรษฐศาสตร์และการสื่อสาร', '67340659', '2', 'A1, A2', 'เคย', '001276', 'B3', 'ดีทุกอย่าง ควรฟังที่อาจารย์พูดคาบแรกให้ดี ถ้าทำผิดอาจารย์จะงี่เง่ามาก', '0', '3', 'C3', '0', 'D1', '0', '3', '1', '1', 'เคย', '001234', 'B1', 'ดีมาก', '1', '3', 'C3', '0', 'D1', '0', '3', '0', '0', 'ไม่เคย', '', '', '', '', '', '', '', '', '', '', '', ''),
(80, '6/22/2025 22:46:06', 'คณะบริหารธุรกิจ เศรษฐศาสตร์และการสื่อสาร', '64241010', '4', 'A2, A6, A7', 'เคย', '001227', 'B4', 'สนุกและได้รู้จักกับดนตรีไทยมากยิ่งขึ้น', '2', '2', 'C2', '2', 'D2', '1', '3', '1', '0', 'เคย', '001234', 'B3', 'เรียนรู้อะไรใหม่ๆ', '2', '2', 'C3', '1', 'D2', '1', '2', '1', '1', 'ไม่เคย', '', '', '', '', '', '', '', '', '', '', '', ''),
(81, '6/23/2025 22:45:42', 'คณะวิศวกรรมศาสตร์', '64364030', '4', 'A1, A2', 'เคย', '001226', 'B1', 'สนุก', '2', '2', 'C3', '2', 'D2', '0', '3', '1', '1', 'เคย', '001234', 'B3', 'สนุกดี งานเยอะหน่อยๆ', '2', '3', 'C3', '1', 'D2', '0', '3', '1', '0', 'เคย', '001273', 'B7', 'ยากมาก', '0', '3', 'C2', '1', 'D3', '0', '3', '2', '1'),
(82, '7/2/2025 13:52:27', 'คณะบริหารธุรกิจ เศรษฐศาสตร์และการสื่อสาร', '65341832', '4', 'A5', 'เคย', '001227', 'B1', 'อาจารย์เป็นกันเอง ทำให้รู้สึกผ่อนคลาย และเป็นกันเอง', '3', '2', 'C3', '2', 'D1', '2', '2', '1', '0', 'เคย', '001237', 'B1', 'สนุกดี', '2', '1', 'C3', '2', 'D2', '1', '2', '1', '0', 'เคย', '001278', 'B1', 'สนุกดี', '0', '2', 'C3', '0', 'D3', '0', '2', '1', '1'),
(83, '6/24/2025 15:56:26', 'คณะวิทยาศาสตร์การแพทย์', '65522484', '4', 'A1', 'เคย', '001226', 'B4', 'ยากแต่ไม่ยากเกินไป', '1', '1', 'C3', '1', 'D3', '1', '2', '2', '0', 'ไม่เคย', '', '', '', '', '', '', '', '', '', '', '', '', 'ไม่เคย', '', '', '', '', '', '', '', '', '', '', '', ''),
(84, '6/22/2025 0:02:31', 'คณะบริหารธุรกิจ เศรษฐศาสตร์และการสื่อสาร', '64342298', '4', 'A1, A3, A6', 'เคย', '001238', 'B1', 'ดี', '2', '2', 'C3', '1', 'D2', '0', '2', '1', '0', 'เคย', '001237', 'B2', 'ดี', '2', '2', 'C3', '1', 'D3', '0', '2', '1', '0', 'ไม่เคย', '', '', '', '', '', '', '', '', '', '', '', ''),
(85, '6/22/2025 22:49:35', 'คณะสาธารณสุขศาสตร์', '65471942', '4', 'A1, A3', 'เคย', '001238', 'B1', 'เรียนง่าย เน้นงานกลุ่มเป็นส่วนใหญ่', '3', '1', 'C3', '1', 'D1', '3', '2', '0', '0', 'เคย', '001252', 'B1', 'เรียนสบาย เน้นเรียนจากการดูหนัง', '2', '2', 'C4', '0', 'D2', '1', '2', '1', '0', 'เคย', '001292', 'B1', 'เรียนไม่ค่อยยาก เน้นงานกลุ่ม', '3', '1', 'C4', '2', 'D3', '3', '3', '1', '0'),
(86, '6/25/2025 17:30:47', 'คณะบริหารธุรกิจ เศรษฐศาสตร์และการสื่อสาร', '64345220', '4', 'A3, A5, A6', 'ไม่เคย', '', '', '', '', '', '', '', '', '', '', '', '', 'ไม่เคย', '', '', '', '', '', '', '', '', '', '', '', '', 'ไม่เคย', '', '', '', '', '', '', '', '', '', '', '', ''),
(87, '6/27/2025 16:21:01', 'คณะสาธารณสุขศาสตร์', '65473441', '4', 'A1', 'เคย', '001228', 'B1', 'ไม่เครียดมาก มีงานทำทุกคาบเรียน จัดกลุ่มให้เป็นคณะ', '3', '2', 'C3', '2', 'D1', '1', '2', '1', '0', 'เคย', '001234', 'B4', 'เขียนงานลงในสมุดแบบฝึกหัดเกือบทุกคาบ', '2', '3', 'C3', '1', 'D3', '3', '2', '1', '0', 'เคย', '001279', 'B2', 'อาจารย์ใจดี เนื้อหาวิทย์ม.ปลาย มีงานกลุ่มใหญ่1งาน', '1', '2', 'C3', '2', 'D3', '1', '3', '1', '0'),
(88, '7/2/2025 13:52:40', 'คณะบริหารธุรกิจ เศรษฐศาสตร์และการสื่อสาร', '65342525', '4', 'A5', 'เคย', '001331', 'B1', 'รู้สึกว่าวิชานี้ดีมาก ได้คิดค้นนวัตกรรมใหม่ๆเพื่อสังค ได้จับกลุ่มกับเพื่อนต่างสาขา ', '2', '2', 'C0', '2', 'D2', '1', '3', '1', '0', 'เคย', '001237', 'B1', 'ดีได้จับกลุ่มกะเพื่อนต่างคณะได้ทำความรู้จักคนใหม่ๆ', '2', '2', 'C3', '2', 'D3', '1', '1', '1', '0', 'เคย', '001271', 'B1', 'ดีได้คิดค้นนวัตกรรมใหม่ๆ ได้ทำงานกลุ่มกับเพื่อนต่างคณะ สนุกมาก ', '2', '2', 'C0', '1', 'D3', '1', '3', '2', '0'),
(89, '6/22/2025 0:05:37', 'คณะบริหารธุรกิจ เศรษฐศาสตร์และการสื่อสาร', '64311836', '4', 'A2, A6', 'เคย', '001238', 'B3', 'เป็นวิชาที่ดี', '2', '3', 'C3', '1', 'D2', '1', '3', '1', '1', 'เคย', '001237', 'B3', 'รู้สึกดี', '2', '1', 'C3', '1', 'D3', '1', '3', '1', '1', 'เคย', '001272', 'B3', 'เปิดโลก', '1', '3', 'C2', '1', 'D3', '0', '3', '1', '0'),
(90, '7/2/2025 13:54:25', 'คณะบริหารธุรกิจ เศรษฐศาสตร์และการสื่อสาร', '65340415', '4', 'A5', 'เคย', '001222', 'B3', 'สนุกดีค่ะ', '2', '2', 'C3', '2', 'D2', '1', '2', '1', '0', 'เคย', '001237', 'B1', 'จอยๆ ไม่มีไรมาก', '3', '1', 'C3', '2', 'D2', '2', '2', '1', '0', 'เคย', '001279', 'B3', 'มีดูดาวสนุกดีค่ะ', '3', '3', 'C3', '2', 'D2', '2', '2', '1', '1'),
(91, '7/2/2025 13:55:20', 'คณะบริหารธุรกิจ เศรษฐศาสตร์และการสื่อสาร', '65264360', '4', 'A1, A3', 'เคย', '001222', 'B3', 'ไม่รู้เรื่อง เปลี่ยนอาจารย์จนมึน', '1', '2', 'C3', '0', 'D3', '0', '2', '1', '0', 'เคย', '001234', 'B3', 'ยุ่งยาก งานเยอะ', '2', '3', 'C3', '2', 'D3', '0', '2', '2', '0', 'เคย', '001277', 'B7', 'งง ยาก', '2', '2', 'C3', '2', 'D2', '2', '2', '2', '0'),
(92, '6/22/2025 0:42:06', 'คณะวิทยาศาสตร์', '64312550', '4', 'A1, A3', 'เคย', '001226', 'B3', 'ชิวๆดี', '2', '2', 'C3', '2', 'D2', '1', '1', '0', '1', 'ไม่เคย', '', '', '', '', '', '', '', '', '', '', '', '', 'ไม่เคย', '', '', '', '', '', '', '', '', '', '', '', ''),
(93, '6/22/2025 22:49:40', 'คณะศึกษาศาสตร์', '64412328', '4', 'A1, A2, A3', 'เคย', '001227', 'B1', 'เป็นวิชาที่สนุก ได้ท้าทายความสามารถตัวเองในการฝึกเป่าขลุ่ยในเพลงที่ได้รับมอบหมาย ข้อสอบไม่ยากข้อสอบออกตามหนังสือเรียนที่อาจารย์สอนในคาบ', '1', '1', 'C3', '2', 'D3', '0', '2', '1', '0', 'เคย', '001234', 'B2', 'มีหนังสือและแบบฝึกให้ทำ อาจารย์จะให้ทำแบบฝึกหัดท้ายบทและส่งทีเดียวตอนใกล้สอบ เป็นสิชาที่ต้องใช้ความจำ ข้อสอบออกตรงตามที่สอนในเนื้อหา', '0', '3', 'C3', '0', 'D3', '0', '1', '1', '0', 'เคย', '001273', 'B4', 'เป็นเนื้อหาคณิตม.ปลายอาจารย์อนุญาตให้ใช้เครื่องคิดเลขคำนวณได้ มีการแบ่งอาจารย์สอนแต่ละบทที่เรียน การเช็กชื่อแล้วแต่อาจารย์ที่สอนว่าเช็กหรือไม่เช็ก แต่มีการสอบย่อยตลอด การสอบออกตามเนื้อหาที่สอนแต่อาจจะมีการประยุกต์เล็กน้อย ข้อสอบไม่ยากมาก มีการทำโปรเจ็กเกี่ยวกับบทที่เรียน', '1', '3', 'C2', '1', 'D3', '1', '2', '1', '0'),
(94, '7/2/2025 13:57:42', 'คณะสังคมศาสตร์', '65264353', '4', 'A2, A3, A4', 'เคย', '001222', 'B1', 'สนุกดี แต่อาจารย์ไม่ให้สไลด์', '1', '1', 'C3', '0', 'D3', '0', '2', '1', '0', 'เคย', '001234', 'B3', 'ยุ่งยาก งานเยอะ จัดการงานวุ่นวาย เครียด เสียตังซื้อหนังสือ', '1', '3', 'C3', '1', 'D2', '0', '0', '2', '0', 'เคย', '001277', 'B4', 'ยาก เนื้อหาเยอะ', '0', '3', 'C3', '1', 'D3', '1', '0', '2', '1'),
(95, '6/22/2025 1:27:10', 'คณะวิทยาศาสตร์', '64312109', '4', 'A1, A2, A6', 'ไม่เคย', '', '', '', '', '', '', '', '', '', '', '', '', 'เคย', '001231', 'B1', 'เรียนเนิปๆจะหลับ', '1', '3', 'C3', '1', 'D3', '0', '2', '0', '1', 'เคย', '001279', 'B3', 'เรียนวิทย์ทั่วไป มีกิจกรรม', '2', '2', 'C4', '1', 'D3', '3', '3', '1', '1'),
(96, '6/22/2025 1:33:12', 'คณะวิทยาศาสตร์', '65314164', '4', 'A6', 'เคย', '001226', 'B3', 'ดีเรียนง่าย สนุก', '2', '1', 'C2', '1', 'D2', '2', '3', '1', '0', 'เคย', '001234', 'B3', 'สนุก', '1', '3', 'C3', '1', 'D3', '0', '2', '2', '0', 'เคย', '001279', 'B1', 'สนุก ชอบมาก', '1', '1', 'C2', '2', 'D3', '1', '3', '2', '1'),
(97, '6/29/2025 12:18:45', 'คณะบริหารธุรกิจ เศรษฐศาสตร์และการสื่อสาร', '64342496', '4', 'A2, A3, A6', 'ไม่เคย', '', '', '', '', '', '', '', '', '', '', '', '', 'เคย', '001237', 'B1', 'รู้ไปไก็รับความรู้ที่สามารถปรับใช้ในชีวิตประจำวันได้จริงๆ', '2', '2', 'C5', '0', 'D3', '1', '3', '1', '0', 'ไม่เคย', '', '', '', '', '', '', '', '', '', '', '', ''),
(98, '7/29/2025 13:52:41', 'คณะวิทยาศาสตร์', '65310944', '4', 'A2, A3', 'เคย', '001332', 'B2', 'ยากนิดหน่อยเพราะเนื้อหามีความซับซ้อน', '1', '2', 'C2', '1', 'D3', '0', '2', '2', '0', 'ไม่เคย', '', '', '', '', '', '', '', '', '', '', '', '', 'เคย', '001273', 'B2', 'ง่ายๆเรียนแค่พื้นฐานเน้นจำสูตรละก็เข้าใจ', '0', '3', 'C2', '0', 'D3', '0', '1', '1', '0'),
(99, '7/1/2025 14:47:30', 'คณะวิทยาศาสตร์', '65313396', '4', 'A1', 'เคย', '001332', 'B1', 'ดี', '3', '1', 'C2', '0', 'D1', '2', '2', '1', '1', 'ไม่เคย', '', '', '', '', '', '', '', '', '', '', '', '', 'เคย', '001272', 'B1', 'ดี', '0', '2', 'C2', '2', 'D2, D3', '2', '2', '1', '1'),
(100, '6/22/2025 22:50:54', 'คณะบริหารธุรกิจ เศรษฐศาสตร์และการสื่อสาร', '65340651', '4', 'A2, A3, A6', 'เคย', '001276', 'B1', 'เรียนไม่ยากถ้ามีความรู้พื้นฐานเรื่องพลังงาน มีเรียนใน mooc ', '1', '2', 'C3', '1', 'D3', '0', '1', '0', '1', 'เคย', '001233', 'B2', 'งานกลุ่มเยอะ มีสอบรายละเอียดเยอะ', '3', '1', 'C3', '0', 'D2', '0', '1', '1', '1', 'เคย', '001273', 'B2', 'เน้นคำนวณท่องจำด้วย', '1', '3', 'C3', '2', 'D3', '1', '2', '2', '1'),
(101, '6/22/2025 1:44:40', 'คณะวิทยาศาสตร์', '66312879', '3', 'A3', 'เคย', '001228', 'B1', 'สนุก แต่กลุ่มต้องดี', '3', '1', 'C3', '2', 'D1', '1', '3', '0', '0', 'เคย', '001234', 'B1', 'ชิวดี ', '0', '3', 'C3', '1', 'D3', '0', '3', '0', '0', 'เคย', '001272', 'B3', 'ถ้าไม่เก่งคอม ไม่แนะนำให้เรียน ยากมากก', '0', '3', 'C3', '2', 'D1', '0', '2', '2', '1'),
(102, '7/2/2025 14:18:15', 'คณะศึกษาศาสตร์', '65413508', '4', 'A3, A4, A5', 'เคย', '001222', 'B3', 'เนื้อหาส่วนใหญ่น่าสนใจ มีการนำสถานที่ในพิษณุโลกมาสอดแทรกในการสอนซึ่งถือว่าเป็นการเผยแพร่ที่ดีต่อนิสิตที่อยู่จังหวัดอื่นได้รับรู้ แต่อยากให้การเรียนการสอนของอาจารย์มีกิจกรรมแทรกเข้าไปมากกว่าที่เคยนั่งเรียนมา', '2', '2', 'C3', '1', 'D2', '0', '2', '1', '0', 'เคย', '001237', 'B3', 'ดี แต่การประยุกต์ใช้ในชีวิตประจำวันอาจจะยังไม่ตอบโจทย์ต่อสถานการณ์ปัจจุบัน', '2', '3', 'C3', '1', 'D2', '1', '2', '1', '1', 'เคย', '001278', 'B2', 'เนื้อหาที่เรียน ส่วนมากเป็นประโยชน์ต่อสถานการณ์ปัจจุบัน การดำรงชีวิต การสังเกตพฤติกรรมตัวเอง ให้ตระหนักเรื่องสุขภาพ การเรียนการสอนมีรูปแบบที่หลากหลายมากกว่าการนั่งเรียน มีการปฏิบัติร่วมด้วยซึ่งเป็นการเรียนรู้ที่ทำให้รู้สึกว่าจำได้ดีกว่านั่งฟังจากการสอนเพียงรูปแบบเดียว', '0', '3', 'C3', '0', 'D2, D3', '0', '3', '2', '0'),
(103, '6/22/2025 22:59:37', 'คณะสาธารณสุขศาสตร์', '65471911', '4', 'A1, A3, A5', 'เคย', '001226', 'B3', 'ดีนะ', '2', '2', 'C2', '0', 'D2', '0', '2', '1', '0', 'เคย', '001233', 'B3', 'สนุกดี', '1', '2', 'C3', '0', 'D3', '0', '2', '1', '0', 'เคย', '001277', 'B5', 'ดี', '2', '2', 'C2', '2', 'D2', '1', '2', '1', '1'),
(104, '7/2/2025 14:18:38', 'คณะวิทยาศาสตร์การแพทย์', '65523252', '3', 'A1, A3, A5', 'เคย', '001224', 'B1', 'ชอบวาดภาพพค่ะ', '2', '3', 'C3', '2', 'D2', '0', '3', '1', '0', 'เคย', '001233', 'B3', 'ไม่ค่อยรู้สึกอยากกลับไปเรียนต่อเพราะไม่ค่อยน่าดึงดูด', '3', '2', 'C3', '1', 'D2, D3', '0', '2', '1', '0', 'เคย', '001278', 'B1', 'สนุกดีค่ะ', '1', '2', 'C3', '0', 'D3', '0', '2', '1', '1'),
(105, '7/2/2025 14:19:50', 'คณะนิติศาสตร์', '67192456', '2', 'A1, A3, A7', 'เคย', '001238', 'B2', 'ค่อนข้างเป็นวิชาที่ดีเลย อาจารย์สอนสนุก มีกิจกรรมให้ทำ', '2', '2', 'C3', '2', 'D2', '1', '3', '0', '0', 'เคย', '001234', 'B3', 'ิงานเยอะ', '1', '3', 'C3', '0', 'D2', '0', '1', '1', '0', 'ไม่เคย', '', '', '', '', '', '', '', '', '', '', '', ''),
(106, '7/2/2025 14:02:21', 'คณะสถาปัตยกรรมศาสตร์ ศิลปะและการออกแบบ', '67711800', '2', 'A1, A5', 'เคย', '001276', 'B5', 'เฉยๆ', '1', '2', 'C2', '1', 'D3', '0', '0', '1', '1', 'ไม่เคย', '', '', '', '', '', '', '', '', '', '', '', '', 'ไม่เคย', '', '', '', '', '', '', '', '', '', '', '', ''),
(107, '7/2/2025 14:23:17', 'คณะวิทยาศาสตร์การแพทย์', '65521494', '4', 'A1, A3, A5', 'เคย', '001238', 'B1', 'สนุก เรียนเข้าใจง่าย ได้ทำงานร่วมกับผู้อื่นที่ไม่ใช่แค่เด็กปีเดียวกันและได้ใช้ความคิดสร้างสรรค์', '2', '1', 'C0', '0', 'D2', '1', '3', '1', '0', 'เคย', '001233', 'B4', 'เรียนยากนะ', '2', '2', 'C3', '0', 'D3', '0', '2', '2', '1', 'เคย', '001275', 'B4', 'เนื้อหาออกแนววิทย์สุขภาพ ใครสนใจก็เลือกได้', '1', '2', 'C3', '0', 'D3', '0', '2', '2', '0'),
(108, '7/2/2025 14:02:22', 'คณะศึกษาศาสตร์', '67411861', '2', 'A1, A2', 'ไม่เคย', '', '', '', '', '', '', '', '', '', '', '', '', 'ไม่เคย', '', '', '', '', '', '', '', '', '', '', '', '', 'ไม่เคย', '', '', '', '', '', '', '', '', '', '', '', ''),
(109, '7/2/2025 14:26:26', 'คณะสังคมศาสตร์', '66242350', '3', 'A4', 'เคย', '001226', 'B3', 'อาจารย์สอนชิว มีเช็คชื่อทุกคาบ ข้อสอบออกตามสไลด์ที่สอนเลยไม่ยากเกินความสามารถ มีการบ้าน', '0', '2', 'C3', '2', 'D1', '0', '3', '1', '1', 'เคย', '001231', 'B3', 'ชิวๆเน้นงานกลุ่มเช็คชื่อผ่านลิ้งค์', '3', '1', 'C3', '2', 'D2, D3', '3', '3', '1', '0', 'เคย', '001271', 'B3', 'เหมือนเรียนพื้นฐานวิทย์มอปลาย', '2', '2', 'C2', '1', 'D2, D3', '1', '3', '1', '1'),
(110, '6/22/2025 23:07:23', 'คณะวิศวกรรมศาสตร์', '66364311', '3', 'A1, A2, A5', 'เคย', '001222', 'B1', 'อาจารย์ค่อนข้างจุกจิก การทำงานกลุ่มก็จะไม่ได้กลุ่มที่มีคุณภาพเท่าไหร่', '1', '2', 'C3', '0', 'D3', '0', '1', '1', '0', 'เคย', '001237', 'B1', 'ค่อนข้างชิล แต่งานกลุ่มมีนำเสนอหน้าชั้น', '2', '2', 'C3', '2', 'D2', '1', '2', '0', '0', 'เคย', '001279', 'B2', 'ง่วงบ้างในบางเนื้อหา เป็นวิทยาศาสตร์ม.ปลาย', '1', '2', 'C3', '2', 'D3', '0', '1', '1', '1'),
(111, '7/2/2025 14:28:41', 'คณะบริหารธุรกิจ เศรษฐศาสตร์และการสื่อสาร', '67341069', '2', 'A1, A2', 'เคย', '001222', 'B2', 'เรียนง่ายๆแต่มีงานกลุ่ม', '1', '1', 'C3', '0', 'D3', '0', '2', '0', '0', 'เคย', '001237', 'B1', 'ง่ายๆแต่งานส่วนใหญ่เป็นงานกลุ่มไปกับเพื่อนได้ยิ่งดีแต่ไปคนเดียวก็ได้', '1', '1', 'C3', '2', 'D2', '2', '3', '0', '0', 'ไม่เคย', '', '', '', '', '', '', '', '', '', '', '', ''),
(112, '7/2/2025 14:03:31', 'คณะสถาปัตยกรรมศาสตร์ ศิลปะและการออกแบบ', '67712197', '2', 'A5', 'เคย', '001226', 'B3', 'สนใจต่อการเรียนวิชานี้เป็นอย่างจิ่ง', '2', '1', 'C5', '2', 'D2', '2', '2', '1', '0', 'ไม่เคย', '', '', '', '', '', '', '', '', '', '', '', '', 'ไม่เคย', '', '', '', '', '', '', '', '', '', '', '', ''),
(113, '7/2/2025 14:29:21', 'คณะวิทยาศาสตร์การแพทย์', '65521937', '4', 'A4', 'เคย', '001222', 'B1', 'ดีค่ะแต่งานค่อนข้างเยอะ', '2', '3', 'C3', '1', 'D2', '2', '3', '1', '0', 'เคย', '001234', 'B1', 'ดีค่ะ แต่ว่างานค่อนข้างเยอะ', '2', '2', 'C3', '1', 'D2, D3', '1', '2', '0', '1', 'เคย', '001279', 'B1', 'ดีค่ะ เหมือนเรียนในมัธยม', '3', '2', 'C3', '2', 'D3', '2', '2', '1', '1'),
(114, '7/2/2025 14:30:40', 'คณะเกษตรศาสตร์ ทรัพยากรธรรมชาติและสิ่งแวดล้อม', '67164965', '2', 'A6', 'เคย', '001253', 'B1', 'เข้าไปเรียนอาจจะเบื่อแต่มาเข้าเรียนดีกว่าเพราะอาจารย์บางคนจะมีเก็บคะแนน ส่วนข้อสอบถ้าอ่านมาทำได้แน่นอน งานกลุ่มเยอะหน่อยนะคะ', '2', '1', 'C2', '1', 'D2', '2', '2', '1', '0', 'เคย', '001252', 'B1', 'สอบง่ายค่ะมีบอกแนวข้อสอบ งานก็ให้ไปดูหนังนเรศวรแล้วทำแบบฝึกตามที่อจสั่งเลยค่า มีงานกลุ่มนิดหน่อย', '3', '2', 'C3', '0', 'D1', '0', '0', '1', '0', 'เคย', '001275', 'B1', 'จะมีให้ทำงานในชั้นเรียนเยอะหน่อยแต่ไม่ยาก ส่วนสอบก็หาแนวข้อสอบถามรุ่นพี่ได้เลย', '2', '2', 'C3', '0', 'D3', '0', '2', '1', '0'),
(115, '6/22/2025 23:10:37', 'คณะบริหารธุรกิจ เศรษฐศาสตร์และการสื่อสาร', '64348368', '4', 'A1, A6, A7', 'เคย', '001331', 'B3', 'คิดว่าเป็นวิชาชิวๆเก็บAได้ไม่ยากถ้าส่งงานครบ', '1', '2', 'C3', '0', 'D3', '1', '2', '1', '1', 'เคย', '001237', 'B1', 'เป็นวิชาเก็บ A ได้ง่ายชิวๆส่วนใหญ่เน้นทำงานเป็นกลุ่ม', '3', '1', 'C3', '0', 'D2', '1', '2', '0', '1', 'เคย', '001291', 'B5', 'ค่อนข้างยากสำหรับคนไม่ชอบแนววิทยาศาสตร์แต่ก็ไม่ได้วิทยาศาตร์ขนาดนั้นตามชื่อรายวิชาเลยคือในชีวิตประจำวัน', '2', '2', 'C3', '1', 'D3', '1', '2', '1', '0'),
(116, '7/2/2025 14:31:04', 'คณะเกษตรศาสตร์ ทรัพยากรธรรมชาติและสิ่งแวดล้อม', '67160981', '2', 'A2', 'เคย', '001226', 'B1', 'ได้ทำงานเป็นกลุ่ม จับกลุ่ม และให้ไปหาข้อมูลนอกพื้นทีและนำเสนอเยอะ', '3', '1', 'C3', '2', 'D1', '2', '3', '0', '0', 'ไม่เคย', '', '', '', '', '', '', '', '', '', '', '', '', 'เคย', '001275', 'B3', 'มีงานกลุ่มเยอะ แนะนำ เพราะงานไม่หนัก ควรหาเพื่อนเพื่อจับกลุ่มทำงาน', '2', '1', 'C3', '1', 'D3', '1', '3', '0', '1'),
(117, '6/22/2025 7:19:24', 'คณะบริหารธุรกิจ เศรษฐศาสตร์และการสื่อสาร', '64348408', '4', 'A1, A2, A3', 'เคย', '001222', 'B3', 'รู้สึกดี ได้ความรู้', '0', '2', 'C3', '2', 'D1', '0', '2', '1', '1', 'เคย', '001237', 'B3', 'รู้สึกเฉยๆ', '0', '2', 'C3', '1', 'D3', '0', '2', '1', '1', 'เคย', '001278', 'B2', '-', '0', '3', 'C3', '2', 'D3', '1', '3', '1', '0'),
(118, '6/22/2025 23:16:30', 'คณะบริหารธุรกิจ เศรษฐศาสตร์และการสื่อสาร', '65242481', '2', 'A1, A3, A5', 'เคย', '001227', 'B1', 'อาจารย์สอนสนุก ตลก เข้าใจง่าย สอนค่อยเป็นค่อนไป ได้ฝึกเป่าขลุ่ยครั้งแรก ข้อสอบง่าย', '1', '1', 'C3', '2', 'D3', '0', '2', '0', '0', 'เคย', '001234', 'B1', 'เข้าใจ อาจารย์สอนโอเค มีแบบฝึกหัด มีให้ดูคลิปในห้อง', '1', '2', 'C3', '0', 'D3', '0', '2', '1', '0', 'เคย', '001274', 'B2', 'อาจารย์สอนเข้าใจ ได้รู้เรื่องยาต่างๆที่เราไม่ค่อยรู้ ', '1', '2', 'C3', '2', 'D3', '3', '2', '1', '1');
INSERT INTO `testtt` (`id`, `timestamp`, `faculty_ID`, `student_ID`, `student_level`, `interestd`, `hGroup`, `hSubject_ID`, `hGrade_ID`, `hReview`, `hGroupWork_ID`, `hSoloWork_ID`, `hExam_ID`, `hAttendance_ID`, `hInstruction_ID`, `hPresent_ID`, `hExperience_ID`, `hChallenge_ID`, `hTime_ID`, `sGroup`, `sSubject_ID`, `sGrade_ID`, `sReview`, `sGroupWork_ID`, `sSoloWork_ID`, `sExam_ID`, `sAttendance_ID`, `sInstruction_ID`, `sPresent_ID`, `sExperience_ID`, `sChallenge_ID`, `sTime_ID`, `smGroup`, `smSubject_ID`, `smGrade_ID`, `smReview`, `smGroupWork_ID`, `smSoloWork_ID`, `smExam_ID`, `smAttendance_ID`, `smInstruction_ID`, `smPresent_ID`, `smExperience_ID`, `smChallenge_ID`, `smTime_ID`) VALUES
(119, '7/2/2025 14:33:26', 'คณะศึกษาศาสตร์', '65412815', '4', 'A5', 'เคย', '001221', 'B1', 'วิชานี้จะเป็นรายวิชาที่ส่งเสริมและพัฒนาทักษะในการจัดทำการค้นคว้าหาข้อมูลต่าง ๆ อาทิ วิธีการใช้อินเทอร์เน็ตเพื่อการค้นคว้าที่ถูกต้อง การเขียนรายงาน/บทความต่าง ๆ ผ่านโปรแกรมคอมพิวเตอร์ โดยเฉพาะอย่างยิ่งการสอนใช้โปรแกรม Microsoft Words เพื่อจัดทำรายงาน/วิจัย การจัดหน้ากระดาษ การอ้างอิง การจัดทำสารบัญ/บรรณานุกรม เป็นต้น ซึ่งช่วยให้ผู้เรียนได้รับและนำทักษะนี้ไปใช้ในการทำบทความ/รายงาน/วิจัยต่าง ๆ ในอนาคต ดังนั้น วิชานี้จึงเหมาะสมสำหรับผู้ที่ยังไม่มีทักษะหรือมีทักษะค่อนข้างน้อยเกี่ยวกับการจัดทำรายงานต่าง ๆ เป็นอย่างยิ่ง  นอกจากนี้ รายวิชานี้ยังเป็นรายวิชาที่เรียนและสอบไม่ยาก มีวิธีการตรวจสอบการมาเรียนด้วยการจัดทำแบบฝึกในทุกวันอันเป็นส่วนช่วยในการเก็บคะแนน แม้การเรียนอาจเป็นการบรรยายเพียงอย่างเดียวในช่วงแรก แต่ในช่วงหลังก็ยังมีการฝึกการเขียนรายงานด้วยตนเองซึ่งมอบประสบการณ์จริงที่ดีอีกด้วย', '1', '3', 'C3', '2', 'D3', '0', '3', '0', '0', 'เคย', '001237', 'B1', 'วิชานี้เป็นรายวิชาที่ช่วยส่งเสริมให้เราเรียนรู้และรู้จักตนเองมากขึ้นผ่านการค้นหา Passion ของตนเอง เพื่อพัฒนาทักษะชีวิตให้เป็นไปในทิศทางที่เราต้องการ โดยเน้นผ่านการทำกิจกรรมร่วมกันกับผู้อื่นที่มี Passion คล้ายคลึงกัน เป็นอีกหนึ่งรายวิชาที่แนะนำสำหรับผู้ที่ชอบกิจกรรมร่วมกับผู้อื่น เรียนค่อนข้างง่าย ข้อสอบไม่ยาก แต่จะต้องมีความรับผิดชอบในการทำงานด้วย', '3', '1', 'C3', '1', 'D2', '2', '2', '0', '0', 'เคย', '001279', 'B1', 'วิชานี้เป็นรายวิชาที่มีเนื้อหาเกี่ยวกับฟิสิกส์ เคมี และชีววิทยา โดยมีลักษณะเนื้อหาเป็นขั้นพื้นฐานของวิชาวิทยาศาสตร์ระดับชั้นมัธยมศึกษาตอนปลายตามหลักสูตรแกนกลาง พ.ศ. 2551 ทำให้เป็นรายวิชาที่ไม่ยอกสำหรับผู้เรียนที่เคยเรียนในสายวิชาวิทยาศาสตร์-คณิตศาสตร์ แต่อาจยากสำหรับผู้เรียนสายอื่น ๆ โดยจะมีกิจกรรมดูดาวและการจัดทำสิ่งประดิษฐ์ต่าง ๆ แล้วนำเสนอร่วมกันเป็นกลุ่มด้วย วิชานี้จึงเป็นอีกหนึ่งวิชาสำหรับผู้ที่อยากทบทวนเนื้อหาวิทยาศาสตร์พื้นฐาน มีกิจกรรมย่อยให้ทำอยู่เนือง ๆ และมีกิจกรรมกลุ่มใหญ่ สำหรับการสอบจะใช้เนื้อหาที่สอนออกสอบแบบตรง ๆ', '2', '2', 'C3', '2', 'D3', '2', '3', '1', '1'),
(120, '7/2/2025 14:04:09', 'คณะสถาปัตยกรรมศาสตร์ ศิลปะและการออกแบบ', '67712029', '2', 'A3, A5', 'เคย', '001224', 'B9', 'อาจารยืสอนโอเคงานเยอะเล็กน้อยแต่ถ้าขยันและทำงานส่งครบทั้งหมดก็เก็บAได้ง่ายๆ', '2', '3', 'C2', '0', 'D2', '0', '1', '1', '0', 'ไม่เคย', '', '', '', '', '', '', '', '', '', '', '', '', 'ไม่เคย', '', '', '', '', '', '', '', '', '', '', '', ''),
(121, '7/2/2025 14:38:36', 'คณะบริหารธุรกิจ เศรษฐศาสตร์และการสื่อสาร', '64348344', '4', 'A1', 'เคย', '001222', 'B1', 'แนะนำเพราะเป็นวิชาที่ได้ใช้ในขีวิตประจำวันแน่นอน เป็นการฝึกการสังเกตความเปลี่ยนแปลงเรื่องภาษาและบริบททางสังคม', '2', '2', 'C0', '0', 'D2', '3', '2', '1', '0', 'เคย', '001231', 'B4', 'แนะนำสำหรับเพราะเนื้แหาไม่ยาก แต่เยอะ เน้นทำความเข้าใจ', '1', '1', 'C3', '2', 'D3', '1', '2', '1', '1', 'ไม่เคย', '', '', '', '', '', '', '', '', '', '', '', ''),
(122, '7/2/2025 14:48:41', 'คณะวิศวกรรมศาสตร์', '67364839', '2', 'A2, A3, A6', 'เคย', '001331', 'B1', 'เข้าใจอย่างท้องแท้', '2', '3', 'C3', '2', 'D2', '0', '2', '1', '0', 'ไม่เคย', '', '', '', '', '', '', '', '', '', '', '', '', 'ไม่เคย', '', '', '', '', '', '', '', '', '', '', '', ''),
(123, '7/2/2025 14:49:33', 'คณะศึกษาศาสตร์', '67410741', '2', 'A1, A4', 'เคย', '001222', 'B2', 'เนื้อหาค่อนข้างกว้าง ข้อสอบออกง่าย แต่บางข้อต้องเข้าเรียนถึงจะตอบได้ อาจารย์/TAบางท่านกิริยาไม่ค่อยสุภาพกับนิสิต การทำโครงงานลำบาก เพราะสมาชิกเยอะ และโดนตีกลับได้ หากอาจารย์ไม่พอใจหัวข้อโครงงาน', '1', '1', 'C3', '0', 'D3', '1', '3', '1', '0', 'เคย', '001251', 'B1', 'เป็นวิชาเน้นบรรยาย อาจารย์ใจดี ข้อสอบไม่ยาก ให้เกรดดี', '1', '1', 'C3', '2', 'D3', '1', '2', '0', '0', 'ไม่เคย', '', '', '', '', '', '', '', '', '', '', '', ''),
(124, '7/2/2025 15:00:41', 'คณะสถาปัตยกรรมศาสตร์ ศิลปะและการออกแบบ', '65710683', '4', 'A1, A3, A5', 'เคย', '001224', 'B1', 'ได้ความรู้ใหม่ๆ ไม่เครียด แค่ทำงานส่งให้ครบ ', '2', '3', 'C3', '1', 'D2', '0', '3', '0', '0', 'เคย', '001235', 'B5', 'ส่วนมากเป็นงานเขียนวิเคราะห์เรื่องเกี่ยวกับการเมืองเป็นหลัก ค่อนข้างยากสำหรับนิสิตที่เรียนคณะอื่นๆ /ด้คะแนนค่อนข้างยากเพราะงานที่ทำจะเป็นงานเขียนเกณฑ์การให้คะแนนจะขึ้นอยู่กับการเขียนเป็นหลัก', '0', '3', 'C3', '2', 'D2', '0', '1', '2', '0', 'เคย', '001271', 'B1', 'ค่อนข้างง่ายถ้าตั้งใจเรียน แต่ต้องซื้อหนังสือประกอบการเรียน ราคาค่อนข้างสูง ข้อสอบค่อนข้างยาก ', '3', '2', 'C3', '0', 'D3', '0', '2', '1', '1'),
(125, '7/3/2025 14:03:35', 'คณะสังคมศาสตร์', '66240493', '3', 'A1, A3, A5', 'เคย', '001224', 'B3', 'รู้สึกถึงอิสระ มีความเป็นตัวเอง', '0', '3', 'C2', '2', 'D1', '0', '3', '1', '0', 'เคย', '001235', 'B2', 'เข้าใจถึงปรัชญา', '0', '3', 'C3', '2', 'D3', '0', '3', '1', '0', 'ไม่เคย', '', '', '', '', '', '', '', '', '', '', '', ''),
(126, '7/2/2025 14:52:20', 'คณะเกษตรศาสตร์ ทรัพยากรธรรมชาติและสิ่งแวดล้อม', '67161964', '2', 'A1, A3, A6', 'เคย', '001227', 'B2', 'เป่าขลุ่ยสนุกมากครับ', '2', '2', 'C2', '2', 'D2', '2', '3', '1', '0', 'เคย', '001237', 'B1', 'เรียนง่ายเข้าใจ', '3', '1', 'C3', '0', 'D2', '2', '3', '1', '0', 'ไม่เคย', '', '', '', '', '', '', '', '', '', '', '', ''),
(127, '7/2/2025 14:53:26', 'คณะเกษตรศาสตร์ ทรัพยากรธรรมชาติและสิ่งแวดล้อม', '67163128', '2', 'A2', 'เคย', '001331', 'B1', 'ถูกใจ', '2', '2', 'C3', '1', 'D2', '2', '2', '0', '0', 'เคย', '001234', 'B1', 'หนุกดี', '2', '2', 'C5', '1', 'D2', '2', '2', '0', '0', 'ไม่เคย', '', '', '', '', '', '', '', '', '', '', '', ''),
(128, '7/2/2025 15:12:45', 'คณะเกษตรศาสตร์ ทรัพยากรธรรมชาติและสิ่งแวดล้อม', '67160547', '2', 'A6', 'เคย', '001222', 'B7', 'มีงานให้ทำ3ชิ้น งานกลุ่ม+งานเดี่ยว เรียนง่าย ', '2', '2', 'C3', '0', 'D2', '1', '1', '1', '0', 'ไม่เคย', '', '', '', '', '', '', '', '', '', '', '', '', 'ไม่เคย', '', '', '', '', '', '', '', '', '', '', '', ''),
(129, '7/2/2025 14:05:01', 'คณะนิติศาสตร์', '64242840', '4', 'A1, A2, A6', 'เคย', '001238', 'B4', 'อาจารย์สอนดีแต่สอนเอื่อยนิดนึง มีเช็คชื่อถ้าจำไม่ผิด มีงานเดี่ยวและงานกลุ่ม อาจารย์สุ่มถามบ่อย', '2', '2', 'C2', '2', 'D2', '1', '2', '1', '0', 'เคย', '001234', 'B1', 'สนุก อาจารย์ตลก เป็นกันเอง สอนสนุกมาก ให้ทำงานในแบบฝึกหัด (ทั้งเล่ม) ถ้าทำเล่มนี้จบหมดทุกหน้าก็ได้Aแล้ว มีเช็คชื่อ แนะนำ สนุก ไปเรียน', '1', '2', 'C3', '2', 'D3', '1', '3', '1', '0', 'เคย', '001291', 'B4', 'ดี อาจารยผืสอนสนุก ความรู้แน่นๆอาจารย์จากคณะสาธารณสุข', '1', '2', 'C3', '1', 'D3', '1', '3', '1', '0'),
(130, '7/3/2025 14:05:04', 'คณะสังคมศาสตร์', '66240547', '3', 'A7', 'เคย', '001241', 'B1', 'สนุกมากกกกกด ', '2', '1', 'C3', '2', 'D2', '0', '3', '0', '0', 'เคย', '001236', 'B1', 'สนุก มันประยุกต์กับชีวิตประจำวันดี', '3', '3', 'C0', '1', 'D2', '1', '3', '0', '0', 'เคย', '001279', 'B2', 'สำหรับคนที่ไม่เก่งวิทย์ ก็เรียนได้สนุกดี', '1', '3', 'C3', '1', 'D3', '1', '3', '1', '1'),
(131, '7/2/2025 15:16:51', 'คณะเกษตรศาสตร์ ทรัพยากรธรรมชาติและสิ่งแวดล้อม', '66163273', '3', 'A2, A4', 'เคย', '001226', 'B1', 'เรียนง่าย', '2', '2', 'C3', '2', 'D2', '2', '2', '1', '0', 'เคย', '001231', 'B2', 'ข้อสอบง่าย', '1', '3', 'C3', '2', 'D2, D3', '1', '2', '1', '1', 'เคย', '001271', 'B3', 'เรียนง่าย ไม่มีสอบกลางภาค', '1', '2', 'C5', '1', 'D1, D2', '1', '3', '1', '0'),
(132, '7/2/2025 14:11:38', 'คณะบริหารธุรกิจ เศรษฐศาสตร์และการสื่อสาร', '67341854', '2', 'A1, A2, A3', 'เคย', '001241', 'B4', 'ดีใจด้วยนะ', '3', '3', 'C5', '2', 'D1', '1', '3', '2', '0', 'เคย', '001251', 'B1', 'ถึงไหนครับเพราะมันคือเรื่องจริงหรือมายา', '1', '1', 'C3', '2', 'D1, D3', '0', '0', '2', '1', 'เคย', '001273', 'B3', 'คนกรุงเทพมีนาคมที่ผ่านมาโดย', '2', '2', 'C5', '2', 'D2', '2', '1', '1', '1'),
(133, '7/2/2025 15:00:40', 'คณะสถาปัตยกรรมศาสตร์ ศิลปะและการออกแบบ', '65710270', '4', 'A1, A4, A5', 'เคย', '001226', 'B4', 'สนุกมาก เรียนง่าย ลุกนั่งสบาย', '2', '2', 'C2', '2', 'D2', '0', '2', '1', '0', 'เคย', '001235', 'B9', 'วิชานี้เน้นดูสไลด์ งานกับสอบเป็นข้อเขียน ค่อนข้างยาก แต่ถ้าอ่านตามสไลด์ก็ไม่ยากมาก', '0', '3', 'C3', '2', 'D2', '0', '1', '2', '0', 'เคย', '001271', 'B2', 'มีสไลด์ให้ดู ต้องซื้อหนังสือ ข้อสอบค่อนข้างยาก', '3', '2', 'C3', '0', 'D3', '0', '2', '1', '1'),
(134, '7/3/2025 14:05:46', 'คณะสังคมศาสตร์', '66240943', '3', 'A1, A3, A7', 'เคย', '001227', 'B2', 'ดี', '0', '0', 'C3', '2', 'D1', '0', '2', '1', '0', 'เคย', '001234', 'B3', 'ดี ', '2', '2', 'C3', '1', 'D3', '0', '2', '1', '0', 'เคย', '001279', 'B4', 'ดี', '2', '2', 'C3', '0', 'D3', '0', '2', '1', '1'),
(135, '7/2/2025 15:17:52', 'คณะเกษตรศาสตร์ ทรัพยากรธรรมชาติและสิ่งแวดล้อม', '66163464', '3', 'A1, A2, A4', 'เคย', '001226', 'B2', 'มีเช็คชื่อทุกคาบ แต่เข้าเรียนครบก็ให้เกรดง่าย มีนำเสนอ', '2', '2', 'C3', '2', 'D2', '2', '2', '1', '0', 'เคย', '001231', 'B1', 'วิชานี้ไม่ค่อยมีสอน เก็บเกรดง่าย แต่อาจารย์', '1', '3', 'C6', '0', 'D2', '0', '2', '1', '0', 'เคย', '001273', 'B3', 'วิชานี้ใครที่ได้คณิตจะเรียนง่าย เน้นความเข้าใจในรายวิชา ', '2', '2', 'C2', '1', 'D3', '1', '3', '2', '1'),
(136, '7/3/2025 14:30:03', 'คณะศึกษาศาสตร์', '67412332', '2', 'A1, A3', 'ไม่เคย', '', '', '', '', '', '', '', '', '', '', '', '', 'ไม่เคย', '', '', '', '', '', '', '', '', '', '', '', '', 'เคย', '001279', 'B1', 'สนุกดีครับ', '2', '2', 'C2', '2', 'D2', '2', '3', '2', '1'),
(137, '7/2/2025 15:37:16', 'คณะสาธารณสุขศาสตร์', '66472467', '3', 'A1, A2, A5', 'เคย', '001226', 'B4', 'เรียนตอนปี 1 ทำให้มีคอนเทคกับเพื่อนเพราะมีงานกลุ่มให้ทำ ', '2', '1', 'C3', '2', 'D2', '1', '2', '1', '0', 'เคย', '001351', 'B1', 'มีความรู้ เกี่ยวกับเศรษฐกิจพอเพียง', '3', '1', 'C3', '2', 'D3', '2', '3', '1', '0', 'เคย', '001279', 'B1', 'เป็นการทบทวนความรู้ ม.ปลาย', '2', '2', 'C3', '0', 'D3', '0', '2', '1', '1'),
(138, '7/2/2025 14:12:10', 'คณะสถาปัตยกรรมศาสตร์ ศิลปะและการออกแบบ', '677110957', '2', 'A1, A5', 'เคย', '001226', 'B3', 'ได้ประสบการณ์ใช้วิถีชีวิตมากขึ้น', '2', '1', 'C2', '2', 'D2', '1', '2', '1', '0', 'เคย', '001251', 'B6', 'ได้เรียนรู้การทำงานทีมกับผู้อื่น', '2', '2', 'C3', '1', 'D3', '2', '2', '1', '0', 'ไม่เคย', '', '', '', '', '', '', '', '', '', '', '', ''),
(139, '7/3/2025 14:33:09', 'คณะศึกษาศาสตร์', '67413056', '2', 'A1, A3, A5', 'ไม่เคย', '', '', '', '', '', '', '', '', '', '', '', '', 'เคย', '001236', 'B1', 'สนุกมากค่ะ อาจารย์น่ารัก บรรยากาศในห้องดี ถ้าเข้าเรียนครบทุกคาบกับทำงานส่งครบก็ได้ A ค่ะ', '2', '2', 'C7', '1', 'D3', '0', '3', '0', '0', 'เคย', '001277', 'B2', 'คนเยอะ บรรยากาศในห้องก็จะง่วงๆนิดหน่อย มีเนื้อหาสไลด์เยอะ แต่ข้อสอบตรงกับในสไลด์ค่ะ', '2', '2', 'C3', '1', 'D3', '1', '2', '1', '1'),
(140, '7/2/2025 14:15:44', 'คณะนิติศาสตร์', '67', '2', 'A3', 'เคย', '001238', 'B2', 'รู้สึกสนุก เรียนง่ายดี เก็บ A ง่ายด้วย', '2', '3', 'C3', '1', 'D2', '1', '2', '1', '0', 'เคย', '001235', 'B2', 'เรียนง่าย ข้อสอบไม่ยาก', '0', '2', 'C3', '2', 'D3', '0', '2', '0', '0', 'ไม่เคย', '', '', '', '', '', '', '', '', '', '', '', ''),
(141, '7/3/2025 14:37:44', 'คณะบริหารธุรกิจ เศรษฐศาสตร์และการสื่อสาร', '66341077', '3', 'A1, A2', 'เคย', '001227', 'B3', 'สนุกดีนะคับอาจาร์ยเป็นกันเองเฮฮาแต่จะยากตรงที่ต้องจำโน๊ตเป่าขลุ่ย', '1', '3', 'C3', '2', 'D3', '0', '3', '1', '0', 'เคย', '001237', 'B3', 'เหนื่อยกับงานกลุ่มเน้นงานกลุ่มเยอะต้องประชุมงานทักษะการทำงานเป็นทีมต้องดี', '3', '0', 'C3', '2', 'D2, D3', '2', '3', '2', '1', 'เคย', '001272', 'B2', 'ชิลมีเชิงปฏิบัติเรียนโปรแกรมพื้นฐาน ทฤษฎีฟังอย่างเดียว', '1', '2', 'C2', '1', 'D2, D3', '1', '2', '1', '1'),
(142, '7/2/2025 15:37:41', 'คณะบริหารธุรกิจ เศรษฐศาสตร์และการสื่อสาร', '65342006', '4', 'A2, A3, A6', 'เคย', '001228', 'B1', 'งานกลุ่มเยอะ ไม่ได้ทำงานอดิเรกตัวเองแต่ต้องเรียนงานอดิเรกของอาจารย์', '3', '2', 'C3', '2', 'D1', '1', '2', '0', '1', 'เคย', '001233', 'B1', 'สอบยาก เก็บคะแนนจากงานง่าย', '2', '2', 'C3', '0', 'D3', '0', '2', '2', '0', 'เคย', '001271', 'B1', 'สนุกดี', '3', '1', 'C2', '0', 'D3', '0', '3', '1', '1'),
(143, '7/3/2025 14:39:47', 'คณะมนุษยศาสตร์', '65263455', '4', 'A1, A4, A5', 'เคย', '001276', 'B1', 'รู้สึกสบายใจ เรียนสนุก', '1', '2', 'C3', '1', 'D3', '0', '2', '1', '1', 'เคย', '001234', 'B2', 'รู้สึกไม่ค่อยชอบอาจารย์ แต่วิชาเรียนเฉยๆ', '3', '2', 'C3', '2', 'D2', '0', '1', '1', '1', 'เคย', '001273', 'B3', 'รู้สึกดีได้ความรู้เยอะ', '1', '1', 'C2', '0', 'D3', '0', '3', '2', '1'),
(144, '7/2/2025 14:15:54', 'คณะวิทยาศาสตร์การแพทย์', '65522354', '4', 'A1, A2, A3', 'เคย', '001228', 'B1', 'สนุกได้ความรู้เพิ่ม', '3', '1', 'C4', '2', 'D1', '2', '2', '1', '0', 'เคย', '001234', 'B1', 'ก็ได้เกรดง่าย ถ้าตั้งใจเรียนและฟัง', '2', '2', 'C3', '2', 'D3', '0', '2', '1', '1', 'เคย', '001271', 'B1', 'เกรดง่ายถ้าตั้งใจ', '2', '2', 'C3', '1', 'D3', '1', '2', '1', '0'),
(145, '7/2/2025 15:38:23', 'คณะบริหารธุรกิจ เศรษฐศาสตร์และการสื่อสาร', '65348008', '4', 'A1, A5, A6', 'เคย', '001228', 'B1', 'สนุกดีค่ะ', '2', '2', 'C3', '2', 'D2', '0', '3', '1', '0', 'เคย', '001237', 'B1', 'ดีค่ะ', '3', '1', 'C3', '2', 'D2, D3', '2', '2', '1', '1', 'เคย', '001271', 'B1', 'สนุกค่ะ', '3', '1', 'C2', '0', 'D2, D3', '0', '2', '1', '1'),
(146, '7/3/2025 14:39:50', 'คณะมนุษยศาสตร์', '64260523', '4', 'A1', 'เคย', '001226', 'B1', 'สบายใจ อาจารย์ใจดี เรียนง่าย เก็บเอง่าย', '1', '1', 'C0', '1', 'D3', '1', '2', '0', '1', 'เคย', '001231', 'B2', 'อาจารย์ใจดี มี lecture ให้จดทุกคาบ', '1', '3', 'C2', '1', 'D3', '0', '2', '1', '0', 'เคย', '001271', 'B2', 'จำไม่ได้ค่ะ', '1', '1', 'C3', '0', 'D1, D3', '0', '2', '0', '0'),
(147, '7/2/2025 15:38:30', 'คณะบริหารธุรกิจ เศรษฐศาสตร์และการสื่อสาร', '65348053', '4', 'A1, A3, A5', 'เคย', '001224', 'B1', 'ส่วนตัวเป็นคนชอบศิลปะ รายวิชาดังกล่าวที่ได้เรียนทำให้สนุก แต่มีเนื้อหาบรรยายที่ค่อนข้างน่าเบื่อ', '1', '2', 'C3', '1', 'D3', '2', '1', '1', '0', 'เคย', '001237', 'B1', 'ค่อนข้างสนุก', '3', '1', 'C2', '2', 'D2, D3', '2', '2', '1', '0', 'เคย', '001271', 'B1', 'สนุกกับการคิดงานนวัตกรรม', '3', '0', 'C2', '1', 'D2, D3', '1', '2', '1', '1'),
(148, '7/3/2025 15:02:17', 'คณะสาธารณสุขศาสตร์', '67471988', '2', 'A1, A4, A6', 'เคย', '001242', 'B1', 'รู้สึกว่ายากสำหรับคนที่ไม่ค่อยกล้าแสดงออกเป็นเรื่องที่ท้าทายพอสมควรเนื้อหาแต่ละเทอมอาจไม่เหมือนกันแต่ยากแน่นอน', '3', '0', 'C0', '2', 'D1', '2', '3', '1', '1', 'เคย', '001234', 'B2', 'เป็นวิชาที่งานเยอะหน่อยงานก็ย่อยๆถ้าตั้งใจทำและเข้าเรียนบ่อยๆก็น่าจะเก็บเกรดได้ง่าย', '1', '3', 'C3', '1', 'D2, D3', '0', '2', '1', '0', 'เคย', '001272', 'B1', 'ดีมากกสอนเกี่ยวกับคอมพิ้นฐานแต่บางเซคก็งานยิบย่อยเยอะถ้าตั้งใจอ่านหนังสือสอบและเข้าเรียนได้เกรดดีแน่นอน', '0', '2', 'C3', '0', 'D2', '0', '3', '1', '1'),
(149, '7/3/2025 14:40:02', 'คณะวิทยาศาสตร์การแพทย์', '66522599', '3', 'A2, A3, A5', 'เคย', '001241', 'B1', 'รู้สึกดี เพราะอาจารย์สอนชิวมากๆ สอบง่าย แต่ก็สอนเข้าใจ', '2', '2', 'C2', '2', 'D2', '1', '3', '1', '0', 'เคย', '001231', 'B1', 'ก็เรียนสนุกมีทำกิจกรรมข้างนอก', '2', '2', 'C2', '2', 'D2, D3', '2', '2', '1', '0', 'เคย', '001271', 'B1', 'ได้รู้อะไรที่ไม่เคยรู้ เกี่ยวกับมนุษย์มากขึ้น', '2', '2', 'C2', '2', 'D2', '2', '2', '1', '1'),
(150, '7/3/2025 15:03:41', 'คณะวิทยาศาสตร์การแพทย์', '67520730', '2', 'A1, A2, A3', 'เคย', '001227', 'B1', 'วิชานี้ชิวเลยอาจารย์ใจดีมากๆ เรียนสบายๆเนื้อหาไม่ยากข้อสอบก็ง่ายๆ เช็คชื่อผ่านลิ้งค์', '1', '2', 'C3', '2', 'D3', '0', '3', '0', '0', 'เคย', '001236', 'B1', 'บวิชานี้จอยมากมีงานเกือบทุกคาบแต่งานง่ายๆไม่มีสอบ', '0', '3', 'C0', '1', 'D2', '0', '2', '0', '0', 'ไม่เคย', '', '', '', '', '', '', '', '', '', '', '', ''),
(151, '7/3/2025 14:06:36', 'คณะสังคมศาสตร์', '63265420', '3', 'A1, A4, A5', 'เคย', '001222', 'B1', 'ได้ความรู้เรื่องการปรับตัวให้เข้ากับสังคมและการเป็นพลเมืองโลก', '2', '2', 'C3', '1', 'D2', '1', '2', '0', '1', 'เคย', '001232', 'B5', 'เข้มข้น', '1', '0', 'C3', '2', 'D3', '0', '3', '2', '0', 'เคย', '001271', 'B1', 'สนุกดี แต่ต้องเสียตังซื้อหนังสือ', '3', '1', 'C3', '2', 'D3', '2', '2', '1', '1'),
(152, '7/3/2025 15:03:58', 'คณะสาธารณสุขศาสตร์', '66472719', '3', 'A1, A3, A6', 'เคย', '001222', 'B2', 'เรียนชิวๆมีงานกลุ่มให้ทำเพื่อเก็บคะแนนข้อสอบง่ายออกตามที่เรียนอาจารย์สอนเข้าใจง่าย', '1', '1', 'C3', '1', 'D3', '0', '2', '0', '0', 'เคย', '001234', 'B3', 'มีงานให้ทำเพื่อเก็บคะแนนข้อสอบออกตามแบบฝึกที่ทำ', '1', '3', 'C3', '1', 'D2', '0', '2', '1', '0', 'เคย', '001279', 'B2', 'เรียนชิวๆแต่มีงานกลุ่มและมีกิจกรรมประกวดมีเงินรางวัล', '2', '0', 'C3', '1', 'D2', '1', '2', '1', '1'),
(153, '7/3/2025 14:41:05', 'คณะบริหารธุรกิจ เศรษฐศาสตร์และการสื่อสาร', '67342844', '2', 'A1, A2, A3', 'เคย', '001221', 'B1', 'เรียนง่าย ชิวๆ ได้ทักษะเกี่ยวสารสนเทศเยอะมาก อาจารย์ใจดี มีงานให้ทำทุกสัปดาห์แต่เป็นงานชิวๆ', '1', '2', 'C3', '1', 'D3', '0', '2', '1', '0', 'เคย', '001234', 'B2', 'ไม่ค่อยชอบ', '1', '3', 'C3', '1', 'D1, D2', '0', '1', '1', '0', 'เคย', '001271', 'B1', 'ชิวดี แต่ต้องมีกลุ่ม', '3', '0', 'C2', '0', 'D3', '0', '3', '1', '1'),
(154, '7/3/2025 15:04:04', 'คณะสาธารณสุขศาสตร์', '65472680', '4', 'A1, A3', 'เคย', '001222', 'B4', 'สนุก บทเรียนสะท้อนถึงเรื่องราวในชีวิตจริงได้ชัดเจน', '2', '3', 'C3', '1', 'D2', '0', '2', '1', '0', 'เคย', '001234', 'B4', 'เนื้อหาเข้าใจง่าย มีการสอนหลากหลาย', '2', '2', 'C3', '1', 'D3', '0', '2', '1', '1', 'เคย', '001275', 'B3', 'ได้ความรู้ใหม่ๆ', '2', '2', 'C3', '1', 'D3', '1', '2', '1', '0'),
(155, '7/3/2025 15:04:27', 'คณะสาธารณสุขศาสตร์', '67472947', '2', 'A1', 'เคย', '001222', 'B2', 'ดีนะคะ การชี่แจ้งงานชัดเจน  มีการทบทวนเนื้อหาสอบก่อนสอบด้วย', '1', '2', 'C3', '0', 'D3', '0', '2', '1', '0', 'เคย', '001234', 'B2', 'ดีค่ะ ข้อสอบง่าย เนื้อหาง่าย', '1', '3', 'C3', '0', 'D2', '0', '2', '1', '0', 'เคย', '001291', 'B9', 'ดีค่ะ อจ.สอนดี', '2', '2', 'C3', '1', 'D3', '1', '3', '1', '1'),
(156, '7/2/2025 16:19:13', 'คณะสังคมศาสตร์', '65245581', '4', 'A7', 'เคย', '001222', 'B1', '-', '1', '1', 'C3', '0', 'D3', '0', '1', '1', '0', 'เคย', '001232', 'B1', '-', '1', '1', 'C3', '0', 'D2, D3', '1', '2', '1', '0', 'ไม่เคย', '', '', '', '', '', '', '', '', '', '', '', ''),
(157, '7/3/2025 15:05:14', 'คณะสาธารณสุขศาสตร์', '66470425', '3', 'A1, A3', 'เคย', '001222', 'B2', 'สนุกได้เกรดง่าย เหมาะกับการเก็บA', '1', '1', 'C5', '1', 'D3', '0', '2', '1', '0', 'เคย', '001351', 'B2', 'ได้ลงพื้นที่จริง เรียนง่าย เข้าครบทุกคาบได้เกรดA', '3', '1', 'C5', '2', 'D2', '3', '2', '1', '0', 'เคย', '001279', 'B1', 'เนื้อหามัธยมปลาย เข้าใจง่าย เก็บAง่าย', '3', '1', 'C3', '2', 'D3', '2', '2', '1', '1'),
(158, '7/3/2025 14:07:09', 'คณะสังคมศาสตร์', '66240691', '3', 'A1, A2, A7', 'เคย', '001222', 'B1', 'ได้ความรู้ไปพัฒนาตนเองและรู้เกี่ยวกับสังคม', '3', '1', 'C3', '0', 'D1', '0', '2', '0', '0', 'เคย', '001233', 'B1', 'ได้รู้เรื่ององค์กรต่างๆทั้งในและนอกประเทศ', '2', '1', 'C3', '0', 'D2, D3', '0', '3', '0', '0', 'เคย', '001271', 'B1', 'ได้ทำโปรเจค งานกลุ่มสนุก', '3', '0', 'C3', '2', 'D3', '2', '3', '1', '0'),
(159, '7/3/2025 15:05:37', 'คณะสหเวชศาสตร์', '66661878', '3', 'A1, A3, A6', 'เคย', '001222', 'B1', 'สนุกทำงานกับเพื่อนใหม่ๆ', '2', '2', 'C3', '0', 'D2', '0', '2', '1', '0', 'เคย', '001232', 'B3', 'สนุก', '2', '2', 'C3', '2', 'D2, D3', '2', '2', '1', '0', 'เคย', '001292', 'B2', 'สนุก', '2', '2', 'C4', '1', 'D1', '1', '2', '1', '1'),
(160, '7/3/2025 14:41:21', 'คณะมนุษยศาสตร์', '67260896', '2', 'A1, A4, A5', 'เคย', '001222', 'B3', 'ก็เรียนสนุกดีค่ะ มีรายงานกลุ่ม มีงานเดี่ยว ', '3', '1', 'C3', '0', 'D1', '0', '3', '2', '0', 'ไม่เคย', '', '', '', '', '', '', '', '', '', '', '', '', 'ไม่เคย', '', '', '', '', '', '', '', '', '', '', '', ''),
(161, '7/3/2025 15:05:47', 'คณะสหเวชศาสตร์', '66661328', '3', 'A1, A5, A6', 'เคย', '001228', 'B1', 'เรียนเช้าเกินไป๊🥺', '3', '2', 'C3', '2', 'D1', '2', '2', '1', '0', 'ไม่เคย', '', '', '', '', '', '', '', '', '', '', '', '', 'เคย', '001292', 'B1', 'สนุกดี', '3', '1', 'C4', '2', 'D1', '2', '2', '1', '1'),
(162, '7/3/2025 14:08:37', 'คณะสังคมศาสตร์', '66242541', '3', 'A3', 'เคย', '001226', 'B3', '-', '2', '0', 'C1', '2', 'D2', '2', '1', '1', '0', 'ไม่เคย', '', '', '', '', '', '', '', '', '', '', '', '', 'เคย', '001271', 'B2', '-', '3', '2', 'C0', '1', 'D3', '1', '2', '1', '1'),
(163, '7/2/2025 16:55:18', 'คณะศึกษาศาสตร์', '64411697', '4', 'A1, A3, A6', 'เคย', '001226', 'B1', 'ผมมีความรู้สึกว่ารายวิชานี้มีความหลากหลายของประเด็นด้านเนื้อหา ซึ่งเกี่ยวข้องกับวิถีชีวิตและบริบทที่พบในปัจจุบัน เป็นความรู้ที่มีประโยชน์ และเนื่องจากลงทะเบียนรายวิชานี้ตอนชั้นปีที่ 1 จึงได้เปิดประสบการณ์การทำชิ้นงานกับผู้คนในสังคมที่กว้างขึ้น สำหรับผมแล้วเป็นรายวิชาที่ไม่เครียดมากนัก', '1', '2', 'C3', '2', 'D3', '1', '3', '0', '0', 'เคย', '001237', 'B1', 'ผมรู้สึกว่าเป็นวิชาที่เรียนแบบเรียบง่าย ไม่เครียดมากนัก ชิ้นงานจะให้ตอบคำถามเยอะหน่อย แต่ไม่ใช่ปัญหาที่มีผลกระทบมากนัก เพราะเป็นการสะท้อนตนเองซึ่งไม่จำเป็นต้องตีความมาก มีงานกลุ่มที่เป็นชิ้นงานตามความสนใจของตนเอง', '1', '2', 'C3', '2', 'D2', '1', '3', '0', '0', 'เคย', '001279', 'B1', 'ผมรู้สึกว่าเป็นรายวิชาที่มีกิจกรรมน่าสนใจคือดูดาวในพื้นที่เปิด ด้วยธรรมชาติของรายวิชาที่อยู่ในสาขาวิทยาศาสตร์และคณิตศาสตร์ จึงมีเนื้อหาวิชาการทางด้านวิทยาศาสตร์เป็นธรรมดา แต่ก็ไม่ได้ยากเกินไป และมีประโยชน์ที่จะเรียนรู้ เรียนในรายวิชานี้ไม่เครียดมาก ได้ใช้ความคิดสร้างสรรค์เชิงนวัตกรรมวิทยาศาสตร์ค่อนข้างมาก แต่ก็น่าสนใจและน่าสนุกดีครับ', '0', '2', 'C3', '0', 'D3', '0', '2', '1', '1'),
(164, '7/3/2025 15:07:38', 'คณะสาธารณสุขศาสตร์', '66471255', '3', 'A1, A4, A6', 'เคย', '001227', 'B1', 'สนุกมาก เรียนๆเล่นๆยังไงก็ได้เอ', '1', '2', 'C3', '2', 'D3', '0', '3', '1', '0', 'เคย', '001251', 'B4', 'ข้อสอบยากมาก ', '3', '2', 'C3', '0', 'D2', '3', '2', '2', '0', 'เคย', '001271', 'B1', 'ข้อสอบง่าย แต่งานยาก เก็บเอง่ายมากถ้าส่งงาน', '3', '2', 'C3', '0', 'D1', '0', '2', '1', '1'),
(165, '7/3/2025 14:42:45', 'คณะบริหารธุรกิจ เศรษฐศาสตร์และการสื่อสาร', '66342265', '3', 'A3', 'เคย', '001227', 'B1', 'อาจารย์สอนสอดแทรกในหลายๆเรื่อง ไม่สอนพูดยาวๆ นิสิตเรียนกับอาจารย์มีแต่เสียงหัวเราะ', '1', '3', 'C3', '2', 'D3', '0', '2', '1', '0', 'เคย', '001235', 'B2', 'เขียนเรียงความส่วนมาก เน้นให้เข้าใจกับตัวเองตามบทเรียน และอาจารย์มีให้การบ้าน', '0', '3', 'C3', '2', 'D3', '1', '1', '1', '0', 'เคย', '001272', 'B2', 'แต่ละเซคในคาบปฏิบัติจะเรียนไม่เหมือนกันตามความยากง่ายของผู้สอน', '1', '2', 'C2', '1', 'D3', '1', '2', '1', '1'),
(166, '7/3/2025 14:09:52', 'คณะสังคมศาสตร์', '66243920', '3', 'A4, A5', 'เคย', '001221', 'B1', 'วิชานี้สนุกมาก งานมีไม่เยอะให้คะเเนนง่าย', '2', '2', 'C3', '0', 'D2', '0', '2', '1', '0', 'เคย', '001237', 'B1', 'วิชานี้สนุก มีหนังให้ดู เเละมีงานให้ทำ งานจะเยอะหน่อย เเละส่วนมากจะมีงานกลุ่ม', '3', '1', 'C3', '2', 'D2', '2', '2', '1', '0', 'เคย', '001279', 'B2', 'วิชานี้สอนสนุกมาก มีเเต่อะไรที่เเปลกใหม่', '2', '2', 'C3', '1', 'D3', '1', '3', '2', '1'),
(167, '7/3/2025 14:10:01', 'คณะมนุษยศาสตร์', '66264130', '3', 'A1', 'เคย', '001227', 'B2', 'สนุก', '2', '1', 'C2', '2', 'D2', '1', '2', '1', '0', 'ไม่เคย', '', '', '', '', '', '', '', '', '', '', '', '', 'ไม่เคย', '', '', '', '', '', '', '', '', '', '', '', ''),
(168, '7/3/2025 14:43:55', 'คณะบริหารธุรกิจ เศรษฐศาสตร์และการสื่อสาร', '67343315', '2', 'A3, A7', 'เคย', '001227', 'B2', 'เรียนไม่ยากมาก อาจารย์สอนสนุก', '0', '2', 'C3', '2', 'D1', '0', '2', '1', '0', 'เคย', '001236', 'B1', 'ได้รู้กับการจัดชีวิต อาจารย์สอนสนุก', '1', '2', 'C0', '2', 'D3', '1', '2', '1', '0', 'เคย', '001271', 'B1', 'เรียนยากนิดนึง แต่มีโปรเจคถ้าทำได้ดีกคะแนนดี', '2', '2', 'C0', '0', 'D3', '0', '2', '2', '1'),
(169, '7/3/2025 14:45:35', 'คณะมนุษยศาสตร์', '67266270', '2', 'A4, A5', 'เคย', '001222', 'B2', 'ถ้าเป็นคนชอบฟังบรรยายน่าจะชอบอาจารย์จะเปลี่ยนมาแต่ละสัปดาห์ฟังเพลินๆก็สนุกดีแต่เนื้อหากว้างมาก', '1', '1', 'C3', '0', 'D3', '0', '2', '1', '0', 'ไม่เคย', '', '', '', '', '', '', '', '', '', '', '', '', 'ไม่เคย', '', '', '', '', '', '', '', '', '', '', '', ''),
(170, '7/3/2025 14:45:47', 'คณะวิทยาศาสตร์การแพทย์', '67523137', '2', 'A1', 'ไม่เคย', '', '', '', '', '', '', '', '', '', '', '', '', 'ไม่เคย', '', '', '', '', '', '', '', '', '', '', '', '', 'เคย', '001273', 'B5', 'ยากอะ ', '0', '3', 'C2', '0', 'D3', '0', '1', '2', '0'),
(171, '7/3/2025 14:12:58', 'คณะมนุษยศาสตร์', '66263416', '3', 'A5', 'เคย', '001227', 'B1', 'สนุกสนาน อาจารย์มีความเป็นกันเอง', '2', '2', 'C2', '2', 'D2', '1', '2', '0', '0', 'ไม่เคย', '', '', '', '', '', '', '', '', '', '', '', '', 'เคย', '001291', 'B4', 'รู้สึกว่าเป็นวิชาที่เนื้อหาเยอะมาก', '1', '2', 'C2', '1', 'D3', '1', '2', '2', '1'),
(172, '7/3/2025 14:48:44', 'คณะมนุษยศาสตร์', '67261794', '2', 'A3, A4, A5', 'เคย', '001222', 'B2', 'สนุกดีค่ะ ไม่มีเช็คชื่อ หนักตอนสอบหน่อย', '2', '2', 'C3', '0', 'D2', '0', '3', '2', '0', 'ไม่เคย', '', '', '', '', '', '', '', '', '', '', '', '', 'ไม่เคย', '', '', '', '', '', '', '', '', '', '', '', ''),
(173, '7/2/2025 17:32:48', 'คณะศึกษาศาสตร์', '66412326', '3', 'A1, A4', 'เคย', '001226', 'B2', 'ชิวๆค่ะ แต่ก็ต้องมีความรู้รอบตัวพอสมควร', '3', '2', 'C5', '1', 'D1', '2', '3', '1', '1', 'เคย', '001233', 'B4', 'เรียนชิว มีงานท้ายคาบ ', '2', '2', 'C3', '1', 'D3', '0', '3', '2', '0', 'เคย', '001271', 'B3', 'ขยันเข้าเรียน', '3', '2', 'C0', '2', 'D2, D3', '3', '3', '2', '0'),
(174, '7/3/2025 14:14:16', 'คณะมนุษยศาสตร์', '67264399', '2', 'A4', 'เคย', '001227', 'B9', 'อาจารย์ผู้สอนสอนดี มีความสุข', '2', '1', 'C7', '2', 'D2', '1', '1', '1', '0', 'ไม่เคย', '', '', '', '', '', '', '', '', '', '', '', '', 'ไม่เคย', '', '', '', '', '', '', '', '', '', '', '', ''),
(175, '7/3/2025 15:08:57', 'คณะสาธารณสุขศาสตร์', '66470043', '3', 'A1, A3', 'เคย', '001241', 'B1', 'อาจารย์ใจดี ข้อสอบง่ายมากๆ แนะนำ ไม่ต้องเรียนบ่อย งานกลุ่มก็ง่าย', '2', '2', 'C2', '0', 'D2', '3', '3', '0', '0', 'เคย', '001237', 'B1', 'ง่ายค่ะ อ.ไม่ค่อยสอนเพราะว่า ให้ทำงานกลุ่ม ', '3', '1', 'C0', '1', 'D1', '3', '3', '1', '0', 'ไม่เคย', '', '', '', '', '', '', '', '', '', '', '', ''),
(176, '7/2/2025 17:32:56', 'คณะวิทยาศาสตร์การแพทย์', '65521821', '4', 'A1, A6', 'เคย', '001221', 'B1', 'เนื้อหาก็เยอะอยู่นะ เกี่ยวกับการจัดการข้อมูลในห้องสมุด เน้นความเข้าใจวิเคราะห์อยู่เหมือนกัน', '0', '3', 'C3', '2', 'D1', '0', '2', '1', '0', 'เคย', '001232', 'B1', 'กฏหมายเยอะมากกกกกกกก ข้อสอบก็มีทั้งช้อยและเขียน เน้นวิเคราะห์สถานการณืว่าเข้ากับมาตราใด ', '2', '0', 'C3', '2', 'D3', '2', '3', '1', '0', 'เคย', '001291', 'B1', 'เนื้อหาเยอะ ฝั่งวิทย์สุขภาพได้เปรียบเพราะเป็นเรื่องที่คุ้นเคย มีทั้งงานเดี่ยว งานกลุ่มทำคลิปนำเสนอ มีคำนวนแคลลอรี่', '2', '3', 'C2', '0', 'D3', '0', '2', '2', '1'),
(177, '7/3/2025 15:13:00', 'คณะวิทยาศาสตร์การแพทย์', '67522710', '2', 'A1, A3', 'เคย', '001227', 'B1', 'ดีค่ะ สนุก เริส', '1', '1', 'C3', '2', 'D3', '1', '3', '0', '0', 'ไม่เคย', '', '', '', '', '', '', '', '', '', '', '', '', 'ไม่เคย', '', '', '', '', '', '', '', '', '', '', '', ''),
(178, '7/3/2025 14:50:03', 'คณะวิทยาศาสตร์การแพทย์', '67522543', '2', 'A3, A5, A6', 'ไม่เคย', '', '', '', '', '', '', '', '', '', '', '', '', 'ไม่เคย', '', '', '', '', '', '', '', '', '', '', '', '', 'ไม่เคย', '', '', '', '', '', '', '', '', '', '', '', ''),
(179, '7/3/2025 15:13:03', 'คณะวิทยาศาสตร์การแพทย์', '67524110', '2', 'A1', 'เคย', '001227', 'B1', 'สนุก มีความสุขไม่เครียดค่ะ', '1', '1', 'C3', '2', 'D3', '1', '3', '0', '0', 'ไม่เคย', '', '', '', '', '', '', '', '', '', '', '', '', 'ไม่เคย', '', '', '', '', '', '', '', '', '', '', '', ''),
(180, '7/3/2025 14:15:15', 'คณะมนุษยศาสตร์', '67261824', '2', 'A1, A4, A7', 'ไม่เคย', '', '', '', '', '', '', '', '', '', '', '', '', 'เคย', '001234', 'B3', 'ชอบค่ะ', '0', '3', 'C3', '2', 'D2', '0', '3', '1', '0', 'ไม่เคย', '', '', '', '', '', '', '', '', '', '', '', ''),
(181, '7/3/2025 15:13:45', 'คณะสาธารณสุขศาสตร์', '66470517', '3', 'A1, A2, A3', 'เคย', '001226', 'B3', 'เป็นวิชาที่ไม่ซับซ้อนเข้าใจง่าย เป็นเรื่องที่ในปัจจุบันคลุกคลีอยู่แล้ว เทคโนโลยีต่างๆในปัจจุบัน อาจจะมีความรู้ใหม่ๆ ได้ทักษะใหม่ๆบ้าง ', '2', '1', 'C3', '2', 'D2', '3', '2', '1', '0', 'เคย', '001235', 'B6', 'ถ้าใครไม่ชอบเรื่องกฎหมาย หรือสังคม จริงๆไม่แนะนำเท่าไหร่ค่ะ ต้องเป็นคนที่ทำความเข้าใจง่าย และพร้อมเรียนรู้จริง ', '0', '3', 'C3', '2', 'D2, D3', '0', '2', '2', '0', 'เคย', '001279', 'B3', 'เป็นวิชาที่ไม่ยากเลย ถ้าใครเรียนสายวิทย์คณิตมาอันนี้เหมือนได้ทบทวนจากเนื้อหาม.ปลายบวกกับได้ความรู้ใหม่เนื้อหาของมหาวิทลัยนิดหน่อย ถ้าตั้งใจเรียนเอก็ได้มาไม่ยาก แต่นี่ไม่ได้ไง', '2', '1', 'C3', '2', 'D2, D3', '2', '2', '1', '0'),
(182, '7/3/2025 14:50:09', 'คณะวิทยาศาสตร์การแพทย์', '67522604', '2', 'A3', 'เคย', '001221', 'B1', 'อาจารย์คุยดีมากกกกกกสอนเข้าใจจจเก็บเอง่ายแต่ก็อย่าพลาดถ้าเข้าเรียนแน่นอนว่าทำได้และทำงานส่งทุกครั้ง', '0', '3', 'C3', '2', 'D1', '0', '3', '0', '0', 'ไม่เคย', '', '', '', '', '', '', '', '', '', '', '', '', 'เคย', '001279', 'B2', 'ง่ายมาก เป็นพื้นฐานของหลายๆวิชาความรู้ม.ต้น-ปลาย', '1', '1', 'C3', '1', 'D3', '1', '2', '1', '1'),
(183, '7/2/2025 18:52:23', 'คณะสังคมศาสตร์', '65263103', '4', 'A1, A3, A5', 'เคย', '001227', 'B1', 'รู้สึกสนุกและได้เรียนรู้เกี่ยวกับดนตรีไทยเพิ่มขึ้น', '1', '2', 'C2', '2', 'D3', '0', '3', '1', '0', 'เคย', '001234', 'B1', 'รู้สึกได้เรียนรู้ประวัติศาสตร์ที่ไม่เคยรู้มากขึ้น', '1', '3', 'C3', '1', 'D2, D3', '0', '3', '1', '0', 'เคย', '001279', 'B2', 'สนุกที่ได้เรียนการทดลอง', '2', '2', 'C3', '1', 'D3', '1', '3', '1', '1'),
(184, '7/3/2025 14:15:38', 'คณะมนุษยศาสตร์', '66261382', '3', 'A3', 'เคย', '001228', 'B1', 'ดีเลิศ', '2', '2', 'C4', '2', 'D2', '2', '3', '1', '0', 'เคย', '001237', 'B3', 'ดีปลานกลาง', '2', '2', 'C3', '2', 'D3', '2', '3', '1', '1', 'เคย', '001277', 'B4', 'กะดีอยู่', '2', '2', 'C3', '2', 'D3', '2', '2', '1', '1'),
(185, '7/3/2025 14:50:22', 'คณะวิทยาศาสตร์การแพทย์', '67522055', '2', 'A1, A3, A6', 'ไม่เคย', '', '', '', '', '', '', '', '', '', '', '', '', 'ไม่เคย', '', '', '', '', '', '', '', '', '', '', '', '', 'ไม่เคย', '', '', '', '', '', '', '', '', '', '', '', ''),
(186, '7/3/2025 15:09:28', 'คณะวิทยาศาสตร์การแพทย์', '67523007', '2', 'A5, A7', 'เคย', '001224', 'B1', 'เป็นวิชาได้Aง่าย ถ้าทำงานส่งครบทุกงสน งานที่สั่งก็จะมีสัปดาห์ละครั้ง ข้อสอบก็ออกนามสไลด์เลย', '1', '3', 'C3', '0', 'D3', '0', '2', '1', '0', 'เคย', '001232', 'B1', 'ได้ A ง่าย งานก็จะมีแค่งานกลุ่ม1งาน อาจจมีจดในคาบสองสามครั้ง ข้อสอบออกง่ายกว่าที่คิดเยอะมากอาจารย์บางคนจะคอยบอกแนวข้อสอบให้ฟัง', '1', '1', 'C3', '2', 'D3', '1', '2', '1', '0', 'ไม่เคย', '', '', '', '', '', '', '', '', '', '', '', ''),
(187, '7/2/2025 19:46:55', 'คณะโลจิสติกส์และดิจิทัลซัพพลายเชน', '64381969', '4', 'A3', 'เคย', '001227', 'B1', 'ดีนะ อาจารย์สอนสนุกดี เกร็ดได้ไม่ยาก เก็บเอได้สบาย', '0', '2', 'C3', '2', 'D1', '0', '2', '1', '1', 'เคย', '001237', 'B1', 'ก็เป็นวิชาเก็บเอแค่ทำงานส่งก็ได้ละ', '2', '1', 'C7', '2', 'D3', '0', '1', '0', '0', 'เคย', '001292', 'B1', 'ทำงานเป็นทีม ทำงานเยอะเป็นวิชาเก็บเองได้ง่ายสำหรับคนชอบทำงานกลุ่ม ', '3', '1', 'C7', '0', 'D3', '0', '1', '0', '1'),
(188, '7/3/2025 14:15:54', 'คณะสังคมศาสตร์', '66244668', '3', 'A1, A4, A6', 'เคย', '001222', 'B1', 'กว้างดี เหมือนเปิดโลกกว้างทั้งของไทย และต่างประเทศ มีให้เรียนรู้ถึงความหลากหลายทางสังคม และวัฒนธรรม มีวิทยากร มีตัวอย่างการแสดง สนุกสนาน ', '2', '2', 'C0', '2', 'D2', '0', '3', '1', '0', 'เคย', '001232', 'B2', 'เนื้อหาแน่นดี ปวดหัวนิดๆ มีการยกตัวอย่างเปรียบเทียบในชีวิตประจำวันกับกฎหมายอย่างเข้าใจ', '2', '3', 'C3', '2', 'D2, D3', '2', '3', '2', '0', 'เคย', '001274', 'B4', 'ได้รับความรู้ใหม่ๆเกี่ยวกับการใช้ยา ได้รู้จักยาที่เราไม่เคยรู้สรรพคุณมาก่อน ได้รู้จักโรคใกล้ตัวเบื้องต้น และโรคอื่นๆตามแขนง พร้อมด้วยวิธีการป้องกัน และแก้ไข ถือว่าเป็นวิชาที่ควรเรียน เพราะมีแบบฝึกหัด มีแล็บให้ทบทวนเนื้อหาที่เรียนด้วย ', '3', '2', 'C2', '2', 'D2, D3', '3', '3', '2', '1'),
(189, '7/2/2025 20:17:02', 'คณะวิศวกรรมศาสตร์', '63368237', '4', 'A1, A2, A3', 'เคย', '001227', 'B2', 'ได้เล่นดนตรีไทย', '1', '2', 'C5', '1', 'D3', '2', '3', '1', '0', 'เคย', '001252', 'B2', 'ได้รู้ประวัฒิความเป็นมา', '2', '2', 'C3', '1', 'D2, D3', '2', '2', '1', '0', 'เคย', '001271', 'B3', 'เข้าใจสิ่งต่างๆมากขึ้น', '2', '2', 'C3', '1', 'D2, D3', '1', '2', '1', '0'),
(190, '7/3/2025 14:16:18', 'คณะมนุษยศาสตร์', '67265136', '2', 'A4', 'เคย', '001222', 'B4', 'ชอบรู้สึกเข้าใจง่าย', '2', '1', 'C3', '0', 'D2', '0', '2', '0', '0', 'ไม่เคย', '', '', '', '', '', '', '', '', '', '', '', '', 'ไม่เคย', '', '', '', '', '', '', '', '', '', '', '', ''),
(191, '7/3/2025 15:13:56', 'คณะวิทยาศาสตร์การแพทย์', '64981688', '2', 'A1, A3', 'ไม่เคย', '', '', '', '', '', '', '', '', '', '', '', '', 'เคย', '001236', 'B1', 'สนุกมากกกกค่าาา', '1', '2', 'C6', '2', 'D2', '0', '2', '1', '0', 'ไม่เคย', '', '', '', '', '', '', '', '', '', '', '', ''),
(192, '7/3/2025 14:16:50', 'คณะมนุษยศาสตร์', '67266003', '2', 'A3, A5', 'ไม่เคย', '', '', '', '', '', '', '', '', '', '', '', '', 'เคย', '001234', 'B7', 'งานเยอะ ', '0', '3', 'C3', '0', 'D3', '1', '0', '1', '0', 'ไม่เคย', '', '', '', '', '', '', '', '', '', '', '', ''),
(193, '7/3/2025 15:14:00', 'คณะวิทยาศาสตร์การแพทย์', '67520495', '2', 'A1, A6', 'เคย', '001241', 'B1', 'สนุกค่ะสนุกมากกก', '1', '2', 'C6', '2', 'D3', '0', '2', '1', '0', 'ไม่เคย', '', '', '', '', '', '', '', '', '', '', '', '', 'ไม่เคย', '', '', '', '', '', '', '', '', '', '', '', ''),
(194, '7/3/2025 10:22:23', 'คณะวิทยาศาสตร์', '65310333', '4', 'A1, A4, A5', 'เคย', '001238', 'B4', 'สนุกยุคับ', '1', '3', 'C3', '0', 'D3', '0', '2', '1', '0', 'เคย', '001236', 'B1', 'สนุก อจสอนดี', '2', '2', 'C3', '0', 'D3', '2', '3', '1', '0', 'เคย', '001279', 'B3', 'สอนดี', '1', '3', 'C3', '2', 'D3', '2', '2', '1', '0'),
(195, '7/3/2025 14:55:02', 'คณะวิทยาศาสตร์การแพทย์', '65522668', '4', 'A2, A4, A6', 'เคย', '001276', 'B1', 'วิชานึ้ค่อนข้างง่าย ไม่ต้องเข้าเรียน แต่จะมีวิดีโอให้ ใน1อาทิตย์จะมีตอบคำถามง่ายๆ ', '0', '3', 'C3', '0', 'D1', '0', '1', '0', '1', 'เคย', '001251', 'B1', 'เหมือนฟัง ทอล์คโชว์ ปล่อยใจจอยๆได้', '3', '2', 'C3', '1', 'D2, D3', '1', '2', '1', '1', 'เคย', '001271', 'B2', 'เซคใหญ่เรียนเยอะมีแค่งานกลุ่ม', '3', '0', 'C3', '2', 'D2, D3', '3', '2', '1', '0'),
(196, '7/3/2025 14:16:55', 'คณะมนุษยศาสตร์', '67262890', '2', 'A4', 'เคย', '001222', 'B2', 'สนุกดีค่ะ ไม่มีเช็คชื่อ แต่ว่ามีงานกลุ่มมม', '3', '2', 'C3', '0', 'D1', '0', '3', '0', '0', 'ไม่เคย', '', '', '', '', '', '', '', '', '', '', '', '', 'ไม่เคย', '', '', '', '', '', '', '', '', '', '', '', ''),
(197, '7/3/2025 14:57:30', 'คณะสาธารณสุขศาสตร์', '67471346', '2', 'A4', 'เคย', '001222', 'B2', 'สอนละเอียดอธิบายเข้าใจ ', '1', '3', 'C5', '1', 'D3', '0', '3', '0', '0', 'เคย', '001234', 'B2', 'ยกคลาสบ่อย', '1', '3', 'C5', '1', 'D3', '0', '2', '1', '0', 'ไม่เคย', '', '', '', '', '', '', '', '', '', '', '', ''),
(198, '7/3/2025 14:58:21', 'คณะสหเวชศาสตร์', '67522062', '2', 'A1, A2, A3', 'เคย', '001227', 'B1', 'สนุก อาจารย์น่ารัก เป็นกันเอง ให้เกรดไม่ยาก มีเป่าขลุ่ยด้วย ไม่กดดันในการเรียน', '2', '2', 'C3', '2', 'D2', '0', '3', '1', '0', 'เคย', '001237', 'B1', 'งานกลุ่ม นั่งตามเลขที่ตลอดเทอม เก็บAง่าย ถ้าส่งงานครบ ตามเวลา(ถ้าเจอกลุ่มดี) ข้อสอบไม่ยาก', '3', '1', 'C3', '2', 'D2', '2', '2', '1', '1', 'ไม่เคย', '', '', '', '', '', '', '', '', '', '', '', ''),
(199, '7/3/2025 14:58:58', 'คณะสาธารณสุขศาสตร์', '66473464', '3', 'A1', 'เคย', '001227', 'B2', 'สนุก', '2', '2', 'C2', '1', 'D2', '0', '2', '1', '0', 'ไม่เคย', '', '', '', '', '', '', '', '', '', '', '', '', 'ไม่เคย', '', '', '', '', '', '', '', '', '', '', '', ''),
(200, '7/3/2025 14:03:26', 'คณะสังคมศาสตร์', '66243265', '3', 'A3', 'เคย', '001227', 'B1', 'ดี', '3', '3', 'C1', '2', 'D1', '2', '3', '2', '1', 'เคย', '001232', 'B1', 'ดี', '3', '3', 'C1', '2', 'D3', '3', '3', '2', '1', 'เคย', '001279', 'B3', 'ดี', '3', '3', 'C1', '2', 'D2', '3', '3', '2', '1'),
(201, '7/3/2025 15:21:02', 'คณะวิทยาศาสตร์การแพทย์', '66521974', '3', 'A2, A3', 'เคย', '001227', 'B2', 'เข้าทุกคาบ เช็คชื่อ และเป่าขลุ่ย', '1', '3', 'C3', '2', 'D3', '1', '2', '0', '0', 'เคย', '001234', 'B3', 'อาจารย์ค่อนข้างตะแปลก', '2', '3', 'C3', '1', 'D2', '0', '1', '1', '0', 'เคย', '001277', 'B3', 'สนุกดี ยากหน่อย แนววิทย์', '2', '2', 'C3', '2', 'D3', '2', '2', '1', '1'),
(202, '7/3/2025 15:22:15', 'คณะวิทยาศาสตร์การแพทย์', '66522995', '3', 'A1, A2, A6', 'เคย', '001332', 'B2', 'ต้องมีความเข้าใจกับข้อมูลดิจิตอล', '2', '2', 'C3', '1', 'D2', '1', '3', '1', '0', 'เคย', '001237', 'B1', 'ได้เมรคเฟรนกับเพื่อนต่างคณะ', '3', '1', 'C3', '1', 'D2', '3', '3', '1', '0', 'เคย', '001279', 'B1', 'ได้เข้าใจเกี่ยวกับศาสตร์ทางวิทยาศาสตร์เบื้องต้น', '1', '3', 'C2', '1', 'D3', '1', '3', '1', '1'),
(203, '7/3/2025 15:23:08', 'คณะวิศวกรรมศาสตร์', '65360543', '4', 'A2', 'เคย', '001226', 'B2', 'ความด้านการใช้เทคโนโลยี และ การคิดค้นนวัตกรรมหรือเทคโนโลยีใหม่ๆ', '3', '2', 'C3', '0', 'D1', '0', '2', '1', '0', 'เคย', '001237', 'B1', 'เรียนไม่ยาก ชิวๆ มีงานกลุ่มใหญ่', '3', '2', 'C3', '2', 'D3', '3', '2', '0', '0', 'เคย', '001275', 'B3', 'ไม่ขยันอย่าเรียน ข้อสอบ 120+ ข้อ เนื้อหาเยอะ ไม่เหมาะกับคนหวัง A', '3', '3', 'C3', '2', 'D3', '2', '2', '2', '1'),
(204, '7/3/2025 15:28:38', 'คณะวิทยาศาสตร์การแพทย์', '67521898', '2', 'A1', 'ไม่เคย', '', '', '', '', '', '', '', '', '', '', '', '', 'ไม่เคย', '', '', '', '', '', '', '', '', '', '', '', '', 'เคย', '001279', 'B3', 'เนื้อที่เรียนเยอะมีทั้งที่เคยเรียนจากม.4-6 และเนื้อหาใหม่', '0', '3', 'C3', '0', 'D3', '0', '3', '2', '1'),
(205, '7/3/2025 15:52:02', 'คณะสังคมศาสตร์', '66244606', '3', 'A3', 'เคย', '001224', 'B2', 'งานเยอะไปหน่อย แต่ว่าเป็นวิชาที่ได้ใช้ทักษะงานฝีมือ บางงานก็สนุก เช่น วาดรูป ', '2', '3', 'C3', '2', 'D2', '0', '3', '1', '0', 'เคย', '001239', 'B1', 'เน้นการนำเสนอ เป็นวิชาที่เก็บเกรดง่าย ', '3', '2', 'C0', '2', 'D2', '2', '3', '1', '0', 'เคย', '001279', 'B2', 'เป็นพื้นฐานวิทย์ทั่วไป เคมี ฟิสิกส์ ชีวะ', '2', '2', 'C3', '2', 'D3', '2', '2', '1', '1'),
(206, '7/3/2025 15:52:57', 'คณะสังคมศาสตร์', '66244132', '3', 'A4', 'เคย', '001221', 'B3', 'อาจารย์สอนดี เนื้อหาเข้าใจง่าย', '1', '2', 'C3', '2', 'D3', '0', '1', '0', '0', 'เคย', '001234', 'B4', 'มีงานกลุ่ม', '2', '2', 'C3', '1', 'D2', '0', '3', '1', '0', 'เคย', '001272', 'B3', 'สนุก', '0', '3', 'C3', '0', 'D3', '0', '3', '0', '1'),
(207, '7/3/2025 15:56:02', 'คณะสังคมศาสตร์', '65243488', '4', 'A1, A7', 'เคย', '001226', 'B4', 'ก็โอเคค่ะ แต่รู้สึกว่าไม่ค่อยถนัดสายนี้เท่าไหร่ค่ะ', '1', '2', 'C3', '0', 'D3', '1', '2', '1', '0', 'เคย', '001235', 'B2', 'ชอบค่ะ ใบงานง่าย 40 คะแนน ข้อสอบเป็นข้อเขียนทั้งกลางภาคปลายภาค ดีค่ะสนุกได้คะแนนดี', '0', '3', 'C3', '0', 'D2, D3', '0', '2', '0', '0', 'เคย', '001271', 'B3', 'ดีค่ะแต่งานค่อนข้างพอใช้ได้ ทำงานกลุ่มประเมินตนเอง', '3', '1', 'C0', '2', 'D2, D3', '2', '2', '1', '0'),
(208, '7/3/2025 14:17:00', 'คณะสังคมศาสตร์', '66244682', '3', 'A2, A4, A6', 'เคย', '001222', 'B2', 'มีให้ทำโปสเตอร์และรายงานเองเป็นกลุ่มโดยกำหนดหัวข้อที่สนใจให้สอดคล้องกับสิ่งที่เรียน และวิพากษ์เนื้อหาในเพลง มีความเป็นมนุษย์ที่ให้ความสำคัญในสิ่งที่ตนประดิษฐ์ มีความพื้นฐานมากๆ ', '2', '2', 'C3', '0', 'D2', '0', '2', '0', '0', 'เคย', '001233', 'B3', 'ไม่คุ้นชิน รู้สึกห่างไกลกับตัวมาก พูดถึงองค์กรต่างประเทศ ประวัติศาสตร์ สื่อต่างๆ แอบปวดหัวเพราะเนื้อหาเยอะและหลากหลาย ได้วิเคราะห์นโยบาย ', '3', '2', 'C3', '1', 'D3', '0', '1', '2', '0', 'เคย', '001271', 'B4', 'ไม่เด็กวิทย์ก็เหนื่อยหน่อยนะ มีให้คิดนวัตกรรมเพื่อสิ่งแวดล้อม แต่สิ่งที่สร้างก็ควรมีพื้นฐานอิงวิทย์ มีประโยชน์ในเรื่องการสอนตัวช่วยในการจะคิดสิ่งประดิษฐ์หนึ่งขึ้นมา', '3', '1', 'C2', '1', 'D2', '1', '2', '1', '1'),
(209, '7/3/2025 16:06:29', 'คณะวิศวกรรมศาสตร์', '65362073', '4', 'A2', 'เคย', '001228', 'B1', 'เกรดAง่ายๆ งานชิวๆทำในคาบ', '3', '1', 'C4', '2', 'D1', '0', '3', '1', '0', 'เคย', '001235', 'B3', 'ไม่ยาก แต่ต้องทำความเข้าใจเยอะ', '1', '3', 'C2', '2', 'D3', '1', '2', '1', '1', 'เคย', '001279', 'B1', 'วิทย์พื้นฐานม.4-6', '0', '2', 'C3', '0', 'D3', '0', '1', '0', '0'),
(210, '7/3/2025 15:14:02', 'คณะมนุษยศาสตร์', '67261169', '2', 'A4, A5, A7', 'เคย', '001227', 'B1', 'เรียนสบายๆ เนื้อหาที่เรียนไม่ยากเป็นเรื่องที่เรียนมาตั้งแต่มัธยม', '1', '1', 'C3', '2', 'D3', '0', '3', '0', '0', 'ไม่เคย', '', '', '', '', '', '', '', '', '', '', '', '', 'เคย', '001272', 'B1', 'เนื้อหาเยอะต้องท่องจำ ทำงานส่งทุกคาบก็สบายแล้วคะแนนเก็บเยอะ', '0', '2', 'C3', '0', 'D2, D3', '0', '1', '1', '1'),
(211, '7/3/2025 15:14:04', 'คณะศึกษาศาสตร์', '65210886', '4', 'A1, A3, A5', 'เคย', '001253', 'B2', 'มีความสุขมาก', '2', '2', 'C3', '1', 'D2', '1', '3', '1', '0', 'เคย', '001234', 'B1', 'สนุก', '2', '2', 'C3', '2', 'D3', '0', '3', '1', '0', 'เคย', '001275', 'B3', 'รู้เรื่องโภชนา', '2', '2', 'C3', '2', 'D3', '2', '2', '1', '0'),
(212, '7/3/2025 14:17:57', 'คณะมนุษยศาสตร์', '66261733', '3', 'A1, A3, A5', 'เคย', '001226', 'B3', 'อาจารย์สอนดีีค่ะเนื้อหาเข้าใจง่าย ', '2', '1', 'C3', '2', 'D2', '2', '2', '1', '0', 'ไม่เคย', '', '', '', '', '', '', '', '', '', '', '', '', 'เคย', '001291', 'B3', 'เข้าใจง่าย มีแบบฝึกหัดให้ฝึกทำ', '1', '2', 'C2', '1', 'D3', '1', '2', '1', '1'),
(213, '7/3/2025 14:19:12', 'คณะมนุษยศาสตร์', '65262182', '4', 'A1, A5', 'เคย', '001222', 'B3', 'สนุก งานง่าย', '3', '2', 'C3', '0', 'D1', '0', '1', '0', '1', 'เคย', '001251', 'B6', 'สนุก ทำให้รู้จักผู้คนในเซค', '3', '0', 'C5', '2', 'D3', '3', '3', '2', '0', 'เคย', '001271', 'B3', '-', '2', '2', 'C3', '0', 'D2', '0', '2', '1', '1'),
(214, '7/3/2025 16:07:30', 'คณะวิศวกรรมศาสตร์', '65360642', '4', 'A2, A4, A6', 'เคย', '001222', 'B2', 'ดีอยู่', '2', '1', 'C3', '0', 'D2', '0', '0', '2', '0', 'เคย', '001237', 'B1', 'วุ่นวาย', '2', '2', 'C3', '1', 'D1, D2', '1', '0', '1', '1', 'ไม่เคย', '', '', '', '', '', '', '', '', '', '', '', ''),
(215, '7/3/2025 16:09:02', 'คณะวิศวกรรมศาสตร์', '65360628', '4', 'A2', 'เคย', '001222', 'B3', 'เป็นประโยชน์ต่อการประยุกต์ใช้ในชีวิตประจำวัน', '3', '1', 'C3', '1', 'D1', '0', '2', '1', '0', 'เคย', '001237', 'B1', 'เป็นประโยชน์ต่อการประยุกต์ใช้ในชีวิตประจำวัน', '3', '1', 'C3', '2', 'D2', '1', '2', '1', '0', 'เคย', '001273', 'B3', 'เป็นประโยชน์ในการประยุกต์ใช้ในชีวิตประจำวัน', '2', '2', 'C3', '1', 'D3', '1', '2', '1', '1'),
(216, '7/3/2025 16:09:40', 'คณะวิศวกรรมศาสตร์', '67362491', '2', 'A2', 'เคย', '001241', 'B2', 'ข้อสอบยากมากมิดเทอม ข้อสอบง่ายมากปลายภาค', '1', '0', 'C3', '0', 'D3', '3', '3', '2', '0', 'เคย', '001237', 'B1', 'ขัยนส่งงาน แบ่งงานในกลุ่มให้ดี', '3', '2', 'C3', '2', 'D1, D2, D3', '2', '3', '1', '0', 'ไม่เคย', '', '', '', '', '', '', '', '', '', '', '', ''),
(217, '7/3/2025 16:10:38', 'คณะวิศวกรรมศาสตร์', '65365852', '4', 'A1, A3', 'ไม่เคย', '', '', '', '', '', '', '', '', '', '', '', '', 'เคย', '001234', 'B2', 'ได้ความรประวัติศาสตร์เยอะ', '1', '2', 'C3', '1', 'D2, D3', '2', '1', '1', '0', 'ไม่เคย', '', '', '', '', '', '', '', '', '', '', '', ''),
(218, '7/3/2025 16:11:35', 'คณะวิศวกรรมศาสตร์', '65362110', '4', 'A2, A4, A5', 'เคย', '001222', 'B1', 'การสอนในรายวิชานี้รู้สึกว่าสอนได้เข้าใจและได้มองเห็นถึงภาษาสังคมและวัฒนธรรมได้อย่างหลากหลาย', '2', '2', 'C3', '2', 'D2', '1', '3', '1', '0', 'เคย', '001237', 'B1', 'ดีมาก', '2', '2', 'C3', '2', 'D3', '3', '3', '1', '0', 'เคย', '001275', 'B3', 'ก็ดีนะ', '3', '3', 'C2', '2', 'D2, D3', '3', '2', '1', '1'),
(219, '7/3/2025 16:13:01', 'คณะวิศวกรรมศาสตร์', '65366033', '4', 'A1, A2, A5', 'เคย', '001226', 'B3', 'ได้รู้จักเพื่อนคณะอื่น มีการแลกเปลี่ยนความคิด และช่วยกันทำงานจนผ่านวิชานี้มาได้', '3', '2', 'C3', '1', 'D1', '2', '2', '1', '0', 'เคย', '001237', 'B3', 'ได้ทักษะในการใช้ชีวิตเพิ่มขึ้น มีความรู้รอบตัว เข้าสังคมเก่งขึ้น', '3', '2', 'C3', '2', 'D3', '2', '2', '1', '0', 'เคย', '001271', 'B3', 'ได้รุ้จักโลกมาขึ้น การใช้ชีวิตโดยลดการทำลายสิ่งแวดล้อม', '2', '2', 'C3', '2', 'D3', '2', '2', '1', '0'),
(220, '7/3/2025 16:23:41', 'คณะสาธารณสุขศาสตร์', '67470264', '2', 'A2, A3', 'เคย', '001227', 'B1', 'เอ็นจอยมาก อาจารย์สอนสนุกมีงานกลุ่มใหญ่1งาน กลุ่มละ100กว่าคนเลย ตัวงานก็คือให้เป่าขลุ่ยซึ่งไม่ยากนะอาจารย์สอนทุกโน๊ต มีงานเดี่ยวส่งท้ายเทอมคือแบบฝึกท้ายบทในหนังสือ(เขามีหนังสือให้ซื้อด้วยนะราคา200กว่าๆ)*เช็คชื่อทุกคาบต้องเช็คในห้องนะเขาตรวจตำแหน่งที่ตั้ง*', '1', '2', 'C3', '2', 'D3', '0', '3', '0', '0', 'เคย', '001237', 'B3', 'สอนเกี่ยวกับทักษะชีวิตที่จำเป็นต้องมี มีงานกลุ่มเป็นProjectให้ทำ ได้กลุ่มดีคือดีเลยส่วนเรื่องการนำเสนอจะมีแค่บางกลุ่มเท่านั้นเนื่องจากเวลาไม่พอแต่ทุกคนต้องเข้าฟังนะเพราะมันมีออกข้อสอบเป็นข้อเขียน', '2', '2', 'C3', '2', 'D2, D3', '1', '2', '1', '0', 'เคย', '001292', 'B1', 'ง่ายๆเลยเนื้อหาไม่ยาก มีงานกลุ่มช่วยกับออกแบบผลิตภัณฑ์รักโลกเเต่ไม่ต้องทำจริงนะแค่ไอเดียกับเสนอวิธีการทำ ส่วนนำเสนอหน้าชั้นเรียนจะมีแค่กลุ่มที่เพื่อนร่วมกันโหวตว่าชอบงานกลุ่มไหนที่สุดสัก3-5กลุ่มที่จะต้องไปนำเสนอ(เวลาเข้าคลาสเช็คteamsดีดีน้า เขาชอบแจ้งยกใกล้ๆจะถึงเวลา)', '1', '2', 'C5', '1', 'D2, D3', '1', '1', '0', '1'),
(221, '7/3/2025 16:26:28', 'คณะสถาปัตยกรรมศาสตร์ ศิลปะและการออกแบบ', '66711351', '3', 'A3, A6', 'เคย', '001238', 'B1', 'สนุก', '2', '2', 'C3', '2', 'D2', '2', '2', '1', '0', 'เคย', '001237', 'B3', 'สนุก', '2', '2', 'C3', '2', 'D3', '2', '2', '1', '0', 'เคย', '001275', 'B5', 'สนุก', '2', '2', 'C3', '2', 'D2', '2', '2', '1', '0'),
(222, '7/3/2025 16:29:45', 'คณะสังคมศาสตร์', '66244446', '3', 'A3', 'ไม่เคย', '', '', '', '', '', '', '', '', '', '', '', '', 'เคย', '001252', 'B6', 'ตอนเรียนอาจารบ์ค่อนข้างเข้มครับ ก็รู้สึกกดดันนิดเครียดหน่อยเวลาเรียน แต่เนื้อหาไม่ได้ยากคอนข้างง่ายอาจารย์ก็ออกข้อสอบไม่ได้ยากอะไรแต่จำเยิะหน่อย ใดๆที่ทำไม่ได้เกรดเพราะไม่ใส่ใจมากกว่า  เท่าที่ควร', '2', '2', 'C3', '1', 'D1', '2', '2', '1', '1', 'ไม่เคย', '', '', '', '', '', '', '', '', '', '', '', ''),
(223, '7/3/2025 16:32:27', 'คณะวิศวกรรมศาสตร์', '65363339', '4', 'A1, A3', 'ไม่เคย', '', '', '', '', '', '', '', '', '', '', '', '', 'เคย', '001234', 'B1', 'ได้เรียนรู้และเข้าใจในอารยธรรมภูมิปัญญาของแต่ละท้องถิ่นเพิ่มมากขึ้น', '0', '3', 'C3', '1', 'D3', '0', '3', '1', '0', 'เคย', '001273', 'B4', 'ได้ความรู้ทางสถิติมากขึ้น', '1', '3', 'C2', '0', 'D3', '0', '2', '2', '1'),
(224, '7/3/2025 16:33:50', 'คณะมนุษยศาสตร์', '67263644', '2', 'A3, A5, A7', 'เคย', '001222', 'B1', 'สอนเหมือนมาพูดชวนให้นักศึกษาจินตนาการหลังได้ความรู้', '1', '2', 'C3', '1', 'D3', '2', '2', '0', '1', 'เคย', '001235', 'B9', 'สอนได้เข้าใจง่าย เน้นพูด', '1', '1', 'C3', '1', 'D3', '0', '3', '0', '0', 'ไม่เคย', '', '', '', '', '', '', '', '', '', '', '', ''),
(225, '7/3/2025 16:40:14', 'คณะสังคมศาสตร์', '65244089', '4', 'A4', 'เคย', '001238', 'B3', 'เรียนสนุก ได้ความรู้ที่นำไปใช้ได้จริง', '1', '3', 'C3', '2', 'D3', '0', '3', '1', '0', 'เคย', '001232', 'B3', 'อาจารย์สอนสนุก ได้ความรู้นำไปใช้ได้จริง', '1', '3', 'C3', '2', 'D3', '0', '3', '2', '0', 'เคย', '001271', 'B4', 'ได้ความรู้เกี่ยวกับการอยู่ที่มนุษย์อยู่ร่วมกับสิ่งแวดล้อมและการรักษาทรัพยากรให้คงอยู่', '3', '2', 'C3', '2', 'D3', '2', '3', '1', '1'),
(226, '7/3/2025 18:16:39', 'คณะวิศวกรรมศาสตร์', '64366942', '4', 'A1, A2, A6', 'เคย', '001226', 'B1', 'อาจารย์ผู้สอนใจดีมากกก เรียนสนุกแต่แอบมีงานในชั่วโมงเรียนบ่อย', '3', '1', 'C4', '2', 'D1', '0', '3', '1', '0', 'ไม่เคย', '', '', '', '', '', '', '', '', '', '', '', '', 'ไม่เคย', '', '', '', '', '', '', '', '', '', '', '', ''),
(227, '7/3/2025 18:42:18', 'คณะสาธารณสุขศาสตร์', '67471636', '2', 'A1', 'เคย', '001222', 'B1', 'สอนดี ง่ายเยอะ ', '1', '2', 'C3', '0', 'D3', '0', '1', '1', '0', 'เคย', '001237', 'B1', 'อาจารย์สอนดี เข้าใจ รู้เรื่อง ตรงประเด็น ส่วนใหญ่เป็นงานกลุ่ม มีโปรเจคให้ทำ', '3', '1', 'C3', '2', 'D2, D3', '2', '3', '1', '0', 'เคย', '001274', 'B2', 'เนื้อหาเยอะมากกกก เรียนสนุกถ้าชอบเรียนเกี่ยวกับสุขภาพ เกี่ยวกับยา ', '2', '3', 'C3', '2', 'D2, D3', '2', '2', '2', '1'),
(228, '7/3/2025 20:39:01', 'คณะวิทยาศาสตร์การแพทย์', '67521140', '2', 'A2, A6', 'เคย', '001227', 'B1', 'รู้สึกดีใจที่ได้เรียน เพราะอาจารย์ใจดีและยังได้ทักษะการใช้เครื่องดนตรีด้วย', '1', '1', 'C3', '2', 'D3', '0', '3', '1', '0', 'เคย', '001236', 'B1', 'ดี เพราะได้ทำเข้าใจกับตัวเองมากขึ้นและได้เรียนรู้การใช้ชีวิตด้วย', '0', '3', 'C0', '1', 'D2', '1', '3', '0', '0', 'ไม่เคย', '', '', '', '', '', '', '', '', '', '', '', ''),
(229, '7/3/2025 21:28:15', 'คณะสหเวชศาสตร์', '66661663', '3', 'A1, A5', 'เคย', '001228', 'B1', 'ตอนแรกนึกว่าจะจอยๆ ให้เราทำงานอดิเรกของเรา ความสุขเรางี้ แต่สรุปคือเรียนงานอดิเรกของอาจารย์ทุกคนที่เวียนมาสอน ละทดลองทำงานนั้นๆจริง ตัวรายวิชาอะไม่ยาก ยากที่เรียนเช้า นอยอยู่นะ ', '3', '3', 'C4', '2', 'D1', '0', '3', '0', '0', 'เคย', '001232', 'B2', 'จารย์สอนดี สอบไม่ยาก แบบไม่ยากเลยไม่มีถามมาตราไหนเลย แถได้ก็สอบได้ เสียดายโดดบ่อยมันเรียนเช้า คะแนนเข้าคลาสเหลือ 14/20 ไม่งั้นได้ A ไปแล้ว🥹', '0', '1', 'C3', '2', 'D3', '0', '3', '1', '0', 'เคย', '001292', 'B1', 'ดีนะ ไม่มีเช็คชื่อเลย อาจารย์ยกคลาสบ่อย งานถ้าจำไม่ผิดเหมือนจะมีแต่งานกลุ่ม กลุ่มละ 8-10 คน ถ้ากลุ่มดีก็รอดเลย  ชิลมาก เนื้อหาที่เรียนก็พวกเศรฐกิจหมุนเวียน SGDs อะไรพวกนี้', '3', '0', 'C5', '2', 'D2, D3', '2', '2', '0', '1'),
(230, '7/3/2025 23:34:12', 'คณะเกษตรศาสตร์ ทรัพยากรธรรมชาติและสิ่งแวดล้อม', '67164934', '2', 'A1, A4, A5', 'เคย', '001226', 'B1', 'สนุกดี มีงานกลุ่มแค่2งาน เกี่ยวกับการท่องเที่ยวละก็มีเช็คชื่อผ่านคิวอาร์โค้ดในกลุ่ม ข้อสอบก็ง่ายหน่อย และมีเนื้อหาอีกมากมาย รวมๆแล้วก็สนุกดี', '1', '1', 'C2', '2', 'D3', '1', '2', '1', '0', 'ไม่เคย', '', '', '', '', '', '', '', '', '', '', '', '', 'เคย', '001279', 'B3', 'สนุก เข้าใจง่าย เนื้อหาไม่ยาก เนื้อหาเดียวกับตอนเรียนมัธยม', '1', '2', 'C2', '1', 'D3', '1', '2', '0', '1'),
(231, '7/4/2025 0:19:38', 'คณะสถาปัตยกรรมศาสตร์ ศิลปะและการออกแบบ', '67711602', '2', 'A3, A5, A6', 'เคย', '001224', 'B1', 'ไม่มีเช็คชื่อ เป็นวิชาที่เก็บaง่ายแต่คะแนนส่วนใหญ่จะคิดจากงาน มีงานเกือบทุกอาทิตย์แต่ถ้าทำงานตรงโจทย์ออกมาดีก็ได้คะแนนเยอะ ส่งเลทได้นิดหน่อย แต่สำหรับนิสิตที่เรียนคณะสถาปัตย์จะเหมือนมีงานคณะเพิ่มมาอีกตัว เนื้อหาข้อสอบมีตามสไลด์ของอาจารย์เลย', '1', '1', 'C3', '0', 'D3', '0', '2', '1', '0', 'ไม่เคย', '', '', '', '', '', '', '', '', '', '', '', '', 'เคย', '001291', 'B5', 'เนื้อหาอาจจะเยอะหน่อย แต่ตอนสอบถ้าอ่านมาก็ได้คะแนนเยอะอยู่ ออกตามสไลด์', '2', '2', 'C2', '0', 'D3', '0', '2', '1', '1'),
(232, '7/4/2025 14:46:18', 'คณะวิทยาศาสตร์', '63311905', '4', 'A5', 'เคย', '001253', 'B6', 'ใครที่สนใจเกี่ยวกับสร้างธุรกิจเป็นของตัวเองหรือสนใจในเรื่องการวางแผนธุรกิจแนะนำเลยค่ะ', '3', '1', 'C3', '1', 'D1', '2', '3', '1', '0', 'ไม่เคย', '', '', '', '', '', '', '', '', '', '', '', '', 'ไม่เคย', '', '', '', '', '', '', '', '', '', '', '', ''),
(233, '7/4/2025 14:47:44', 'คณะวิทยาศาสตร์', '67312458', '2', 'A1, A2, A5', 'เคย', '001226', 'B1', 'ให้งานกลางๆ งานกลุ่มใหญ่ 1 งาน อาจารย์ใจดี พยายามส่งงานให้ครบก็เก็บ A ง่ายมาก', '1', '2', 'C3', '2', 'D3', '1', '1', '0', '0', 'เคย', '001232', 'B2', 'ส่วนใหญ่อาจารย์จะออกข้อสอบในสไลด์ ถ้าตั้งใจอ่านนิดหน่อยช่วงสอบก็เก็บ a ได้', '1', '1', 'C3', '2', 'D3', '0', '2', '1', '0', 'เคย', '001279', 'B3', 'สั่งงานบ่อยแต่ไม่ทุกอาทิตย์ ข้อสอบไม่ยากส่วนมากเป็นวิทย์พื้นฐาน มีโปรเจคใหญ่เป็นงานสุดท้าย', '1', '2', 'C3', '1', 'D3', '1', '1', '1', '1'),
(234, '7/3/2025 14:59:12', 'คณะสาธารณสุขศาสตร์', '66473525', '3', 'A1, A3, A6', 'เคย', '001227', 'B1', 'สนุก', '2', '3', 'C2', '2', 'D2', '1', '3', '1', '0', 'เคย', '001234', 'B1', 'ยาก เบื่อ', '3', '3', 'C3', '2', 'D3', '0', '2', '2', '0', 'ไม่เคย', '', '', '', '', '', '', '', '', '', '', '', '');
INSERT INTO `testtt` (`id`, `timestamp`, `faculty_ID`, `student_ID`, `student_level`, `interestd`, `hGroup`, `hSubject_ID`, `hGrade_ID`, `hReview`, `hGroupWork_ID`, `hSoloWork_ID`, `hExam_ID`, `hAttendance_ID`, `hInstruction_ID`, `hPresent_ID`, `hExperience_ID`, `hChallenge_ID`, `hTime_ID`, `sGroup`, `sSubject_ID`, `sGrade_ID`, `sReview`, `sGroupWork_ID`, `sSoloWork_ID`, `sExam_ID`, `sAttendance_ID`, `sInstruction_ID`, `sPresent_ID`, `sExperience_ID`, `sChallenge_ID`, `sTime_ID`, `smGroup`, `smSubject_ID`, `smGrade_ID`, `smReview`, `smGroupWork_ID`, `smSoloWork_ID`, `smExam_ID`, `smAttendance_ID`, `smInstruction_ID`, `smPresent_ID`, `smExperience_ID`, `smChallenge_ID`, `smTime_ID`) VALUES
(235, '7/3/2025 14:19:28', 'คณะมนุษยศาสตร์', '65261796', '4', 'A1, A7', 'เคย', '001222', 'B5', 'สนุก งานง่าย ', '2', '2', 'C3', '0', 'D2', '0', '2', '1', '1', 'เคย', '001251', 'B5', 'สนุก รู้จักผู้คนมากขึ้น', '3', '0', 'C5', '2', 'D2, D3', '3', '2', '2', '0', 'เคย', '001292', 'B1', 'งานง่าย ', '3', '2', 'C5', '2', 'D2', '2', '3', '2', '0'),
(236, '7/3/2025 14:20:19', 'คณะมนุษยศาสตร์', '66261740', '3', 'A4, A5', 'เคย', '001222', 'B4', 'สนุก ', '1', '2', 'C3', '0', 'D3', '0', '2', '0', '0', 'เคย', '001234', 'B3', 'สนุก ได้ความรู้ในด้านประวัติศาสตร์', '1', '2', 'C3', '0', 'D2, D3', '0', '2', '1', '0', 'เคย', '001291', 'B4', 'ได้รู้การคำนวณโภคชนาการเป็น เราควรทานอะไรถึงจะมีประโยชน์กับตัวเอง', '1', '2', 'C3', '1', 'D2, D3', '1', '2', '1', '1'),
(237, '7/3/2025 14:21:30', 'คณะมนุษยศาสตร์', '64710868', '3', 'A1, A3, A7', 'เคย', '001228', 'B1', 'สนุกและเข้าใจง่าย ได้ลองทำงานที่ไม่เคยทำถือได้ว่าเป็นการได้เปิดโอกาสให้ตัวเองได้ลองทำสิ่งใหม่ๆ', '2', '2', 'C4', '2', 'D2', '2', '3', '1', '1', 'เคย', '001236', 'B1', 'ได้ทำความเข้าใจตัวเองมากขึ้น ได้รู้จักการจัดการการเงิน การใช้ชีวิตที่มากขึ้น เรียนสนุกมากค่ะ', '0', '3', 'C7', '2', 'D2, D3', '2', '3', '1', '0', 'เคย', '001291', 'B4', 'ได้นำความรู้จากการคำนวณโภชนาการมาใช้ในชีวิตประจำวันได้ค่ะ', '2', '2', 'C2', '2', 'D2, D3', '2', '2', '1', '1'),
(238, '7/4/2025 14:51:53', 'คณะวิทยาศาสตร์', '67310898', '2', 'A2, A4', 'เคย', '001222', 'B2', 'รู้สึกเรียลชิลๆ ไม่เข้าก็ได้', '1', '1', 'C3', '0', 'D3', '0', '2', '1', '0', 'เคย', '001237', 'B1', 'เรียนง่ายมาก รู้สึกสนุก', '3', '3', 'C5', '1', 'D2', '1', '2', '1', '0', 'เคย', '001271', 'B1', 'ง่ายมาก', '2', '2', 'C0', '0', 'D3', '0', '2', '1', '0'),
(239, '7/4/2025 14:51:54', 'คณะวิทยาศาสตร์', '67313684', '2', 'A5', 'เคย', '001227', 'B1', 'วิชานี้สนุกมาก อาจารย์เป็นกันเอง อารมณ์ขัน สั่งงานง่ายๆ ข้อสอบออกตามที่สอน เข้าเรียนแล้วมีความสุข ', '2', '2', 'C3', '2', 'D2', '2', '3', '1', '0', 'เคย', '001237', 'B1', 'ง่าย ', '3', '3', 'C5', '1', 'D2', '2', '2', '1', '0', 'เคย', '001271', 'B1', 'ง่าย', '2', '2', 'C0', '0', 'D3', '0', '2', '1', '0'),
(240, '7/4/2025 14:53:18', 'คณะวิทยาศาสตร์', '67317156', '2', 'A2, A4, A5', 'เคย', '001226', 'B1', 'ได้รับความรู้จากการใช้งานในแอฟพลิเคชั่นต่างๆ ช่วยในการทำงานวางแผนภายในอนาคต', '2', '0', 'C5', '2', 'D2', '2', '3', '1', '0', 'ไม่เคย', '', '', '', '', '', '', '', '', '', '', '', '', 'ไม่เคย', '', '', '', '', '', '', '', '', '', '', '', ''),
(241, '7/4/2025 15:01:54', 'คณะวิทยาศาสตร์', '67316012', '2', 'A1, A3, A6', 'เคย', '001226', 'B1', 'วิชานี้แนะนำให้เลือกกลุ่มดีๆ เพราะว่ามักจะมีเพื่อนที่มาเกาะกลุ่มเพื่อคะแนน ​แต่พอมีปัญหาจริงๆ​แนะนำให้ถามอาจารย์หรือปรึกษาอาจารย์ได้​เพราะจากที่เคยเรียนวิชานี้​เพื่อนไม่เคยช่วยเหลืออะไรเลย​จึงได้ทำการปรึกษาอาจารย์ อาจารย์ให้เราทำกันเท่าที่มีแทน และได้หักคะแนนเพื่อนๆ', '2', '1', 'C3', '2', 'D2', '1', '3', '0', '0', 'เคย', '001234', 'B9', 'เป็นความรู้ทั่วๆไปที่เราเคยเรียน ​เน้นเขียนเป็นส่วนใหญ่​งานไม่ค่อยเยอะเพราะสั่งทีเดียว​', '1', '1', 'C3', '1', 'D2, D3', '1', '3', '1', '0', 'ไม่เคย', '', '', '', '', '', '', '', '', '', '', '', ''),
(242, '7/4/2025 15:02:48', 'คณะวิทยาศาสตร์', '67310621', '2', 'A6', 'เคย', '001222', 'B3', 'รู้สึกเรียนง่ายอยู่แต่ถ้าอยากได้เกรดเยอะต้องสอบให้ได้', '2', '1', 'C3', '0', 'D2', '0', '2', '1', '0', 'เคย', '001252', 'B3', 'ต้องสอบได้ถึงจะได้เกรดดี', '1', '3', 'C3', '0', 'D2', '0', '2', '1', '1', 'ไม่เคย', '', '', '', '', '', '', '', '', '', '', '', ''),
(243, '7/4/2025 15:05:18', 'คณะวิทยาศาสตร์', '66312091', '3', 'A1', 'เคย', '001228', 'B1', 'สนุกได้ความรู้', '3', '0', 'C4', '2', 'D1', '2', '2', '1', '0', 'เคย', '001237', 'B1', 'สนุก', '3', '0', 'C3', '2', 'D3', '3', '3', '1', '1', 'เคย', '001273', 'B6', 'ได้ทบทวนบทเรียน', '1', '3', 'C3', '0', 'D3', '0', '2', '1', '1'),
(244, '7/4/2025 15:12:27', 'คณะวิทยาศาสตร์', '67311079', '2', 'A1', 'เคย', '001222', 'B4', '-', '0', '2', 'C2', '0', 'D1', '0', '2', '1', '0', 'ไม่เคย', '', '', '', '', '', '', '', '', '', '', '', '', 'ไม่เคย', '', '', '', '', '', '', '', '', '', '', '', ''),
(245, '7/4/2025 15:14:16', 'คณะวิทยาศาสตร์', '67311604', '2', 'A6', 'เคย', '001226', 'B4', 'รู้สึกแปลกใหม่ในช่วง ปี1 เพราะ มีอาจารย์สอนหลายคน ทำให้การเรียนนั้นไม่ซ้ำกันมากนัก', '2', '2', 'C3', '1', 'D2', '2', '2', '0', '1', 'เคย', '001251', 'B5', 'ทำให้รู้จักเพื่อนใหม่ๆ', '3', '2', 'C3', '1', 'D3', '3', '3', '0', '1', 'เคย', '001291', 'B5', 'รู้สึกมีความรู้เกี่ยวกับของที่กิน', '2', '2', 'C3', '2', 'D3', '2', '2', '1', '1'),
(246, '7/4/2025 15:15:30', 'คณะวิทยาศาสตร์', '67311918', '2', 'A5, A6', 'เคย', '001226', 'B4', 'เอาตรงๆผมก็จำไม่ได้ว่าตอนนั้นเวลาเรียนรู้สึกอย่างไร แต่เนื้อหามีประโยชน์อยู่บ้าง', '1', '2', 'C3', '1', 'D3', '2', '2', '1', '1', 'เคย', '001251', 'B5', 'การเข้าสังคม', '3', '2', 'C3', '1', 'D2', '2', '3', '1', '1', 'เคย', '001291', 'B4', 'บอกองค์ประกอบอาหาร และการดูฉลาก เรียนรู้สัญลักษณ์บนฉลาก และองค์กรบริหาร ผู้ดูแล กฎหมายเล็กๆน้อยเกี่ยวกับอาหาร ค่าแคลของอาหารที่บริโภค', '2', '1', 'C3', '1', 'D3', '1', '2', '1', '1'),
(247, '7/3/2025 15:00:41', 'คณะสาธารณสุขศาสตร์', '67471247', '2', 'A1, A3', 'เคย', '001222', 'B2', 'รู้สึกได้ความรู้เข้าใจง่าย', '2', '2', 'C3', '0', 'D2', '0', '2', '0', '0', 'เคย', '001234', 'B3', 'ไม่ยากเข้าใจง่าย', '3', '3', 'C3', '0', 'D3', '0', '2', '0', '0', 'ไม่เคย', '', '', '', '', '', '', '', '', '', '', '', ''),
(248, '7/4/2025 15:54:36', 'คณะเภสัชศาสตร์', '67210150', '2', 'A1, A2, A3', 'เคย', '001331', 'B1', 'ได้รู้จักเพื่อนเยอะมากๆ ฝึกความสามัคคี', '2', '2', 'C1', '2', 'D2', '2', '2', '1', '0', 'เคย', '001234', 'B1', 'ได้รู้จักความเป็นมาของมหาลัย ', '1', '3', 'C3', '1', 'D2', '1', '2', '1', '0', 'เคย', '001279', 'B1', 'ได้เรียนรู้ทบทวนความรู้', '2', '2', 'C3', '1', 'D3', '1', '2', '1', '0'),
(249, '7/4/2025 16:00:03', 'คณะวิศวกรรมศาสตร์', '66362461', '3', 'A3, A6', 'เคย', '001332', 'B1', 'เก็บเกรดง่ายอาจารย์ก็ใจดี ปล่อยไว มีทำworkshop เบื้องต้น', '2', '2', 'C3', '1', 'D2', '0', '2', '1', '0', 'ไม่เคย', '', '', '', '', '', '', '', '', '', '', '', '', 'เคย', '001272', 'B3', 'เป็นวิชาชิลๆ นั่งฟังบรรยาย และก็มีแลปเล็กน้อย', '0', '2', 'C2', '0', 'D3', '0', '2', '1', '1'),
(250, '7/4/2025 16:00:46', 'คณะแพทยศาสตร์', '67460876', '2', 'A1, A2, A4', 'เคย', '001227', 'B1', 'อาจารย์ใจดีมากๆ เป็นกันเอง เรียนสบาย ได้ความรู้ ได้กลับมาจับขลุ่ยทั้งที่ไม่ได้จับมาสักพักแล้ว รู้สึกไม่เครียดไม่กดดันเลย ส่วนคะแนนถ้าตั้งใจเรียนตั้งใจฟังมาเข้าเรียนให้ครบก็ได้ A แล้ว', '1', '3', 'C3', '2', 'D3', '1', '3', '1', '0', 'เคย', '001234', 'B1', 'รู้สึกว่าก็โอเคอยู่เรื่องคะแนน ถ้ามาเรียนตั้งใจทำงานส่งตามเงื่อนไขก็ได้แล้ว แต่ว่าอาจารย์ค่อนข้างจะพูดแรง พี่ TA ก็แอบแรง งานบางอย่างก็แบบงงๆ แต่ทนๆ ฟังไปเถอะ', '1', '3', 'C3', '1', 'D1, D2', '0', '2', '1', '0', 'เคย', '001277', 'B1', 'สนุกดี ได้ความรู้เยอะ แล้วก็ได้ทำอะไรหลายอย่าง แต่งานแอบเยอะ', '1', '3', 'C3', '1', 'D3', '1', '2', '1', '1'),
(251, '7/4/2025 16:01:35', 'คณะเภสัชศาสตร์', '67211294', '2', 'A4', 'เคย', '001222', 'B1', 'สบายม้ากกกกกกก เนื้อหาออกสอบทั่วไปแบบที่เรารู้อยู่แล้ว เรื่องภาษาสังคมและวัฒนธรรม ไม่หนักสมอง', '1', '2', 'C3', '0', 'D3', '0', '2', '0', '0', 'เคย', '001231', 'B1', 'สนุกๆเจอเพื่อนใหม่ๆๆๆ', '3', '0', 'C3', '2', 'D3', '3', '3', '1', '0', 'เคย', '001279', 'B2', 'ความรู้วิทยาศาสตร์ ม.ปลายเรื่องดินฟ้าอากาศแสฃ', '1', '1', 'C3', '0', 'D3', '0', '2', '0', '1'),
(252, '7/4/2025 16:03:03', 'คณะสาธารณสุขศาสตร์', '67470752', '2', 'A1, A4', 'เคย', '001222', 'B3', 'ดีค่ะ แต่คะแนนให้ยาก คะแนนคือไม่ปัดเรย ', '2', '1', 'C3', '1', 'D2', '0', '0', '1', '0', 'ไม่เคย', '', '', '', '', '', '', '', '', '', '', '', '', 'ไม่เคย', '', '', '', '', '', '', '', '', '', '', '', ''),
(253, '7/4/2025 16:04:31', 'คณะพยาบาลศาสตร์', '67560316', '2', 'A1, A2, A5', 'เคย', '001226', 'B3', 'ค่อนข้างยาก ข้อสอบอยู่ในสไลด์', '1', '3', 'C2', '0', 'D3', '0', '3', '1', '0', 'เคย', '001234', 'B1', 'ได้A ง่ายอาจายเดี มีแบบฝึกหัดให้ทำ', '1', '3', 'C3', '1', 'D3', '0', '3', '1', '0', 'เคย', '001275', 'B1', 'ข้อสอบออกในสไลด์ ต้องอ่านเยอะ ข้อสอบเยอะมาก', '2', '2', 'C3', '0', 'D3', '0', '3', '2', '1'),
(254, '7/4/2025 16:07:06', 'คณะสาธารณสุขศาสตร์', '66473136', '3', 'A1', 'เคย', '001227', 'B1', 'สนุกสนาน ไม่เครียด ร้องเพลง', '1', '1', 'C3', '2', 'D3', '0', '3', '1', '0', 'เคย', '001234', 'B3', 'เข้าใจง่าย', '3', '2', 'C3', '1', 'D3', '0', '2', '1', '0', 'เคย', '001275', 'B3', 'สนุก อาจารย์ใจดี', '2', '2', 'C3', '2', 'D3', '2', '2', '1', '1'),
(255, '7/4/2025 16:14:57', 'คณะสาธารณสุขศาสตร์', '66473204', '3', 'A1, A3, A6', 'เคย', '001222', 'B6', 'ยากมาก', '2', '3', 'C3', '0', 'D2', '0', '1', '1', '1', 'เคย', '001237', 'B1', 'Aง่าย เน้นงานกลุ่ม', '3', '3', 'C3', '0', 'D2, D3', '1', '3', '1', '1', 'เคย', '001275', 'B5', 'ยาก ', '3', '3', 'C3', '1', 'D2, D3', '1', '2', '1', '1'),
(256, '7/4/2025 16:18:12', 'คณะสาธารณสุขศาสตร์', '67472909', '2', 'A1, A3', 'เคย', '001222', 'B3', 'รู้สึกว่าถ้าฟังก็รู้เรื่อง ไม่ได้ยากมากแต่เยอะ', '2', '1', 'C3', '0', 'D2', '0', '2', '1', '0', 'เคย', '001239', 'B2', 'สนุกมาก มีอต่ความสนุกงานไม่ยาก มีวิทยากรจากข้างนอกมาบ้าง อาจารย์น่ารักเข้าใจนิสิต ออกแนวเรียนจิตวิทยา แฟชั่น บุคลิก สนุกมากจริงๆ ', '1', '1', 'C5', '1', 'D2, D3', '1', '3', '0', '0', 'เคย', '001275', 'B4', 'ถ้าเรียนก้เข้าใจจ', '3', '2', 'C3', '1', 'D2, D3', '1', '3', '1', '0'),
(257, '7/4/2025 16:19:28', 'คณะสถาปัตยกรรมศาสตร์ ศิลปะและการออกแบบ', '67712142', '2', 'A3, A4', 'เคย', '001227', 'B1', 'รู้สึกตื่นเต้นได้ทำอะไรใหม่ๆได้ลองเป่าคลุยลองทำงานเป็นกลุ่มใหญ่ๆ100กว่าคน', '1', '1', 'C2', '2', 'D3', '0', '3', '1', '0', 'เคย', '001233', 'B9', 'เพิ่งเรียนได้2คาบ', '2', '1', 'C3', '1', 'D3', '1', '2', '1', '0', 'เคย', '001272', 'B6', 'การทำความเข้าใจโปรอกรมต่างๆ', '0', '3', 'C3', '0', 'D3', '0', '3', '2', '1'),
(258, '7/4/2025 16:29:22', 'คณะนิติศาสตร์', '65191529', '4', 'A1, A2, A3', 'ไม่เคย', '', '', '', '', '', '', '', '', '', '', '', '', 'เคย', '001237', 'B1', 'สนุกดีค่ะได้รับข้อมูลในด้านการใช้ชีวิตเยอะขึ้น', '2', '2', 'C3', '2', 'D2', '2', '2', '0', '0', 'ไม่เคย', '', '', '', '', '', '', '', '', '', '', '', ''),
(259, '7/4/2025 16:29:23', 'คณะนิติศาสตร์', '65190706', '4', 'A4, A7', 'เคย', '001222', 'B1', 'สนุกสนาน ได้ความรู้ใหม่ๆ', '1', '2', 'C3', '1', 'D3', '0', '2', '1', '0', 'เคย', '001251', 'B1', 'สนุก ตลก ได้ความรู้', '1', '3', 'C3', '1', 'D3', '1', '2', '1', '0', 'เคย', '001275', 'B1', 'สนุก เรียนสบายๆ', '2', '3', 'C3', '1', 'D3', '1', '3', '1', '1'),
(260, '7/4/2025 16:29:29', 'คณะนิติศาสตร์', '65190263', '4', 'A1, A2, A3', 'เคย', '001227', 'B1', 'รู้สึกสนุก อาจารย์สอนเข้าใจ และไม่เครียด', '1', '3', 'C3', '0', 'D3', '0', '2', '1', '0', 'เคย', '001237', 'B1', 'น่าเบื่อ เนื้อหาเยอะมาก', '3', '2', 'C2', '0', 'D3', '1', '2', '0', '0', 'เคย', '001292', 'B1', 'อาจารย์หัวโบราณ ไม่รับฟังเด็ก', '1', '3', 'C2', '0', 'D3', '0', '1', '1', '0'),
(261, '7/4/2025 16:29:35', 'คณะนิติศาสตร์', '65191727', '4', 'A7', 'ไม่เคย', '', '', '', '', '', '', '', '', '', '', '', '', 'เคย', '001237', 'B5', 'ทำให้ได้รู้จักทักษะของตัวเอง ว่ามีทักษะในด้านใด', '2', '1', 'C6', '2', 'D3', '2', '3', '1', '1', 'ไม่เคย', '', '', '', '', '', '', '', '', '', '', '', ''),
(262, '7/4/2025 16:30:22', 'คณะสหเวชศาสตร์', '67660504', '2', 'A1, A3, A6', 'เคย', '001222', 'B3', 'ไม่โอเคกับคะแนนและงานที่ให้ทำ', '1', '0', 'C3', '0', 'D3', '0', '0', '1', '0', 'เคย', '001236', 'B1', 'ดีมากกกกอาจารย์ใจดีทุกคน ', '0', '3', 'C0', '2', 'D3', '0', '3', '1', '0', 'เคย', '001277', 'B5', 'ยากมากๆๆ  ', '1', '1', 'C3', '1', 'D2', '1', '2', '2', '1'),
(263, '7/4/2025 16:30:23', 'คณะมนุษยศาสตร์', '65262755', '4', 'A4, A5', 'เคย', '001227', 'B1', 'สนุกมากกก อาจารย์มีอารมณ์ขัน ซึ่งทำให้บรรยากาศการเรีบนสนุกมากขึ้น นิสิตท่านใดที่ต้องการวิชาที่เบาสมองและยังได้ความรู้เกี่ยวกับดนตรีไทยในชีวิตประจำวันก็สามารถลงเรียนได้', '1', '2', 'C3', '2', 'D3', '0', '3', '1', '0', 'เคย', '001237', 'B1', 'ชิล นิสิตจะมีแรงบันดาลใจมากขึ้น แนะนำค่ะ', '2', '1', 'C5', '2', 'D2', '1', '2', '1', '0', 'เคย', '001271', 'B3', 'แอบยากสำหรับเด็กสายมนุษยศาสตร์และสังคมศาสตร์ แต่สามารถปรับได้กับชีวิตประจำวัน', '2', '1', 'C3', '1', 'D2', '1', '1', '2', '1'),
(264, '7/4/2025 16:30:41', 'คณะนิติศาสตร์', '65192830', '4', 'A3, A6, A7', 'เคย', '001224', 'B3', 'วาดรูป ออกแบบ', '3', '2', 'C2', '0', 'D1', '1', '1', '1', '0', 'เคย', '001234', 'B1', 'รู้วัฒนธรรม', '2', '2', 'C2', '2', 'D2', '0', '2', '2', '0', 'ไม่เคย', '', '', '', '', '', '', '', '', '', '', '', ''),
(265, '7/4/2025 16:32:29', 'คณะนิติศาสตร์', '65191574', '4', 'A1, A3, A5', 'เคย', '001224', 'B4', 'สนุกกับการวาดรูป', '3', '3', 'C3', '0', 'D1', '0', '3', '1', '0', 'เคย', '001239', 'B2', 'ได้นำเสนอหน้าห้องเรียน ทักษะกับเพื่อนใหม่ๆ', '3', '1', 'C0', '0', 'D2', '3', '3', '1', '0', 'เคย', '001274', 'B2', 'ได้รู้เรื่องเกี่ยวกับเคมี', '2', '3', 'C3', '2', 'D3', '2', '3', '1', '1'),
(266, '7/4/2025 15:17:53', 'คณะวิทยาศาสตร์', '67311581', '2', 'A3, A5, A6', 'เคย', '001228', 'B1', 'รู้สึกว่าเป็นวิชาที่ชิว เหมาะกับการเก็บAค่ะ แต่ก็ต้องลุ้นเอาว่าจะได้กลุ่มดีหรือไม่ดีเพราะว่าเลือกกลุ่มเองไม่ได้ น่าจะจัดกลุ่มกับเรียงเลขที่ตามคณะ', '3', '1', 'C4', '2', 'D1', '1', '3', '0', '0', 'เคย', '001237', 'B1', 'เป็นวิชาที่การเข้าเรียนถือว่าชิว เพราะอาจารย์จะให้เข้าคลาสแค่ช่วงแรกๆแล้วก็สั่งงาน หลังจากนั้นก็ไม่ค่อยได้เข้าคลาสเพราะอาจารย์จะปล่อยให้ทำงาน แต่งานชิ้นใหญ่คือโปรเจคกลุ่ม แต่ไม่ยากมากเพราะอาจารย์ไม่ค่อยซีเรียส ทำแบบที่ตัวเองคิดว่าดีได้เลย', '3', '1', 'C3', '1', 'D2', '1', '3', '1', '0', 'เคย', '001272', 'B2', 'ก็เหมือนจะง่ายแต่ก็ต้องมีความเข้าใจในเนื้อหาอยู่พอสมควร เพราะเก็บคะแนนจากการทำงานในคาบ', '1', '3', 'C3', '1', 'D3', '1', '2', '1', '1'),
(267, '7/4/2025 16:23:39', 'คณะสหเวชศาสตร์', '67661891', '2', 'A1, A6, A7', 'เคย', '001332', 'B1', 'วิชาค่อยข้างโอเคเนื้อหาไม่ยากมากมีงานใหญ่1งานไม่ยากมาก', '3', '0', 'C3', '1', 'D1', '0', '2', '1', '0', 'เคย', '001232', 'B1', 'ง่ายไม่ยาก', '1', '0', 'C3', '2', 'D3', '2', '2', '0', '0', 'เคย', '001277', 'B3', 'เนื้อหาค่อยข้างแต่เป็นเรื่องที่เจอได้ในชีวิตจริง', '2', '2', 'C3', '0', 'D3', '0', '3', '2', '1'),
(268, '7/4/2025 16:24:06', 'คณะศึกษาศาสตร์', '65412983', '4', 'A1', 'เคย', '001276', 'B1', 'รู้สึกดีมากค่ะ ชิวๆมาก เรียนไม่เครียด', '2', '3', 'C3', '1', 'D2', '0', '2', '1', '1', 'เคย', '001234', 'B1', 'เรียนง่าย เนื้อหาเยอะ แต่ง่าย', '0', '3', 'C3', '0', 'D3', '0', '3', '1', '0', 'เคย', '001272', 'B1', 'กังวลนิดหน่อย แต่ไม่อยากอย่างที่คิด', '0', '2', 'C3', '0', 'D3', '0', '2', '1', '0'),
(269, '7/3/2025 15:14:06', 'คณะเภสัชศาสตร์', '65210510', '4', 'A1, A5', 'เคย', '001253', 'B1', 'รู้สึกนำความรู้ไปประยุกต์ใช้ได้ดีกับสาขา', '3', '1', 'C3', '2', 'D1', '0', '3', '1', '0', 'ไม่เคย', '', '', '', '', '', '', '', '', '', '', '', '', 'เคย', '001279', 'B1', 'ดี', '1', '1', 'C2', '0', 'D3', '0', '2', '1', '0'),
(270, '7/3/2025 15:14:29', 'คณะวิทยาศาสตร์การแพทย์', '66521882', '3', 'A1, A2, A3', 'เคย', '001238', 'B1', 'ก็ดีครับ', '3', '1', 'C3', '1', 'D1', '2', '2', '1', '0', 'เคย', '001237', 'B1', 'ดีครับ', '3', '1', 'C3', '2', 'D3', '3', '3', '1', '0', 'เคย', '001274', 'B1', 'สนุกครัย', '1', '2', 'C3', '2', 'D2, D3', '2', '2', '1', '0'),
(271, '7/4/2025 15:33:10', 'คณะวิทยาศาสตร์', '65313259', '4', 'A2', 'เคย', '001226', 'B3', 'เป็นวิชาที่เรียนง่าย', '2', '1', 'C3', '2', 'D2', '1', '1', '1', '0', 'เคย', '001351', 'B1', 'เป็นวิชาที่ดีแต่ต้องเข้าเรียนทุกคาบ', '3', '1', 'C5', '2', 'D3', '3', '2', '1', '0', 'เคย', '001271', 'B1', 'เป็นวิชาที่ดีเรียนง่าย', '3', '1', 'C3', '2', 'D2, D3', '2', '2', '1', '1'),
(272, '7/4/2025 15:44:38', 'คณะวิศวกรรมศาสตร์', '67361913', '2', 'A1, A3, A6', 'เคย', '001222', 'B5', 'ค่อนข้างไม่รู้เรื่อง', '3', '0', 'C3', '0', 'D1', '3', '0', '2', '0', 'ไม่เคย', '', '', '', '', '', '', '', '', '', '', '', '', 'ไม่เคย', '', '', '', '', '', '', '', '', '', '', '', ''),
(273, '7/3/2025 15:15:32', 'คณะวิทยาศาสตร์การแพทย์', '67520587', '2', 'A1, A3, A7', 'เคย', '001227', 'B1', 'สนุกดีครับ', '1', '2', 'C3', '2', 'D3', '2', '3', '0', '0', 'เคย', '001232', 'B1', 'ดี', '2', '2', 'C3', '2', 'D3', '1', '2', '1', '0', 'ไม่เคย', '', '', '', '', '', '', '', '', '', '', '', ''),
(274, '7/4/2025 16:24:47', 'คณะทันตแพทยศาสตร์', '67610462', '2', 'A5', 'เคย', '001222', 'B2', 'วิชาดึงเกรด ออกข้อสอบยาก', '1', '2', 'C3', '0', 'D3', '0', '0', '2', '0', 'ไม่เคย', '', '', '', '', '', '', '', '', '', '', '', '', 'ไม่เคย', '', '', '', '', '', '', '', '', '', '', '', ''),
(275, '7/4/2025 15:46:22', 'คณะวิศวกรรมศาสตร์', '66363123', '3', 'A1, A2', 'เคย', '001226', 'B2', 'ประทับใจในการสอนละการใช้สื่อ', '1', '2', 'C3', '1', 'D3', '1', '1', '0', '0', 'ไม่เคย', '', '', '', '', '', '', '', '', '', '', '', '', 'ไม่เคย', '', '', '', '', '', '', '', '', '', '', '', ''),
(276, '7/3/2025 15:17:00', 'คณะวิทยาศาสตร์การแพทย์', '67520617', '2', 'A2, A3, A5', 'เคย', '001224', 'B3', 'งานเดี่ยวเยอะมาก เป็นศิลปะที่ครอบคลุมแทบจะทุกอย่าง มีงานกลุ่มแต่มีแค่งานเดียว น่าเบื่อหน่อย ถ้าชอบก็ถือว่าโอเค ไม่ขี้เกียจก็พอ', '1', '3', 'C2', '0', 'D3', '0', '2', '1', '0', 'ไม่เคย', '', '', '', '', '', '', '', '', '', '', '', '', 'เคย', '001273', 'B4', 'ต่างจากที่คาดเรียนวิชานี่ตอนเทอม2 คิดว่าอาจจะคล้ายๆเทอมแรกที่เรียน แต่สรุป โอ้มายกอด ฟีลๆเรียนบัญชี ไม่ได้มีพวกเนื้อหาม.ปลายเยอะ ', '1', '2', 'C2', '0', 'D3', '0', '2', '1', '1'),
(277, '7/4/2025 16:42:28', 'คณะเภสัชศาสตร์', '64211952', '4', 'A1, A3', 'เคย', '001227', 'B1', 'เรียนสบายๆ อาจารย์อารมณ์ดี มีส่งแบบฝึกหัด มีสอบเป่าขลุ่ย มีสอบกลางภาค-ปลายภาค แต่แนวข้อสอบเหมือนที่สอนในห้อง ไม่เครียดมาก เก็บAง่าย', '3', '1', 'C3', '0', 'D1', '1', '2', '0', '0', 'เคย', '001254', 'B1', 'เนื้อหาเยอะมาก เป็นวิชาที่บังคับลง รู้สึกไม่มีความสนใจ ในเรื่องนี้', '0', '3', 'C3', '0', 'D3', '0', '0', '1', '0', 'ไม่เคย', '', '', '', '', '', '', '', '', '', '', '', ''),
(278, '7/4/2025 16:45:52', 'คณะเภสัชศาสตร์', '64210634', '4', 'A2', 'เคย', '001227', 'B1', 'สนุกมากได้ลองทำอะไรใหม่ๆ', '1', '2', 'C3', '2', 'D3', '2', '3', '1', '0', 'เคย', '001237', 'B1', 'รู้สึกได้ลองทำอะไรที่ตัวเองชอบและได้รู้จักเพื่อนใหม่ๆ', '3', '1', 'C4', '2', 'D3', '1', '3', '0', '0', 'เคย', '001273', 'B1', 'ได้ทบทวนความรู้ตอนมัธยมปลายและมีบางหัวข้อเช่นการคิดภาษี สามารถนำไปใช้ได้จริง', '1', '3', 'C2', '0', 'D3', '0', '2', '1', '0'),
(279, '7/4/2025 16:52:26', 'คณะทันตแพทยศาสตร์', '64610328', '4', 'A1, A4', 'ไม่เคย', '', '', '', '', '', '', '', '', '', '', '', '', 'ไม่เคย', '', '', '', '', '', '', '', '', '', '', '', '', 'เคย', '001279', 'B1', 'ตั้งใจเรียนครับ เนื้อหาก็หลากหลาย', '1', '1', 'C3', '0', 'D3', '0', '2', '1', '1'),
(280, '7/4/2025 16:52:58', 'คณะเภสัชศาสตร์', '64311341', '4', 'A5', 'เคย', '001227', 'B1', 'สนุกมาก', '2', '1', 'C3', '1', 'D2', '0', '3', '1', '0', 'เคย', '001254', 'B1', 'สนุก', '2', '2', 'C2', '0', 'D3', '0', '2', '0', '0', 'เคย', '001273', 'B1', 'สนุก', '2', '2', 'C3', '0', 'D3', '0', '2', '0', '1'),
(281, '7/4/2025 16:59:01', 'คณะสหเวชศาสตร์', '67661464', '2', 'A1', 'ไม่เคย', '', '', '', '', '', '', '', '', '', '', '', '', 'เคย', '001234', 'B1', 'สบายๆชิวๆเข้าห้องเรียนทำงานส่งถึงงานจะเยอะแต่งานง่าย', '1', '3', 'C3', '0', 'D2', '0', '1', '0', '0', 'เคย', '001273', 'B4', 'ชิวๆ', '1', '2', 'C2', '0', 'D3', '0', '1', '1', '1'),
(282, '7/4/2025 17:03:52', 'คณะเกษตรศาสตร์ ทรัพยากรธรรมชาติและสิ่งแวดล้อม', '66161910', '3', 'A1', 'เคย', '001227', 'B1', 'รู้สึกเรียนแล้วไม่เครียด อาจารย์สอนสนุกเฮฮาไม่มีการสุ่มถามหรือกดดันเลย ', '1', '2', 'C3', '2', 'D3', '0', '3', '1', '0', 'ไม่เคย', '', '', '', '', '', '', '', '', '', '', '', '', 'เคย', '001278', 'B1', 'การเรียนส่วนตัวรู้สึกว่าดีมากกก ไม่มีงานกลุ่มสามารถไปเรียนคนเดียวแล้วหาเพื่อนใหม่ในห้องได้ เรียนไม่เครียดแต่จะเครียดช่วงสอบเพราะเนื้อหาเยอะมาก ๆ แต่ทำเป็นสรุปแต่ละบทจะช่วยให้จำได้ มีเรียนเลคเชอร์กับเรียนแบบปฏิบัติ ได้ความรู้เรื่องการ CPR ด้วยแนะนำเลยค่ะ', '0', '3', 'C3', '0', 'D3', '0', '3', '2', '0'),
(283, '7/4/2025 17:05:15', 'คณะเภสัชศาสตร์', '64210412', '4', 'A2, A4, A5', 'เคย', '001227', 'B1', 'อาจารย์เป็นคนตลก สอนสนุกดี ข้อสอบไม่ยากมากเกินไปคล้ายๆกับควิซในห้อง', '2', '1', 'C2', '2', 'D2', '1', '3', '2', '0', 'เคย', '001254', 'B1', 'เนื้อหาค่อนข้างเยอะ แต่บางเรื่องเป็นเรื่องที่รู้กันโดยทั่วไป อาจารย์ค่อนข้างหัวโบราณ', '3', '1', 'C2', '0', 'D2', '2', '2', '1', '0', 'เคย', '001273', 'B1', 'อาจารย์สอนดี เนื้อหาง่าย เหมือนข้อสอบมัธยมปลาย', '2', '2', 'C2', '2', 'D3', '2', '1', '0', '0'),
(284, '7/4/2025 17:34:06', 'คณะมนุษยศาสตร์', '66264284', '3', 'A3, A4, A7', 'เคย', '001226', 'B2', 'หากนิสิตมีความชื่นชอบในการทำงานกลุ่มก็จะทำให้การเรียนวิชานี้สนุกมากขึ้นเพราะส่วนใหญ่จะทำงานกันเป็นกลุ่ม ส่วนความรู้ที่ได้ก็สามารถนำมาปรับใช้ในชีวิตประจำวันได้ เพราะอาจารย์สอนเนื้อหาที่ทันสมัยและเข้ากับยุคปัจจุบัน', '3', '1', 'C3', '2', 'D1', '3', '3', '1', '0', 'เคย', '001234', 'B1', 'สนุกมากค่ะ เนื้อหาเข้าใจง่าย อาจารย์จะมีหนังสือมาให้ทำแบบฝึก เนื้อหาที่ออกสอบจะอยู่ในแบบฝึกที่ทำ', '1', '3', 'C3', '1', 'D2', '1', '3', '1', '0', 'เคย', '001279', 'B1', 'ดีมากค่ะ เนื้อหาจะเป็นความรู้พื้นฐานเกี่ยวกับวิทยาศาสตร์', '1', '1', 'C3', '1', 'D3', '1', '2', '0', '0'),
(285, '7/4/2025 18:01:13', 'คณะพยาบาลศาสตร์', '67561054', '2', 'A1', 'เคย', '001332', 'B2', 'ข้อสอบออกตามสไลด์เลย มีงานกลุ่ม1งานตอนปลายภาคจำไม่ได้ว่าเทอม1หรือเทอม2น่าจะเทอม2มั้ง สไลด์จะเยอะหน่อยหนึ่ง คือเราอ่ะอ่านเเล้วจำไม่ค่อยได้เเละอ่านข้ามๆก็เลยสอบได้น้อย เเละงานกลุ่มก็ถ้าได้กลุ่มดีก็คือดีเลย ไม่ยากๆ', '1', '2', 'C3', '2', 'D3', '0', '3', '1', '0', 'เคย', '001235', 'B1', 'อาจารย์สอนดีนะ ข้อสอบกลางภาคเเละปลายภาคออกข้อเขียนหมดเลย ก่อนจะสอบอ่ะอาจารย์จะบอกเเนวข้อสอบเราก็จำเฉพาะที่อาจารย์เน้นเลยไม่ยากๆ ข้อสอบเราก็เขียนให้ตรงกับหัวข้อที่ถามจะได้คะเเนนเยอะ มีใบงาน4ใบงาน เขียนหมดเลย ใครชอบเขียนคือเเนะนำมาก', '0', '3', 'C3', '2', 'D3', '0', '3', '0', '0', 'ไม่เคย', '', '', '', '', '', '', '', '', '', '', '', ''),
(286, '7/4/2025 20:51:18', 'คณะเกษตรศาสตร์ ทรัพยากรธรรมชาติและสิ่งแวดล้อม', '66161972', '3', 'A2', 'เคย', '001226', 'B1', 'เป็นวิชาที่น่าสนใจ  สนุกได้ใช้ความคิด', '2', '1', 'C3', '2', 'D2', '0', '2', '1', '0', 'เคย', '001233', 'B1', 'สนุกทุกครั้งเรียนได้รับความรู้ใหม่ๆเกี่ยวกับโลกสังคม ', '1', '1', 'C3', '1', 'D2', '0', '2', '1', '0', 'เคย', '001278', 'B1', 'ชิวๆง่ายๆส่วนใหญ่เป็นความรู้ทั้วไปที่ทุกคนอาจจะเคยรู้แล้ว ', '0', '2', 'C3', '0', 'D3', '0', '2', '0', '1'),
(287, '7/4/2025 21:14:07', 'คณะวิศวกรรมศาสตร์', '64366812', '4', 'A2, A3', 'ไม่เคย', '', '', '', '', '', '', '', '', '', '', '', '', 'เคย', '001234', 'B2', 'เน้นศึกษาด้วยตัวเองแต่เป็นวิชาที่ง่าย', '2', '2', 'C3', '1', 'D2', '0', '0', '0', '0', 'เคย', '001279', 'B3', 'สอนง่ายเข้าทุกคาบ', '2', '0', 'C3', '1', 'D3', '1', '0', '0', '1'),
(288, '7/5/2025 11:32:06', 'คณะสถาปัตยกรรมศาสตร์ ศิลปะและการออกแบบ', '65711819', '4', 'A1, A4, A5', 'เคย', '001226', 'B5', 'ก็พอเรียนได้ ต้องทบทวนเวลาสอบ', '1', '2', 'C3', '2', 'D3', '1', '2', '1', '0', 'เคย', '001231', 'B1', 'เรียนง่าย งานกลุ่มเยอะ มีไปทัศนศึกษา', '3', '0', 'C3', '2', 'D3', '3', '2', '0', '0', 'เคย', '001279', 'B4', 'พอเรียนได้ เวบาสอบต้องทบทวนดีๆ', '1', '2', 'C3', '1', 'D3', '1', '2', '1', '1'),
(289, '7/5/2025 12:17:30', 'คณะสหเวชศาสตร์', '67660443', '2', 'A1', 'เคย', '001222', 'B2', 'รู้สึกว่าน่าเบื่อบ้างตอนเรียน', '3', '3', 'C3', '0', 'D1', '0', '3', '1', '0', 'เคย', '001234', 'B1', 'เฉยๆ', '3', '3', 'C3', '0', 'D2', '0', '2', '0', '0', 'เคย', '001278', 'B2', 'สนุกดี', '0', '3', 'C3', '0', 'D3', '0', '2', '1', '1'),
(290, '7/5/2025 12:18:02', 'คณะสหเวชศาสตร์', '67662133', '2', 'A1', 'เคย', '001331', 'B1', 'รู้สึกสนุกและได้ความรู้ ได้ทำกิจกรรมพร้อมเพื่อนต่างคณะ', '2', '2', 'C1', '2', 'D2', '0', '2', '0', '0', 'เคย', '001237', 'B1', 'ทำกิจกรรมเยอะ เน้นทำงานกลุ่ม', '3', '1', 'C3', '2', 'D2', '1', '2', '1', '0', 'เคย', '001275', 'B2', 'เนื้อหาค่อนข้างเยอะ', '2', '1', 'C3', '1', 'D3', '1', '2', '2', '1'),
(291, '7/5/2025 14:42:05', 'คณะเภสัชศาสตร์', '67211645', '2', 'A1, A3, A5', 'ไม่เคย', '', '', '', '', '', '', '', '', '', '', '', '', 'ไม่เคย', '', '', '', '', '', '', '', '', '', '', '', '', 'เคย', '001279', 'B2', 'เป็นวิชาที่มีเนื้อหาไม่ยาก เรียนสบายๆ เนื้อหาที่นำมาออกสอบเป็นเนื้อหาที่อยู่ในสไลด์ที่อาจารย์สอนทั้งหมด แค่ตั้งใจเรียนตั้งใจฟังและอ่านสไลด์ก็สามารถทำข้อสอบได้เนื้อหาไม่ยากตรงตามสไลด์เป๊ะๆ อาจารย์ใจดี ส่วนใหญ่มักจะมากกว่างานกลุ่ม แต่งานเดี่ยวก็ไม่ยากเป็นงานง่ายๆทำได้สบายๆ โดยรวมถือว่าเป็นวิชาที่ดีมากๆวิชานึง', '1', '3', 'C3', '0', 'D3', '0', '3', '0', '1'),
(292, '7/6/2025 9:23:10', 'คณะพยาบาลศาสตร์', '67560606', '1', 'A1, A3, A7', 'เคย', '001331', 'B1', 'ส่วนตัวรู้สึกว่าวิชานี้ดีมากๆ เพราะไม่มีสอบกลางภาคเเละปลายภาค ทำงานส่งเรื่อยๆ ส่วนใหญ่เป็นงานเดี่ยว มีงานกลุ่มครั้งเดียว มีเช็คชื่อทุกคาบต้องพยายามเข้าเรียนให้ทัน เนื้อหาที่เรียนก็ไม่ได้ยากมาก', '1', '3', 'C0', '2', 'D3', '0', '2', '1', '0', 'เคย', '001235', 'B1', 'ดีมากๆ เพราะไม่มี ก่อนจะสอบอาจารย์บอกแนวข้อสอบอย่างละเอียด สอบจะสอบเป็นข้อเขียนทั้งหมดทั้งกลางเเละปลายภาค', '0', '3', 'C3', '2', 'D3', '0', '2', '1', '0', 'เคย', '001277', 'B1', 'กลางๆ เพราะเนื้อหาที่ต้องจำอาจจะเยอะนิดนึง แต่โดยรวมถือว่าโอเคเลย', '2', '3', 'C3', '1', 'D2, D3', '1', '2', '1', '1'),
(293, '7/7/2025 13:53:43', 'คณะสหเวชศาสตร์', '65661718', '4', 'A1', 'เคย', '001227', 'B1', 'สนุก', '1', '1', 'C3', '2', 'D3', '1', '3', '0', '0', 'เคย', '001233', 'B4', 'ได้รับความรู้ใหม่ๆ', '1', '1', 'C3', '1', 'D3', '1', '2', '2', '0', 'เคย', '001277', 'B1', 'ได้รับความรู้ใหม่ ๆ', '1', '2', 'C2', '0', 'D3', '0', '2', '2', '1'),
(294, '7/8/2025 14:34:44', 'คณะวิทยาศาสตร์', '65314195', '4', 'A1, A3, A6', 'เคย', '001226', 'B3', 'เฉยๆ', '1', '2', 'C3', '1', 'D3', '0', '2', '1', '1', 'เคย', '001231', 'B4', 'เฉยๆ', '0', '3', 'C0', '1', 'D2', '0', '3', '0', '1', 'เคย', '001273', 'B9', 'ไม่ชอบ', '0', '3', 'C3', '0', 'D3', '0', '3', '2', '1'),
(295, '7/8/2025 14:43:04', 'คณะวิศวกรรมศาสตร์', '64361190', '4', 'A1, A2', 'เคย', '001227', 'B1', 'เรียนสนุก', '0', '2', 'C2', '1', 'D1', '0', '3', '1', '0', 'เคย', '001231', 'B2', 'เป็นรายวิชาที่สอนให้เราใช้ความคิดตามหลัก', '0', '2', 'C0', '1', 'D3', '0', '3', '2', '0', 'เคย', '001279', 'B1', 'การเรียนแบบทฤษฎี ', '1', '3', 'C3', '2', 'D3', '2', '2', '1', '1'),
(296, '7/8/2025 14:43:30', 'คณะวิศวกรรมศาสตร์', '66363208', '3', 'A1, A3, A5', 'เคย', '001226', 'B3', 'รู้สึกเรียนง่ายแต่ไม่มีงานกลุ่มเยอะมาก', '3', '1', 'C3', '2', 'D1', '3', '2', '1', '1', 'เคย', '001237', 'B1', 'รู้สึกดีเรียนง่าย', '1', '2', 'C3', '1', 'D3', '1', '2', '1', '1', 'เคย', '001279', 'B3', 'อาจารย์สอนดีแต่จะมีงานกลุ่มอาจารย์แต่ละคนให้คะแนนไม่เหมือนกัน', '2', '2', 'C3', '0', 'D3', '0', '2', '1', '1'),
(297, '7/8/2025 14:48:38', 'คณะวิศวกรรมศาสตร์', '66362188', '3', 'A1, A2, A3', 'เคย', '001224', 'B2', 'สนุก เรียนไม่เครียด', '2', '3', 'C3', '2', 'D2', '0', '3', '0', '0', 'เคย', '001252', 'B2', 'ไม่เครียด สบายๆ', '2', '3', 'C3', '2', 'D3', '0', '3', '1', '0', 'เคย', '001274', 'B2', 'สนุก มีความรู้ความเข้าใจเรื่องยามากขึ้น', '2', '3', 'C3', '2', 'D3', '2', '3', '1', '1'),
(298, '7/8/2025 15:13:02', 'คณะวิศวกรรมศาสตร์', '67361685', '2', 'A1, A2', 'เคย', '001227', 'B1', 'รู้สึกสนุก อาจารย์ตลก เรียนง่าย อาจารย์บอกแนวข้อสอบตรง มีสอบเป่าขลุ่ย แต่ง่าย', '2', '3', 'C2', '2', 'D2', '2', '3', '1', '0', 'ไม่เคย', '', '', '', '', '', '', '', '', '', '', '', '', 'เคย', '001279', 'B1', 'สนุก เนื้อหาม.ปลาย ', '2', '3', 'C3', '2', 'D3', '2', '2', '1', '1'),
(299, '7/4/2025 15:48:22', 'คณะวิทยาศาสตร์การแพทย์', '65521098', '4', 'A1', 'เคย', '001331', 'B1', 'เรียนชิว งานกลุ่มเยอะ', '3', '1', 'C0', '1', 'D1', '3', '2', '1', '0', 'เคย', '001234', 'B1', 'งานเยอะ อาจารย์พูดตรง', '2', '3', 'C2', '1', 'D3', '1', '2', '1', '0', 'เคย', '001278', 'B1', 'เนื้อหาเข้าใจง่าย', '0', '2', 'C3', '0', 'D3', '0', '2', '1', '1'),
(300, '7/4/2025 15:48:41', 'คณะวิทยาศาสตร์การแพทย์', '65521371', '4', 'A1', 'เคย', '001331', 'B1', 'มีงานกลุ่มเยอะ เรียนสนุก', '3', '1', 'C0', '1', 'D1', '3', '3', '1', '0', 'เคย', '001234', 'B2', 'งานเยอะ อาจารย์เคร่งอยู่', '2', '3', 'C2', '1', 'D3', '1', '3', '1', '0', 'เคย', '001278', 'B1', 'เนื้อหาเข้าใจง่าย มีกิจกรรมให้ทำสนุก', '0', '2', 'C3', '0', 'D2', '0', '3', '0', '1'),
(301, '7/4/2025 15:50:37', 'คณะวิศวกรรมศาสตร์', '66364076', '3', 'A3, A6', 'เคย', '001227', 'B1', 'เรียนสนุก อาจารย์น่ารัก', '2', '3', 'C2', '2', 'D2', '2', '1', '1', '0', 'เคย', '001237', 'B1', 'ได้เจอเพื่อนใหม่ๆ ได้ฝึกทำงานเป็นทีม', '3', '2', 'C3', '1', 'D2', '3', '1', '1', '0', 'เคย', '001278', 'B1', 'ได้ความรู้ในชีวิตประจำวันใหม่ๆ', '2', '1', 'C3', '2', 'D3', '3', '1', '1', '0'),
(302, '7/8/2025 15:14:17', 'คณะวิศวกรรมศาสตร์', '67360602', '2', 'A1, A2, A3', 'เคย', '001222', 'B5', 'สนุก..จารชิวๆเข้าเรียนหรือไม่เข้าเรียนกะได้', '2', '2', 'C3', '0', 'D2', '1', '1', '1', '0', 'ไม่เคย', '', '', '', '', '', '', '', '', '', '', '', '', 'เคย', '001279', 'B3', 'จานสอนเข้าใจมากครับ', '1', '2', 'C2', '1', 'D3', '1', '2', '1', '0'),
(303, '7/8/2025 15:14:29', 'คณะบริหารธุรกิจ เศรษฐศาสตร์และการสื่อสาร', '65340323', '4', 'A3', 'เคย', '001221', 'B3', 'ดีค่ะ ได้เรียนรู้ได้ใ้ในชีวิตจริง', '0', '2', 'C2', '2', 'D1', '0', '3', '1', '0', 'ไม่เคย', '', '', '', '', '', '', '', '', '', '', '', '', 'ไม่เคย', '', '', '', '', '', '', '', '', '', '', '', ''),
(304, '7/8/2025 15:14:32', 'คณะวิศวกรรมศาสตร์', '67363115', '2', 'A2', 'เคย', '001227', 'B2', 'ดีครับ สนุก', '1', '2', 'C2', '2', 'D3', '1', '2', '1', '0', 'ไม่เคย', '', '', '', '', '', '', '', '', '', '', '', '', 'เคย', '001279', 'B3', 'ดี', '1', '2', 'C3', '2', 'D2', '2', '2', '1', '1'),
(305, '7/8/2025 15:15:06', 'คณะวิศวกรรมศาสตร์', '67361968', '2', 'A2', 'เคย', '001226', 'B2', 'ดีครับ', '2', '1', 'C5', '2', 'D2', '2', '3', '1', '0', 'ไม่เคย', '', '', '', '', '', '', '', '', '', '', '', '', 'เคย', '001279', 'B4', 'ดีครับ', '2', '2', 'C3', '2', 'D2, D3', '2', '3', '1', '1'),
(306, '7/4/2025 16:33:04', 'คณะสหเวชศาสตร์', '67662386', '2', 'A1, A2, A3', 'เคย', '001331', 'B1', 'เป็นวิชาที่ได้ A ง่ายได้ความรู้เยอะ', '1', '3', 'C1', '2', 'D3', '0', '2', '0', '0', 'เคย', '001237', 'B1', 'ได้รู้จักเพื่อนมากขึ้น เก็บเอง่ายแต่มีงานกลุ่ม', '3', '2', 'C3', '2', 'D2', '1', '3', '1', '0', 'เคย', '001274', 'B1', 'ได้ความรู้เยอะมาก ได้รู้จักเพื่อนใหม่ๆ ', '0', '2', 'C3', '1', 'D3', '1', '3', '1', '1'),
(307, '7/4/2025 16:37:44', 'คณะวิทยาศาสตร์', '67312168', '2', 'A2, A6, A7', 'เคย', '001332', 'B1', 'อาจารย์คนสอนช่วง midterm จะเน้น ทฤษฎีเป็นหลัก ปานกลาง ส่วน ช่วง final จะเน้นไปทางอ่านกลุ่มเป็นหลัก (มีงานเดี่ยวเล็กน้อย) อาจารย์สอนดีทั้งคู่ ทั้งอาจารย์ midterm และ final ', '2', '2', 'C2', '2', 'D2', '0', '2', '1', '0', 'เคย', '001232', 'B2', 'อาจารย์สอนหลายคน บางคนสอนเข้าใจบ้างไม่เข้าใจบ้างสลับกันไป งานน้อย คะแนนส่วนใหญ่อยู่ที่สอบ', '1', '1', 'C3', '1', 'D3', '0', '3', '1', '0', 'ไม่เคย', '', '', '', '', '', '', '', '', '', '', '', ''),
(308, '7/4/2025 16:24:57', 'คณะศึกษาศาสตร์', '65410286', '4', 'A1', 'เคย', '001276', 'B1', 'รู้สึกดีและเกรดดีมากครับ', '2', '3', 'C3', '1', 'D2', '0', '1', '1', '1', 'เคย', '001234', 'B2', 'เกรดได้แบบงงๆ', '0', '3', 'C3', '0', 'D1, D2', '0', '3', '1', '1', 'เคย', '001272', 'B1', 'ชิวๆมาก', '1', '3', 'C3', '0', 'D1, D2', '0', '2', '1', '1'),
(309, '7/4/2025 16:25:53', 'คณะสถาปัตยกรรมศาสตร์ ศิลปะและการออกแบบ', '67712203', '2', 'A1, A2, A5', 'เคย', '001227', 'B1', 'ดีค่ะ', '2', '2', 'C2', '2', 'D2', '1', '2', '1', '0', 'เคย', '001234', 'B2', 'เหนื่อยกับการเรียนนิดหน่อย', '1', '3', 'C3', '0', 'D2', '0', '1', '1', '0', 'เคย', '001277', 'B2', 'ได้เรียนรู้เรื่องพฤติกรรมของคนเรา รู้สึกสนุก', '2', '2', 'C2', '1', 'D3', '1', '2', '2', '1'),
(310, '7/4/2025 16:26:29', 'คณะสหเวชศาสตร์', '67660931', '2', 'A1, A3, A6', 'เคย', '001227', 'B1', 'รู้สึกไม่เครียดเลย เอนจอยๆกับอาจาร์และการสอนมากๆ อาจารย์ใจดีมากไม่ดุเลย เป็นคนขำๆได้เกรดง่าย', '1', '2', 'C3', '2', 'D3', '0', '2', '0', '0', 'เคย', '001237', 'B1', 'รู้สึกว่าได้ทำอะไรมากกว่าที่คิดมีการทำงานเป็นกลุ่มเยอะแต่ไม่ยากเกินไป', '3', '2', 'C3', '2', 'D2', '3', '2', '0', '0', 'เคย', '001291', 'B2', 'ได้เรียนรู้เกี่ยวกับโภชนาการทางอาหารความปลอดภัยในการกินมากขึ้น อาจารย์สลับกันสอน เนื้อหาแอบเยอะนิดนึงสอบถ้าจำไม่ผิดประมาณ100ข้อ', '1', '2', 'C3', '1', 'D3', '1', '2', '1', '1'),
(311, '7/4/2025 16:27:31', 'คณะนิติศาสตร์', '65190693', '4', 'A7', 'เคย', '001238', 'B7', 'ยาก', '2', '2', 'C3', '0', 'D2', '1', '1', '2', '1', 'ไม่เคย', '', '', '', '', '', '', '', '', '', '', '', '', 'ไม่เคย', '', '', '', '', '', '', '', '', '', '', '', ''),
(312, '7/4/2025 16:28:10', 'คณะนิติศาสตร์', '65192434', '4', 'A1, A3, A7', 'เคย', '001227', 'B1', 'สรุป เรียนง่าย ผ่อนคลาย ได้ความรู้เรื่องดนตรี', '2', '2', 'C3', '1', 'D2', '1', '3', '1', '1', 'ไม่เคย', '', '', '', '', '', '', '', '', '', '', '', '', 'ไม่เคย', '', '', '', '', '', '', '', '', '', '', '', ''),
(313, '7/4/2025 15:50:54', 'คณะวิศวกรรมศาสตร์', '66363529', '3', 'A2, A4, A6', 'เคย', '001227', 'B1', 'รู้สึกว่าเรียนสนุกผ่อนคลาย อาจารย์ไม่เคร่งครัดมากเกินไป ', '1', '2', 'C2', '1', 'D3', '0', '2', '1', '0', 'เคย', '001237', 'B1', 'รู้สึกดีแต่งานเยอะพอประมาณ', '3', '2', 'C2', '2', 'D3', '1', '2', '1', '0', 'เคย', '001272', 'B4', 'ค่อนข้างยากถ้าคนที่ไม่ค่อยมีพื้นฐานมากเท่าไหร่', '2', '1', 'C2', '1', 'D3', '1', '2', '2', '1'),
(314, '7/4/2025 15:51:54', 'คณะวิศวกรรมศาสตร์', '66362768', '3', 'A1, A6', 'เคย', '001222', 'B3', 'ข้อสอบไม่ค่อยดี ทีเอวีนไปหน่อยหนึ่ง ', '3', '2', 'C3', '0', 'D1', '0', '1', '2', '0', 'เคย', '001234', 'B1', 'ข้อสอบง่าย แต่ต้องมีลายเซ็นเท่าเพื่อนในคราส', '1', '3', 'C3', '0', 'D2', '0', '1', '0', '0', 'เคย', '001292', 'B1', 'ยกคราสบ่อยมากกก เก็บเกรดเอแนะนำๆ', '3', '0', 'C5', '2', 'D1', '2', '3', '0', '1'),
(315, '7/4/2025 15:51:54', 'คณะวิศวกรรมศาสตร์', '66363498', '3', 'A5, A6', 'เคย', '001227', 'B3', 'อาจารย์น่ารัก สอนดี', '1', '3', 'C2', '2', 'D3', '0', '3', '1', '0', 'เคย', '001234', 'B3', 'สนุก สอนดี', '1', '2', 'C3', '0', 'D3', '0', '3', '1', '0', 'เคย', '001292', 'B1', 'ดี สอนเข้าใจ', '3', '0', 'C5', '2', 'D1', '2', '3', '1', '1'),
(316, '7/4/2025 16:28:46', 'คณะมนุษยศาสตร์', '65261031', '4', 'A3, A4, A5', 'เคย', '001238', 'B4', 'อาจารย์น่่รำคามาก', '2', '2', 'C3', '1', 'D2', '1', '0', '0', '1', 'เคย', '001233', 'B4', 'อาจารย์โลกแคบมาก ', '3', '0', 'C3', '0', 'D1, D2', '1', '2', '2', '0', 'เคย', '001277', 'B2', '-', '1', '2', 'C3', '0', 'D3', '0', '3', '2', '1'),
(317, '7/4/2025 16:29:15', 'คณะนิติศาสตร์', '65191031', '4', 'A1, A2, A3', 'เคย', '001241', 'B1', 'สนุกได้เรียนดนตรี', '3', '3', 'C3', '2', 'D1', '0', '3', '1', '0', 'เคย', '001234', 'B1', 'ดี', '2', '2', 'C1', '0', 'D1', '2', '2', '2', '1', 'เคย', '001278', 'B1', 'ดี', '3', '2', 'C3', '2', 'D2', '2', '2', '1', '1'),
(318, '7/8/2025 15:20:07', 'คณะวิทยาศาสตร์การแพทย์', '66520663', '3', 'A1', 'เคย', '001222', 'B1', 'สนุกค่ะ', '2', '2', 'C3', '0', 'D2', '0', '2', '1', '0', 'เคย', '001237', 'B1', 'สนุก', '3', '3', 'C3', '2', 'D3', '2', '3', '1', '0', 'เคย', '001275', 'B1', 'สนุกจ้า', '2', '3', 'C3', '1', 'D3', '1', '2', '1', '1'),
(319, '7/8/2025 15:21:03', 'คณะวิทยาศาสตร์การแพทย์', '66520939', '3', 'A1, A3, A6', 'เคย', '001226', 'B1', 'สนุก ได้ทำโครงงานเกี่ยวกับนวัตกรรมกับกลุ่มเพื่อน', '3', '2', 'C3', '1', 'D1', '3', '2', '1', '1', 'เคย', '001237', 'B1', 'สนุก มีกิจกกรมให้ทำเยอะ', '3', '3', 'C3', '2', 'D3', '2', '2', '1', '0', 'เคย', '001272', 'B4', 'ยากนิดหน่อย แต่ถ้าตั้งใจฟังและมีความรู้เรื่องคอมพิวเตอร์ก็จะง่าย', '0', '3', 'C3', '0', 'D3', '0', '2', '0', '1'),
(320, '7/8/2025 15:23:27', 'คณะวิทยาศาสตร์การแพทย์', '66520380', '3', 'A1, A6', 'เคย', '001222', 'B1', 'เฉยๆ', '2', '2', 'C3', '1', 'D2', '0', '2', '1', '0', 'เคย', '001351', 'B1', 'สนุกมีออกไปดูงานข้างนอก', '3', '3', 'C0', '2', 'D2, D3', '2', '3', '1', '0', 'เคย', '001275', 'B2', 'เนื้อหาเยอะแต่ส่วนใหญ่เป็นเรื่องที่พอรู้', '2', '2', 'C3', '2', 'D2, D3', '2', '2', '1', '0'),
(321, '7/8/2025 15:26:02', 'คณะสาธารณสุขศาสตร์', '65473588', '4', 'A4', 'เคย', '001226', 'B1', 'งานกลุ่มค่อนข้างจุกจิก', '3', '1', 'C3', '2', 'D1', '2', '2', '1', '0', 'เคย', '001351', 'B1', 'งานกลุ่มชิ้นใหญ่', '3', '2', 'C3', '1', 'D2', '2', '2', '1', '0', 'เคย', '001271', 'B1', 'ผลิตนวัตกรรมงานค่อนข้างเยอะเลือกกลุ่มดีๆ', '3', '1', 'C3', '2', 'D2', '2', '2', '2', '1'),
(322, '7/8/2025 15:33:07', 'คณะวิทยาศาสตร์การแพทย์', '65523924', '4', 'A1, A5, A6', 'เคย', '001226', 'B1', 'รู้สึกว่ารายวิชานี้สามารถนำไปใช้ในชีวิตประจำวันได้ ', '2', '1', 'C3', '1', 'D2', '3', '2', '1', '0', 'เคย', '001234', 'B2', 'ง่าย แต่ต้องทำงานส่งให้ตรงเวลา พยายามเข้าเรียนทุกครั้งอจจะบอกแนวข้อสอบในขณะสอน', '1', '3', 'C3', '2', 'D2', '0', '1', '0', '0', 'เคย', '001278', 'B3', 'ความยากในการเรียนปานกลาง เน้นจำ', '2', '2', 'C3', '1', 'D2', '1', '1', '1', '1'),
(323, '7/8/2025 15:33:37', 'คณะวิทยาศาสตร์การแพทย์', '66522865', '3', 'A2', 'เคย', '001226', 'B1', 'เข้าใจง่าย เรียนสบายๆ', '2', '1', 'C3', '1', 'D2', '1', '2', '1', '0', 'เคย', '001234', 'B1', 'เรียนง่าย เเต่ต้องขยันทำงาน', '3', '2', 'C3', '1', 'D3', '1', '3', '1', '0', 'เคย', '001279', 'B3', 'เรียนง่าย สนุก', '2', '1', 'C3', '1', 'D3', '1', '2', '1', '1'),
(324, '7/8/2025 15:35:16', 'คณะวิทยาศาสตร์การแพทย์', '66522872', '3', 'A2, A6', 'เคย', '001226', 'B1', 'เน้นทำงานกลุ่มทำให้ได้เจอเพื่อนใหม่ๆ', '3', '1', 'C3', '1', 'D1', '1', '2', '0', '0', 'เคย', '001231', 'B2', 'เน้นงานกลุ่ม', '3', '1', 'C3', '2', 'D2', '2', '1', '0', '0', 'เคย', '001279', 'B2', 'พื้นฐานวิทยาศาสตร์ที่เคยเรียนมาตอนมปลาย', '1', '2', 'C3', '1', 'D3', '1', '2', '1', '0'),
(325, '7/8/2025 15:36:37', 'คณะสถาปัตยกรรมศาสตร์ ศิลปะและการออกแบบ', '66710682', '3', 'A5, A7', 'เคย', '001227', 'B9', 'ดี', '0', '1', 'C3', '2', 'D1', '1', '1', '1', '0', 'ไม่เคย', '', '', '', '', '', '', '', '', '', '', '', '', 'เคย', '001272', 'B3', 'ดี', '0', '3', 'C3', '0', 'D2, D3', '0', '0', '0', '1'),
(326, '7/8/2025 15:37:23', 'คณะสถาปัตยกรรมศาสตร์ ศิลปะและการออกแบบ', '66711009', '3', 'A1, A3, A5', 'เคย', '001226', 'B9', 'ได้ทำงานกลุ่มเข้าสังคม', '3', '0', 'C3', '2', 'D1', '1', '2', '1', '0', 'เคย', '001251', 'B3', 'ทำงานกลุ่ม', '3', '0', 'C3', '2', 'D3', '3', '3', '1', '0', 'ไม่เคย', '', '', '', '', '', '', '', '', '', '', '', ''),
(327, '7/8/2025 15:41:07', 'คณะสถาปัตยกรรมศาสตร์ ศิลปะและการออกแบบ', '66710910', '3', 'A2, A5, A7', 'เคย', '001226', 'B2', 'รู้สึกว่าเรียนรู้เข้าใจง่าย ลดการบรรยายลงนิดหน่อย ลดงานกลุ่ม', '3', '1', 'C2', '2', 'D1', '2', '1', '1', '0', 'เคย', '001232', 'B2', 'บรรยายเยอะเกินไป ออกข้อสอบ', '2', '2', 'C3', '2', 'D2', '2', '1', '1', '0', 'เคย', '001279', 'B2', 'เนื้อเข้าใจง่าย สอนดี', '1', '2', 'C3', '2', 'D2, D3', '2', '2', '1', '1'),
(328, '7/8/2025 15:45:06', 'คณะโลจิสติกส์และดิจิทัลซัพพลายเชน', '67380440', '2', 'A3, A7', 'ไม่เคย', '', '', '', '', '', '', '', '', '', '', '', '', 'ไม่เคย', '', '', '', '', '', '', '', '', '', '', '', '', 'ไม่เคย', '', '', '', '', '', '', '', '', '', '', '', ''),
(329, '7/8/2025 15:48:20', 'คณะโลจิสติกส์และดิจิทัลซัพพลายเชน', '67381058', '2', 'A1, A6', 'เคย', '001227', 'B1', 'เก็บคะแนนง่าย อาจารย์สอนสนุก', '2', '2', 'C3', '2', 'D2', '0', '3', '0', '1', 'ไม่เคย', '', '', '', '', '', '', '', '', '', '', '', '', 'ไม่เคย', '', '', '', '', '', '', '', '', '', '', '', ''),
(330, '7/8/2025 15:48:23', 'คณะสถาปัตยกรรมศาสตร์ ศิลปะและการออกแบบ', '66710699', '3', 'A2, A5, A6', 'เคย', '001226', 'B4', 'อาจารย์สอนรู้เรื่องบ้างนอกเรื่องบ้างบ่นไปบ่นมาไม่เข้าใจอยู่ดี', '2', '1', 'C3', '1', 'D2', '1', '2', '1', '0', 'ไม่เคย', '', '', '', '', '', '', '', '', '', '', '', '', 'เคย', '001272', 'B1', 'ไม่เข้าเรียนยังได้ A คิดว่าไง', '1', '3', 'C3', '1', 'D2', '1', '3', '0', '1'),
(331, '7/4/2025 16:38:32', 'คณะสหเวชศาสตร์', '67662195', '2', 'A1, A4, A6', 'เคย', '001222', 'B1', 'ได้เรียนและเข้าใจมากขึ้นในด้านภาษา สังคม และวัฒนธรรม', '1', '1', 'C3', '0', 'D3', '0', '2', '1', '0', 'เคย', '001252', 'B1', 'ได้เข้าใจประวัติความเป็นมาของพระนเรศวรอย่างละเอียด มีคติเตือนใจที่สามารถนำมาปรับใช้กับชีวิตประจำวันได้', '1', '3', 'C3', '0', 'D1', '0', '3', '0', '1', 'เคย', '001271', 'B4', 'เรียน4ครั้ง นอกนั้นเป็นงานกลุ่ม แต่อาจารย์จะบอกวันและเวลาส่งงานอย่างชัดเจน ถ้าได้กลุ่มดีๆก็จะไปรอด', '3', '0', 'C4', '1', 'D2', '1', '2', '1', '1'),
(332, '7/4/2025 16:38:39', 'คณะเภสัชศาสตร์', '65210930', '4', 'A1, A3', 'เคย', '001241', 'B1', 'สนุกดี ได้ฝึกร้องโอเปร่า แต่สอบกลางภาคแอบยากนิดนึง', '2', '0', 'C3', '0', 'D2', '2', '3', '1', '0', 'เคย', '001237', 'B1', 'สนุก ฝึกทำงานกลุ่มกับเพื่อนที่ไม่รู้จัก', '3', '0', 'C3', '2', 'D2', '3', '3', '1', '0', 'ไม่เคย', '', '', '', '', '', '', '', '', '', '', '', ''),
(333, '7/4/2025 16:38:46', 'คณะเภสัชศาสตร์', '65210381', '4', 'A2, A4', 'เคย', '001241', 'B1', 'ได้ร้องโอเปร่า ทำงานกลุ่มกับเพื่อนคณะอื่น สนุกๆ ไม่เช็คชื่อ', '2', '0', 'C3', '0', 'D2', '2', '3', '1', '0', 'เคย', '001237', 'B1', 'Happy', '3', '0', 'C3', '2', 'D3', '3', '3', '1', '0', 'ไม่เคย', '', '', '', '', '', '', '', '', '', '', '', ''),
(334, '7/4/2025 16:39:09', 'คณะเภสัชศาสตร์', '65210145', '4', 'A3, A6', 'เคย', '001241', 'B1', 'สนุกกได้ร้องเพลง', '3', '0', 'C3', '0', 'D1', '2', '3', '1', '0', 'เคย', '001351', 'B1', 'สนุกอาจารย์ใจดี', '2', '2', 'C0', '0', 'D3', '2', '2', '1', '0', 'เคย', '001271', 'B1', 'สนุกได้รู้จักเพื่อนเยอะ', '3', '1', 'C3', '2', 'D2', '3', '2', '1', '1'),
(335, '7/4/2025 16:39:34', 'คณะเภสัชศาสตร์', '65210138', '4', 'A2, A3, A4', 'เคย', '001241', 'B1', 'สนุกดี ผ่อนคลาย ร้องเพลงเล่นๆ', '3', '0', 'C3', '0', 'D1', '2', '3', '0', '0', 'เคย', '001351', 'B1', 'สนุก เนื้อหาง่ายเป็นเนื้อหาที่เรียนตั้งแต่เด็กๆ', '2', '3', 'C0', '0', 'D2', '3', '2', '0', '0', 'เคย', '001271', 'B1', 'สนุก มีความคิดสร้างสรรค์', '3', '2', 'C5', '2', 'D2', '3', '3', '0', '0'),
(336, '7/4/2025 16:40:21', 'คณะมนุษยศาสตร์', '65263332', '4', 'A4, A5', 'เคย', '001228', 'B1', 'จากตอนที่เรียนนะครับ เป็นวิชาที่ง่ายๆ เค้าจะจับกลุ่มมาให้เลยกลุ่มละ 20 คน ให้ทำงานต่างๆ ต่างต่างช่วยกัน เป็นวิชาที่สบาย ถึงชื่อวิชาจะความสุขกับงานอดิเรก แต่เป็นงานอดิเรกของอาจารย์ครับ งานย่อยต่างๆที่ให้ทำจะง่ายทำโปสการ์ด ปลูกผักอะไรแบบนี้ครับ สนุกดีครับ แต่ไม่รู้ว่าวิชานี้น้องรหัสใหม่ๆจะเป็นแบบนี้อยู่หรือเปล่านะครับ', '2', '3', 'C3', '2', 'D2', '2', '1', '0', '0', 'เคย', '001235', 'B7', 'ถ้าเป็นคนควาทจำแม่นๆ จะเรียนได้ดีมากครับ เพราะเนื้อหาค่อนข้างเยอะ เราเรียนไม่ค่อยได้ จำไม่ค่อยได้เลยครับ เลยได้เกรดไม่เยอะ แล้ววิชาที่นี้ตอนเราเรียนข้อสอบกลางภาค และปลายภาค เป็นข้อเขียนล้วนนะครับ มีสามคำถาม สอบย่อยไม่มีครับ', '0', '3', 'C3', '0', 'D2', '0', '1', '2', '0', 'เคย', '001272', 'B1', 'เรียนง่ายครับ การสอนและ งานที่ให้ทำจะเป็นทำเกียรติบัตร ทำพาวเวอร์พอยต์สวยๆ excel ใช้สูตร สอนทำ canva แต่วิชาคอมพิวเตอร์งานและการสอนจะขึ้นอยู่กับอาจารย์ผู้สอนด้วยครับ เพราะเรากับเพื่อนอยู่คนล่ะเซค เรียนไม่เหมือนกันครับในคาบแลปครับ', '1', '3', 'C3', '0', 'D2, D3', '0', '2', '1', '1'),
(337, '7/4/2025 16:40:48', 'คณะเภสัชศาสตร์', '65210374', '4', 'A2, A6', 'เคย', '001227', 'B1', 'สนุกดี ได้ลองเล่นดนตรี ได้ทำงานกับเพื่อนคณะอื่น', '2', '0', 'C3', '0', 'D2', '3', '3', '0', '0', 'เคย', '001237', 'B1', 'ได้ทำงานหลากหลาย', '2', '3', 'C3', '1', 'D2, D3', '2', '3', '1', '0', 'เคย', '001271', 'B1', 'ได้ลองมีแนวคิดใหม่ๆ พัฒนาสมอง', '3', '1', 'C2', '1', 'D2', '1', '3', '2', '1'),
(338, '7/8/2025 15:16:15', 'คณะวิศวกรรมศาสตร์', '67366017', '2', 'A3, A6', 'เคย', '001222', 'B3', 'เรียนง่ายงานน้อยจารให้เกรดง่าย', '1', '2', 'C3', '0', 'D3', '0', '1', '1', '0', 'ไม่เคย', '', '', '', '', '', '', '', '', '', '', '', '', 'เคย', '001279', 'B5', 'เรียนปานการควรเข้าเรียนทุกคาบ', '2', '2', 'C3', '2', 'D3', '2', '2', '1', '0'),
(339, '7/8/2025 15:18:42', 'คณะวิทยาศาสตร์การแพทย์', '66521998', '3', 'A3, A6, A7', 'เคย', '001222', 'B1', 'ก็ดี', '3', '1', 'C3', '0', 'D1', '0', '2', '1', '0', 'เคย', '001236', 'B1', 'ดี', '2', '2', 'C0', '0', 'D3', '1', '2', '0', '0', 'เคย', '001275', 'B4', 'ไม่ค่อยเท่าไหร่ ลงอันอื่นได้ก็ลง', '3', '1', 'C3', '0', 'D3', '0', '0', '2', '1'),
(340, '7/8/2025 15:19:02', 'คณะวิทยาศาสตร์การแพทย์', '66522278', '3', 'A1, A3, A6', 'เคย', '001332', 'B2', 'เป็นวิชาที่สอนเกี่ยวกับการใช้เทคโนโลยีในปัจจุบันให้มีความปลอดภัย และยังใช้ประโยชน์ได้สูงสุด', '2', '1', 'C3', '1', 'D2', '2', '3', '1', '0', 'เคย', '001233', 'B4', 'เป็นวิชาที่ต้องทำความเข้าใจมากๆ', '2', '2', 'C3', '2', 'D2, D3', '2', '3', '2', '0', 'เคย', '001279', 'B2', 'เป็นวิชาที่พูดถึงสิ่งต่างไปในชีวิตประจำวัน', '1', '1', 'C3', '1', 'D3', '1', '2', '0', '1'),
(341, '7/8/2025 15:19:14', 'คณะวิทยาศาสตร์การแพทย์', '66522674', '3', 'A1, A5', 'เคย', '001224', 'B1', 'อ.สอนสนุกดี แค่ทำงานส่งก็ได้A ถ้าคนชอบศิลปะงานจะไม่ยากมาก', '1', '3', 'C3', '2', 'D3', '0', '1', '0', '0', 'เคย', '001239', 'B1', 'อ.สอนเข้าใจ ไม่มีการสอบ มีแต่การทำโปรเจ็ค เหมือนนั่งฟังไลฟ์โค้ชเฉยๆ มีเช็คชื่อ', '1', '3', 'C0', '2', 'D2', '3', '1', '1', '0', 'เคย', '001277', 'B4', 'อ.สอนไม่ดี งานเยอะ อ.บางคนสั่งงานไม่เข้าใจ ให้เกรดยาก', '3', '1', 'C3', '0', 'D3', '0', '1', '2', '1'),
(342, '7/4/2025 15:52:13', 'คณะวิศวกรรมศาสตร์', '66363505', '3', 'A1, A6', 'เคย', '001227', 'B1', 'สอนสนุก อาจารย์ใจดีเป็นกันเอง', '1', '2', 'C2', '2', 'D3', '1', '3', '1', '0', 'เคย', '001234', 'B1', 'ข้อสอบง่าย เก็บ a ง่าย', '2', '1', 'C3', '1', 'D3', '0', '2', '1', '0', 'เคย', '001271', 'B1', 'มีกลุ่มดี a แน่นอน', '3', '1', 'C2', '1', 'D3', '1', '2', '1', '0'),
(343, '7/4/2025 15:52:36', 'คณะวิศวกรรมศาสตร์', '66362164', '3', 'A6', 'เคย', '001227', 'B2', 'สอนสนุก เข้าใจ ', '1', '3', 'C2', '2', 'D3', '0', '3', '1', '0', 'เคย', '001234', 'B1', 'ได้เกรดง่ายมาก อาจารย์สอนสนุก บางสันก็ไม่เข้า ส่วนมากทีเอเข้า', '1', '2', 'C3', '0', 'D3', '0', '2', '1', '0', 'เคย', '001272', 'B2', 'เรียนง่ายๆ พื้นฐาน excel word อาจจะยากสำหรับคนไม่เข้าใจ มีควิซย่อยเกี่ยวกับโปรแกรม', '0', '3', 'C2', '1', 'D3', '1', '2', '1', '1'),
(344, '7/9/2025 16:24:03', 'คณะสหเวชศาสตร์', '67661495', '2', 'A1, A2', 'เคย', '001227', 'B1', 'สนุกดีค่ะ อาจารณ์สอนเข้าใจง่าย มีเวลาให้ทบทวนความรู้จากที่สอนเยอะ มีการสอบปฏิบัติจริง เร่ยนไม่เครียดค่ะ', '2', '2', 'C2', '2', 'D2', '1', '3', '1', '0', 'เคย', '001232', 'B1', 'ความรู้เเน่น ข้อสอบออกตรงสไลด์', '0', '3', 'C3', '2', 'D3', '1', '3', '1', '0', 'เคย', '001279', 'B1', 'วิทยาศาสตร์พื้นฐาน ทำความเข้าใจง่ายถ้าทบทวน', '1', '3', 'C3', '0', 'D3', '0', '2', '1', '1'),
(345, '7/22/2025 15:21:34', 'คณะสาธารณสุขศาสตร์', '66472511', '3', 'A1, A3', 'เคย', '001221', 'B1', 'รู้สึกได้ความรู้ใหม่เพิ่มมากขึ้น', '1', '3', 'C3', '2', 'D3', '1', '2', '1', '0', 'เคย', '001232', 'B2', 'รู้สึกได้ความรู้ใหม่ๆ ในการนำไปเรียนวิชาในสาขา', '2', '3', 'C3', '2', 'D3', '1', '3', '1', '0', 'เคย', '001271', 'B1', 'รู้สึกได้ความรู้ใหม่', '2', '2', 'C3', '2', 'D3', '2', '3', '1', '1'),
(346, '7/9/2025 16:27:34', 'คณะมนุษยศาสตร์', '67262975', '2', 'A3', 'เคย', '001253', 'B6', 'เหมาะกับนักธุรกิจ แต่ผมเรียนดนตรีแล้วหลงเข้าไป', '2', '2', 'C3', '1', 'D2', '1', '3', '2', '0', 'ไม่เคย', '', '', '', '', '', '', '', '', '', '', '', '', 'เคย', '001275', 'B4', 'รักสุขภาพมากขึ้น', '3', '1', 'C3', '0', 'D3', '0', '3', '1', '1'),
(347, '7/22/2025 15:44:00', 'คณะมนุษยศาสตร์', '65261048', '4', 'A4, A5', 'เคย', '001241', 'B1', 'มีการจัดการเรียนการสอนที่ค่อนข้างเป็นระบบและมีการแจ้งคะแนนที่ชัดเจนทำให้นิสิตง่ายต่อการติดตาม ', '2', '0', 'C3', '0', 'D2', '2', '3', '1', '0', 'เคย', '001234', 'B1', 'ในบางครั้งก็ก่อให้เกิดความสับสนเนื่องจากจะจำนวนนิสิตค่อนข้างมากและรายละเอียดในการทำงานและการเข้าเรียนค่อนข้างเยอะ ', '0', '3', 'C3', '1', 'D2', '0', '2', '1', '0', 'เคย', '001272', 'B1', 'สามารถนำสิ่งที่เรียนนั้นมาใช้ได้ในชีวิตจริง', '0', '3', 'C2', '0', 'D3', '0', '3', '2', '0'),
(348, '7/9/2025 16:33:35', 'คณะบริหารธุรกิจ เศรษฐศาสตร์และการสื่อสาร', '67345388', '2', 'A2', 'เคย', '001332', 'B4', 'ก็ได้ใช้เรื่องการจัดการข้อมูลโปรแกรมที่อาจารย์สอนก็ดีครับได้ใช้ในการจัดการข้อมูลที่ลงลึกระดับหนึ่งแยกการมีความสัมพันธ์', '1', '3', 'C2', '0', 'D3', '1', '3', '1', '0', 'ไม่เคย', '', '', '', '', '', '', '', '', '', '', '', '', 'ไม่เคย', '', '', '', '', '', '', '', '', '', '', '', ''),
(349, '7/22/2025 15:56:34', 'คณะนิติศาสตร์', '66190323', '3', 'A1, A3, A5', 'เคย', '001227', 'B1', 'ได้เรียนรู้วัฒนธรรมไทยและดนตรีไทย  ได้รู้เกี่ยวกับเรื่องราวความเป็นมาของดนตรีไทยที่ไม่เคยได้รู้มาก่อน อาจารย์เป็นคนที่สดใสทำให้อาจารย์เป็นคนที่สดใสทำให้ไม่น่าเบื่อในการเรียน ', '1', '2', 'C3', '2', 'D3', '0', '2', '0', '0', 'เคย', '001232', 'B1', 'ได้มีความรู้ในเรื่องกฎหมายเบื้องต้น มีการทำงานมีการทำงานเป็นกลุ่มเพื่อนำไปนำเสนอและหากกลุ่มใดทำงานกลุ่มออกมาได้ดีจะได้เข้าร่วมประกวด หลายคนอาจคิดว่ากฎหมายเป็นเรื่องที่น่าปวดหัวแต่วิชานี้เป็นค่ากฎหมายพื้นฐานเลยไม่ค่อยยากมากเท่าไหร่', '2', '1', 'C3', '2', 'D2, D3', '2', '2', '1', '0', 'เคย', '001279', 'B2', 'ได้มีความรู้เรื่องของวิทยาศาสตร์ เหมือนได้ทบทวนเนื้อหาตอนช่วงมัธยมปลาย อีกทั้งยังต้องมีการทำงานอีกทั้งยังต้องมีการทำงานกลุ่มเพื่อนำไปนำเสนอเข้าร่วมประกวดโครงงาน', '2', '2', 'C2', '2', 'D2, D3', '2', '2', '1', '1'),
(350, '7/9/2025 16:33:38', 'คณะเภสัชศาสตร์', '67210440', '2', 'A1, A3, A4', 'ไม่เคย', '', '', '', '', '', '', '', '', '', '', '', '', 'เคย', '001235', 'B1', 'ยากกก เรียนไม่ค่อยรู้เรื่องง ', '0', '2', 'C3', '2', 'D2', '0', '3', '2', '0', 'ไม่เคย', '', '', '', '', '', '', '', '', '', '', '', ''),
(351, '7/22/2025 16:08:47', 'คณะวิทยาศาสตร์การแพทย์', '66521219', '3', 'A1, A3, A5', 'เคย', '001224', 'B1', 'สนุก แต่งานแอบเยอะ', '0', '3', 'C2', '0', 'D1', '0', '2', '1', '0', 'เคย', '001234', 'B1', 'ชิลล์ดี บางทีอาจารย์ก็แอบมีบ่นบ้าง', '1', '3', 'C3', '0', 'D3', '0', '2', '1', '0', 'เคย', '001272', 'B2', 'สนุกดีบางทีก็งงๆ รู้สึกว่าได้ทักษะอะไรที่ลืมๆไปแล้วกลับมา', '0', '3', 'C3', '0', 'D3', '0', '3', '1', '1');
INSERT INTO `testtt` (`id`, `timestamp`, `faculty_ID`, `student_ID`, `student_level`, `interestd`, `hGroup`, `hSubject_ID`, `hGrade_ID`, `hReview`, `hGroupWork_ID`, `hSoloWork_ID`, `hExam_ID`, `hAttendance_ID`, `hInstruction_ID`, `hPresent_ID`, `hExperience_ID`, `hChallenge_ID`, `hTime_ID`, `sGroup`, `sSubject_ID`, `sGrade_ID`, `sReview`, `sGroupWork_ID`, `sSoloWork_ID`, `sExam_ID`, `sAttendance_ID`, `sInstruction_ID`, `sPresent_ID`, `sExperience_ID`, `sChallenge_ID`, `sTime_ID`, `smGroup`, `smSubject_ID`, `smGrade_ID`, `smReview`, `smGroupWork_ID`, `smSoloWork_ID`, `smExam_ID`, `smAttendance_ID`, `smInstruction_ID`, `smPresent_ID`, `smExperience_ID`, `smChallenge_ID`, `smTime_ID`) VALUES
(352, '7/22/2025 18:49:37', 'คณะสาธารณสุขศาสตร์', '66470395', '3', 'A1', 'เคย', '001276', 'B1', 'เนื้อหาตามสไลด์เลย มีงานเก็บชิ้นใหญ่ 1 ชิ้น 15คะแนนถ้าจำไม่ผิดนะ มีแบบฟอร์มให้ทำหลังเลิกเรียนแต่ง่ายๆ ทำส่งทุกครั้งทำครบคะแนนเต็ม ส่งทันเวลาก็เต็ม คะแนนได้ง่ายอยู่นะตามสไลด์ที่เรียนเลย นี้เรียนได้A แต่เขาไม่ได้ชี้แจงว่าออกสอบอะไรบ้าง แค่เข้าไปฟังก็ทำได้แล้วนะคะ มีสอบกลางภาคกับปลายภาค เนื้อหาในข้อสอบมีตั้งแต่แนะนำรายวิชาจนไปถึงเนื้อหาที่เรียนคาบนั้นๆเลย เก็บง่ายน้าาา การเช็คชื่อไม่มีเช็คตอนเรียนแต่จะเช็คจากแบบฟอร์มที่ทำหลังเรียน ถ้าทำครบตรงเวลาก็คะแนนเต็ม', '0', '3', 'C3', '0', 'D1', '0', '1', '1', '0', 'เคย', '001234', 'B2', 'จะมีให้ซื้อหนังสือเล่มนึงไว้ใช้เรียนเขียนส่งงาน แล้วแต่อาจารย์ว่าจะให้ส่งยังไง สอบมีบอกแนวข้อสอบแค่กลางภาค ปลายภาคไม่ได้บอก มีทำงานกลุ่ม 1 งาน งานเดี่ยวคือเล่มที่เราซื้อ เวลาเรียนบางครั้งก็สอนตามหนังสือ บางครั้งก็เปิดคลิปวิดีโอให้ดู ส่วนใหญ่พี่ TA จะมาสอนมากกว่า คะแนนแอบเคืองๆนิดๆเหมือนสุ่มคะแนน อารมณ์อาจารย์สวิงตลอดเวลา แต่งตัวดีๆให้สุภาพ  คะแนนกลางภาคโอเคเลยเกือบได้เต็มจากแนวที่บอกแต่ปลายภาคไม่บอกแนว คนที่ไม่คิดอะไรกับคำพูดมากๆก็ถือว่าเข่าเรียนได้เลย ', '3', '3', 'C3', '0', 'D2, D3', '0', '2', '1', '0', 'เคย', '001275', 'B3', 'เรียนตามสไลด์ มีงานกลุ่มตลอดเทอม มีงานเดี่ยวบางคนที่สอน เนื้อหาก็ปานกลางมียากบ้าง มักจะทำงานกลุ่มเป็นหลัก อาจารย์บางคนแอบเบียวนิดๆ แต่หลายคนมักบอกได้เอง่าย สำหรับเรามันก็ไม่ได้เอง่ายขนาดนั้น เนื้อหาข้อสอบก็เยอะ หน่อยอ.คนละ20ข้อ หรือต่อคาบ ไม่ยากไม่ง่าย หาเพื่อนทำงานกลุ่มดีๆก็ได้คะแนนดีๆละ', '3', '1', 'C3', '0', 'D2, D3', '0', '2', '2', '0'),
(353, '7/9/2025 16:34:44', 'คณะบริหารธุรกิจ เศรษฐศาสตร์และการสื่อสาร', '67344572', '2', 'A1, A3, A6', 'ไม่เคย', '', '', '', '', '', '', '', '', '', '', '', '', 'ไม่เคย', '', '', '', '', '', '', '', '', '', '', '', '', 'เคย', '001277', 'B3', 'ก็ถือว่าง่าย เน้นจำ ', '1', '2', 'C3', '1', 'D2', '1', '1', '1', '1'),
(354, '7/9/2025 16:35:04', 'คณะมนุษยศาสตร์', '66260255', '3', 'A3, A4, A5', 'เคย', '001227', 'B1', 'อาจารย์เป็นคนใจดีมากๆ เข้าใจนักศึกษา มีอารมณ์ขันตลอดเวลา ร้องเพลงเพราะ(เสียงแอบคล้ายปู พงษ์สิทธิ์) สอนเข้าใจรู้เรื่อง  แต่มีแบบฝึกหัดในหนังสือ แบบฝึกหัดไม่ยาก เป่าขลุ่ยก็ไม่ยาก โดยรวมแล้วสนุกดีๆ', '1', '3', 'C3', '2', 'D3', '0', '3', '1', '0', 'เคย', '001234', 'B5', 'อาจารย์ดูเป็นคนพูดแรง พูดตรง ดูไม่ค่อยเห็นใจนักศึกษา แต่ก็ไม่ถึงขั้นใจร้าย บางครั้งก็ขู่เด็กที่ส่งงานช้าว่าไม่ให้ส่งแต่สุดท้ายก็ให้ส่ง (ประมาณว่าปากร้ายใจดี;ใจดีเป็นบ้างครั้ง) มีแบบฝึกหัดในหนังสือ ต้องส่งกับมืออาจารย์ กับพี่ๆTA  คนก็จะเยอะหน่อย ค่อนข้างวุ่นวาย ', '2', '3', 'C3', '1', 'D3', '0', '1', '1', '0', 'เคย', '001273', 'B3', 'สนุกดีสำหรับคนที่ชอบตัวเลข ได้ความรู้เยอะ อาจารย์หลายๆท่านก็ใจดีถึงขั้นใจดีมากๆ ถ้าตั้งใจก็ได้เกรดเอไปง่ายๆเลย', '1', '3', 'C3', '1', 'D3', '1', '3', '1', '1'),
(355, '7/28/2025 17:53:10', 'คณะวิทยาศาสตร์', '65310890', '4', 'A1, A2', 'เคย', '001227', 'B3', 'สนุก ไม่เครียด', '1', '2', 'C2', '1', 'D3', '0', '2', '1', '0', 'เคย', '001234', 'B2', 'อาจจะยากนิดนึง', '1', '3', 'C3', '1', 'D2', '1', '2', '1', '1', 'เคย', '001271', 'B2', 'ค่อนข้างน่าเบื่อ', '3', '1', 'C3', '2', 'D1, D2', '2', '2', '1', '1'),
(356, '7/29/2025 13:50:46', 'คณะสังคมศาสตร์', '65241149', '4', 'A1, A3, A5', 'เคย', '001241', 'B2', 'รู้สึกสนุกและตื่นเต้นเนื่องจากได้ทำกิจกรรมที่ตนสนใจและได้ทำงานร่วมกับเพื่อน ๆ', '3', '2', 'C2', '2', 'D1', '3', '3', '1', '0', 'เคย', '001234', 'B1', 'ท้าทายและเบื่อหน่ายในบางครั้ง', '2', '3', 'C3', '2', 'D3', '0', '2', '2', '0', 'เคย', '001271', 'B1', 'สนุก ตื่นเต้น ท้าทาบ', '3', '1', 'C2', '2', 'D2, D3', '3', '3', '2', '1'),
(357, '7/9/2025 16:36:13', 'คณะบริหารธุรกิจ เศรษฐศาสตร์และการสื่อสาร', '67344695', '2', 'A1, A3, A6', 'เคย', '001222', 'B4', 'เซค1ให้เกรดน่าจะยากที่สุดจากการถามเพื่อนๆในเซคอื่นเพราะให้งานชิ้นใหญ่ตัดคะเเนนเยอะ', '2', '2', 'C2', '0', 'D2', '0', '1', '1', '0', 'ไม่เคย', '', '', '', '', '', '', '', '', '', '', '', '', 'ไม่เคย', '', '', '', '', '', '', '', '', '', '', '', ''),
(358, '7/29/2025 13:51:09', 'คณะสังคมศาสตร์', '65240975', '4', 'A3, A5', 'เคย', '001238', 'B1', 'ได้รับความรู้เกี่ยวกับข้อมูลในรายวิชาที่จำเป็นต่อการใช้ชีวิตในโลกออนไลน์เป็นอย่างมาก', '2', '2', 'C2', '2', 'D2', '3', '3', '1', '0', 'เคย', '001352', 'B1', 'สนุกดี ได้รับความรู้รอบตัวเกี่ยวกับเรื่องที่เกิดขึ้นบนโลกเยอะมาก', '1', '3', 'C3', '1', 'D3', '1', '2', '1', '1', 'เคย', '001275', 'B1', 'สนุกมากเพราะได้ความรู้ในเรื่องรอบตัวไม่เคยรู้มาก่อน', '2', '2', 'C3', '2', 'D2, D3', '3', '3', '0', '0'),
(359, '7/4/2025 16:41:06', 'คณะเภสัชศาสตร์', '64211679', '4', 'A1, A6', 'เคย', '001226', 'B1', 'เป็นวิชาที่เรียนที่เนื้อหาเข้าใจง่าย อาจารย์สอนหลายคนมีความหลากหลายมีงานเดี่ยวจะเยอะงานกลุ่มนิดหน่อย คะเเนนสอบเยอะเเต่ก็คือเนื้อหาที่สอนทั้งหมดสอบได้เก็บAสบายค่ะ ', '2', '3', 'C3', '1', 'D2', '1', '3', '1', '0', 'เคย', '001237', 'B1', 'เป็นวิชาที่เน้นงานกลุ่มคะเเนนส่วนมากมาจากกลุ่มถ้าได้กลุ่มสมาชิกช่วยกันทำงาน งานกลุ่มออกมาดีA เเน่นอนไม่สอบด้วยสบายๆ', '3', '1', 'C0', '1', 'D2', '3', '3', '0', '1', 'ไม่เคย', '', '', '', '', '', '', '', '', '', '', '', ''),
(360, '7/15/2025 15:36:34', 'คณะวิทยาศาสตร์', '67314070', '2', 'A2', 'เคย', '001228', 'B1', 'รู้สึกดีที่ได้A', '0', '2', 'C4', '2', 'D1', '2', '2', '1', '0', 'เคย', '001231', 'B1', 'ดี', '0', '0', 'C3', '1', 'D3', '3', '2', '1', '0', 'เคย', '001273', 'B1', 'ดีมากเรียนเลยง่าย', '0', '1', 'C3', '2', 'D2', '2', '1', '2', '0'),
(361, '7/15/2025 15:36:56', 'คณะวิทยาศาสตร์', '67312045', '2', 'A3', 'เคย', '001228', 'B1', 'เรียนง่าย สนุกดี', '3', '1', 'C5', '1', 'D1', '1', '3', '1', '0', 'เคย', '001237', 'B1', 'เรียนง่าย แต่งานเยอะ', '3', '1', 'C5', '1', 'D1, D2', '3', '3', '1', '0', 'เคย', '001272', 'B1', 'เรียนง่าย', '0', '3', 'C5', '0', 'D1, D2', '0', '2', '1', '1'),
(362, '7/15/2025 15:40:37', 'คณะวิทยาศาสตร์', '67311161', '2', 'A2, A6, A7', 'เคย', '001222', 'B1', 'เป็นวิชาที่สอนดี เช้าใจง่ายมีเช็คชื่อทุกครั้งเป็น คิวอาร์โค้ด มีงานกลุ่มช่วงท้าย ถือว่าเก็บง่ายอยู่', '2', '1', 'C3', '2', 'D2', '0', '2', '1', '0', 'เคย', '001237', 'B1', 'เป็นวิชาที่ควรมาเป็นกลุ่มเพราะงานกลุ่มจะเยอะมากถ้ามาด้วยกันจะดีหน่อย ไม่ค่อยมีเช็คชื่อนับครั้งได้เลย ยกคลาสบ่อยเพราะให้ไปทำงาน', '3', '1', 'C3', '1', 'D2', '2', '2', '1', '0', 'เคย', '001272', 'B1', 'เรียนง่ายมาก ส่วนใหญ่จะให้เรียนพวกทำ word excel ถือว่าง่ายมาก แนะนำ', '0', '3', 'C3', '0', 'D2, D3', '0', '2', '1', '1'),
(363, '7/8/2025 15:48:27', 'คณะศึกษาศาสตร์', '67412394', '2', 'A4', 'ไม่เคย', '', '', '', '', '', '', '', '', '', '', '', '', 'ไม่เคย', '', '', '', '', '', '', '', '', '', '', '', '', 'ไม่เคย', '', '', '', '', '', '', '', '', '', '', '', ''),
(364, '7/8/2025 15:48:41', 'คณะศึกษาศาสตร์', '67410031', '2', 'A1, A3, A5', 'ไม่เคย', '', '', '', '', '', '', '', '', '', '', '', '', 'ไม่เคย', '', '', '', '', '', '', '', '', '', '', '', '', 'ไม่เคย', '', '', '', '', '', '', '', '', '', '', '', ''),
(365, '7/8/2025 15:49:20', 'คณะศึกษาศาสตร์', '67412738', '2', 'A1', 'ไม่เคย', '', '', '', '', '', '', '', '', '', '', '', '', 'เคย', '001234', 'B1', 'รู้สึกสนุกดีได้เรียนรู้อะไรใหม่ๆ', '2', '2', 'C3', '0', 'D2, D3', '0', '2', '1', '0', 'เคย', '001291', 'B2', 'ยากอ่านเยอะ', '2', '2', 'C2', '0', 'D2, D3', '0', '2', '1', '1'),
(366, '7/8/2025 15:56:19', 'คณะศึกษาศาสตร์', '66410988', '3', 'A3, A4, A5', 'เคย', '001253', 'B1', 'เป็นวิชาที่ได้เรียนรู้เกี่ยวกับการสร้างธุรกิจขนาดย่อมเยื้องต้น มีการให้คิดจำลองธุรกิจที่สนใจ (งานกลุ่ม) ข้อสอบออกตามสไลด์', '2', '2', 'C3', '1', 'D2', '1', '2', '1', '0', 'เคย', '001235', 'B1', 'เรียนเกี่ยวกับประชาธิปไตย เงินเฟ้อเงินฝืด เอกลักษณ์ไทย ลักษณะทางสังคม งานเก็บคะแนน และข้อสอบ เขียนด้วยมือทั้งหมด ข้อสอบเป็นข้อเขียน ', '0', '3', 'C3', '2', 'D3', '0', '2', '1', '0', 'เคย', '001272', 'B1', 'สอนการใช้โปรแกรมต่างๆ แบบง่ายๆ มีคาบแล็ปทพชิ้นงาน และคาบบรรยาย', '0', '3', 'C3', '0', 'D3', '0', '3', '1', '1'),
(367, '7/8/2025 15:59:05', 'คณะวิศวกรรมศาสตร์', '67362330', '2', 'A1, A2, A6', 'เคย', '001241', 'B1', 'สนุกมาก', '3', '1', 'C2', '0', 'D1', '2', '3', '1', '0', 'เคย', '001237', 'B9', 'รู้สึกมีสาระ', '3', '3', 'C3', '2', 'D2, D3', '1', '2', '1', '0', 'ไม่เคย', '', '', '', '', '', '', '', '', '', '', '', ''),
(368, '7/8/2025 16:15:53', 'คณะวิศวกรรมศาสตร์', '66362546', '3', 'A2', 'ไม่เคย', '', '', '', '', '', '', '', '', '', '', '', '', 'เคย', '001237', 'B1', 'ได้ทักษะในการใช้ชีวิตในมอและนอกมอ ในการแก้ไขปัญหาต่างๆได้ดี', '2', '2', 'C3', '0', 'D2', '1', '3', '1', '0', 'ไม่เคย', '', '', '', '', '', '', '', '', '', '', '', ''),
(369, '7/8/2025 16:16:47', 'คณะสาธารณสุขศาสตร์', '66470258', '3', 'A5', 'ไม่เคย', '', '', '', '', '', '', '', '', '', '', '', '', 'เคย', '001235', 'B3', 'ไม่ค่อย', '2', '3', 'C3', '2', 'D2', '0', '1', '1', '0', 'เคย', '001271', 'B3', 'ดี', '3', '0', 'C4', '2', 'D2', '2', '2', '1', '1'),
(370, '7/8/2025 16:24:40', 'คณะวิศวกรรมศาสตร์', '67362422', '2', 'A1', 'เคย', '001241', 'B3', 'เยี่ยมครับ', '2', '1', 'C3', '1', 'D2', '1', '3', '1', '0', 'ไม่เคย', '', '', '', '', '', '', '', '', '', '', '', '', 'ไม่เคย', '', '', '', '', '', '', '', '', '', '', '', ''),
(371, '7/9/2025 7:56:08', 'คณะศึกษาศาสตร์', '67410666', '2', 'A1, A3, A6', 'ไม่เคย', '', '', '', '', '', '', '', '', '', '', '', '', 'ไม่เคย', '', '', '', '', '', '', '', '', '', '', '', '', 'เคย', '001279', 'B1', 'อาจารย์สอนเข้าใจ', '2', '3', 'C3', '2', 'D3', '2', '3', '1', '0'),
(372, '7/9/2025 16:18:27', 'คณะเภสัชศาสตร์', '67212109', '2', 'A3, A5, A6', 'ไม่เคย', '', '', '', '', '', '', '', '', '', '', '', '', 'เคย', '001351', 'B1', 'งานกลุ่มเยอะ เช็คชื่อทุกคาบ เก็บเกรดง่าย', '3', '0', 'C5', '2', 'D3', '3', '3', '1', '0', 'เคย', '001272', 'B1', 'โคตรง่าย มีงานเช็คชื่อ อ่านไปสอบได้', '0', '3', 'C3', '0', 'D3', '0', '3', '0', '1'),
(373, '7/15/2025 15:40:42', 'คณะวิทยาศาสตร์', '67313257', '2', 'A2', 'เคย', '001222', 'B2', 'สนุกดี เรียนง่าย อ.ใจดี', '2', '1', 'C3', '1', 'D2', '0', '2', '1', '0', 'เคย', '001236', 'B2', 'อ.ใจดีมาก สอนดี', '1', '3', 'C0', '1', 'D3', '2', '3', '1', '0', 'เคย', '001272', 'B2', 'เข้าใจทำexcel word มากขึ้น', '0', '3', 'C3', '1', 'D3', '1', '3', '1', '1'),
(374, '7/9/2025 16:18:30', 'คณะเภสัชศาสตร์', '67211836', '2', 'A1, A2, A3', 'ไม่เคย', '', '', '', '', '', '', '', '', '', '', '', '', 'เคย', '001231', 'B1', 'งานกลุ่มเยอะเช็คชื่อทุกคาบ', '3', '0', 'C5', '2', 'D3', '3', '3', '1', '0', 'เคย', '001272', 'B1', 'อ่านไปทำได้ อาจารย์ออกเหมือนที่สอน', '0', '3', 'C3', '0', 'D3', '0', '3', '1', '1'),
(375, '7/15/2025 15:41:13', 'คณะวิทยาศาสตร์', '67312977', '2', 'A3, A6', 'เคย', '001222', 'B3', 'เรียนง่ายอาจารย์สบายชิวๆ', '1', '2', 'C3', '1', 'D3', '0', '2', '1', '0', 'เคย', '001236', 'B1', 'อาจารย์สอนดีสนุกมากๆแถมไม่มีสอบอาจารย์ชิวมากแค่ทำงานส่งกับเช็คชื่อ', '0', '2', 'C0', '2', 'D3', '0', '3', '0', '0', 'เคย', '001272', 'B3', 'สบายมากๆๆแต่ทำงานส่ง', '0', '3', 'C3', '0', 'D3', '0', '2', '0', '1'),
(376, '7/22/2025 14:56:41', 'คณะวิทยาศาสตร์การแพทย์', '66521752', '3', 'A7', 'เคย', '001227', 'B1', 'สนุกมาก', '2', '2', 'C3', '2', 'D2', '0', '3', '1', '0', 'เคย', '001232', 'B1', 'ชอบมากที่สุดค่ะ', '2', '0', 'C3', '2', 'D2, D3', '2', '3', '1', '0', 'เคย', '001279', 'B1', 'สนุกมากค่ะได้รู้เรื่องดาว', '0', '2', 'C3', '0', 'D3', '0', '2', '0', '1'),
(377, '7/9/2025 16:22:52', 'คณะแพทยศาสตร์', '67460258', '2', 'A1, A3, A6', 'ไม่เคย', '', '', '', '', '', '', '', '', '', '', '', '', 'เคย', '001234', 'B1', 'เฉยๆ', '2', '3', 'C3', '0', 'D2', '0', '1', '0', '0', 'เคย', '001277', 'B1', 'เป็นวิชาที่มีประโยชน์ได้ความรู้เยอะ', '3', '3', 'C3', '0', 'D3', '0', '2', '1', '1'),
(378, '7/22/2025 14:58:13', 'คณะวิทยาศาสตร์การแพทย์', '66521660', '3', 'A6', 'เคย', '001238', 'B1', 'ดี', '2', '1', 'C3', '1', 'D2', '1', '1', '1', '1', 'เคย', '001234', 'B1', 'ดี', '1', '3', 'C3', '1', 'D2, D3', '0', '2', '1', '0', 'เคย', '001277', 'B1', 'ดี ', '3', '1', 'C3', '1', 'D1', '1', '1', '1', '0'),
(379, '7/22/2025 15:03:35', 'คณะวิทยาศาสตร์การแพทย์', '66532636', '3', 'A2, A4, A5', 'เคย', '001224', 'B3', 'ยาก ไม่เหมาะกับคนที่ไม่เก่งด้านนี้เลย ให้คะแนนยากอยู่', '0', '3', 'C3', '0', 'D1', '0', '3', '1', '0', 'เคย', '001251', 'B2', 'งานกลุ่มเยอะมากๆ ', '3', '1', 'C3', '1', 'D3', '3', '3', '1', '1', 'เคย', '001279', 'B1', 'งานกลุ่ม ให้คะแนนง่ายโครงงานเดียวปาคะแนนไปครึ่งนึง', '2', '1', 'C3', '2', 'D3', '2', '3', '1', '1'),
(380, '7/22/2025 15:04:37', 'คณะวิทยาศาสตร์การแพทย์', '66521516', '3', 'A1, A2, A3', 'เคย', '001222', 'B5', 'สนุกดี เรียนง่ายเข้าใจ', '2', '3', 'C3', '1', 'D2', '2', '2', '1', '0', 'เคย', '001239', 'B5', 'ได้ฝึกนำเสนอหน้าชั้นเรียน', '2', '3', 'C3', '2', 'D3', '3', '3', '1', '0', 'เคย', '001277', 'B5', 'เนื้อหาใหม่ๆ ได้ความรู้ใหม่ๆ', '2', '2', 'C3', '2', 'D3', '2', '3', '2', '0'),
(381, '7/22/2025 15:07:18', 'คณะวิทยาศาสตร์การแพทย์', '66521288', '3', 'A1, A6', 'เคย', '001228', 'B1', 'เรียนสนุก แต่มีงานที่ทำเป็นกลุ่มบ่อย คะแนนส่วนใหญ่มากจากงานที่ทำ', '3', '1', 'C4', '2', 'D1', '2', '2', '1', '0', 'เคย', '001236', 'B1', 'สนุกดี เป็นคลาสใหญ่เจอคนเยอะ', '2', '1', 'C0', '2', 'D3', '1', '2', '1', '0', 'เคย', '001278', 'B1', 'สนุกดี', '2', '0', 'C3', '0', 'D3', '0', '2', '1', '1'),
(382, '7/22/2025 15:08:06', 'คณะสหเวชศาสตร์', '67661273', '2', 'A1, A5', 'เคย', '001227', 'B1', 'อาจารย์สอนสนุก ข้อสอบไม่ยาก', '1', '3', 'C2', '2', 'D3', '0', '3', '0', '0', 'เคย', '001232', 'B1', 'เนื้อหาไม่ยากมาก มีงานกลุ่มงานเดียว', '1', '0', 'C3', '2', 'D3', '1', '2', '0', '0', 'เคย', '001272', 'B1', 'ไม่ยาก', '0', '2', 'C3', '0', 'D3', '0', '3', '0', '1'),
(383, '7/22/2025 15:15:49', 'คณะมนุษยศาสตร์', '64245261', '4', 'A1, A2, A5', 'เคย', '001238', 'B3', 'เรียนได้เรื่อยๆ มีประโยชน์ต่อการใช้ชีวิตประจำวัน', '1', '1', 'C3', '2', 'D3', '0', '1', '0', '1', 'เคย', '001237', 'B3', 'มีงานกลุ่ม เรียนได้เรื่อยๆ', '2', '1', 'C3', '0', 'D3', '0', '1', '0', '1', 'เคย', '001275', 'B2', 'ง่ายย', '1', '1', 'C5', '1', 'D3', '1', '3', '0', '1'),
(384, '7/22/2025 15:19:16', 'คณะสาธารณสุขศาสตร์', '66471156', '3', 'A5', 'เคย', '001224', 'B1', 'ดีมากก เก็บAง่ายงานส่วนใหญ่เป็นงานเดี่ยวเช่น ปะติด ถ่ายรูปที่ชอบมาเขียนบรรยายความรู้สึก อาจารย์ใจดี สอนตามสไตล์สอนเร็วปล่อยเร็ว ใครไม่เข้าไม่เป็นไรมีเช็คชื่อในคลาสรูม', '1', '2', 'C3', '2', 'D3', '0', '3', '1', '0', 'เคย', '001233', 'B1', 'ก็ดีส่วนใหญ่เป็นงานกลุ่มทำในคาบและพรีเซนต์ถ้าใครไม่ชอบงานกลุ่มอาจจะไม่เหมาะ ', '2', '1', 'C3', '1', 'D2, D3', '2', '2', '2', '0', 'เคย', '001271', 'B2', 'ส่วนใหญ่ทำงานกลุ่ม มีงานแค่งานเดียวเป็นการคิดนวัตกรรม', '3', '0', 'C4', '1', 'D2, D3', '1', '3', '2', '1');

-- --------------------------------------------------------

--
-- Table structure for table `Time_map`
--

CREATE TABLE `Time_map` (
  `time_ID` varchar(1) CHARACTER SET utf8mb4 COLLATE utf8mb4_0900_ai_ci NOT NULL,
  `time_Name` varchar(10) NOT NULL
) ENGINE=InnoDB DEFAULT CHARSET=utf8mb4 COLLATE=utf8mb4_0900_ai_ci;

--
-- Dumping data for table `Time_map`
--

INSERT INTO `Time_map` (`time_ID`, `time_Name`) VALUES
('0', 'ช่วงเช้า'),
('1', 'ช่วงบ่าย');

--
-- Indexes for dumped tables
--

--
-- Indexes for table `Attendance_map`
--
ALTER TABLE `Attendance_map`
  ADD PRIMARY KEY (`attendance_ID`);

--
-- Indexes for table `Challenge_map`
--
ALTER TABLE `Challenge_map`
  ADD PRIMARY KEY (`challenge_ID`);

--
-- Indexes for table `Exam_map`
--
ALTER TABLE `Exam_map`
  ADD PRIMARY KEY (`exam_ID`);

--
-- Indexes for table `Experience_map`
--
ALTER TABLE `Experience_map`
  ADD PRIMARY KEY (`experience_ID`);

--
-- Indexes for table `Faculty`
--
ALTER TABLE `Faculty`
  ADD PRIMARY KEY (`faculty_ID`);

--
-- Indexes for table `Form_ge`
--
ALTER TABLE `Form_ge`
  ADD PRIMARY KEY (`id`),
  ADD KEY `fk_formge_faculty` (`faculty_ID`);

--
-- Indexes for table `Form_review`
--
ALTER TABLE `Form_review`
  ADD PRIMARY KEY (`fr_ID`),
  ADD KEY `fk_formreview_subjectID` (`subject_ID`),
  ADD KEY `fk_formreview_grade` (`grade_ID`),
  ADD KEY `fk_formreview_groupwork` (`groupwork_ID`),
  ADD KEY `fk_formreview_solowork` (`solowork_ID`),
  ADD KEY `fk_formreview_exam` (`exam_ID`),
  ADD KEY `fk_formreview_attendance` (`attendance_ID`),
  ADD KEY `fk_formreview_present` (`present_ID`),
  ADD KEY `fk_formreview_experience` (`experience_ID`),
  ADD KEY `fk_formreview_challenge` (`challenge_ID`),
  ADD KEY `fk_formge_time` (`time_ID`),
  ADD KEY `fk_formreview_fg_id` (`fg_ID`);

--
-- Indexes for table `Grade_map`
--
ALTER TABLE `Grade_map`
  ADD PRIMARY KEY (`grade_ID`);

--
-- Indexes for table `GroupWork_map`
--
ALTER TABLE `GroupWork_map`
  ADD PRIMARY KEY (`groupwork_ID`);

--
-- Indexes for table `Group_Type`
--
ALTER TABLE `Group_Type`
  ADD PRIMARY KEY (`groupType_ID`);

--
-- Indexes for table `Instruction_map`
--
ALTER TABLE `Instruction_map`
  ADD PRIMARY KEY (`instruction_ID`);

--
-- Indexes for table `Interestd`
--
ALTER TABLE `Interestd`
  ADD PRIMARY KEY (`interest_ID`);

--
-- Indexes for table `Present_map`
--
ALTER TABLE `Present_map`
  ADD PRIMARY KEY (`present_ID`);

--
-- Indexes for table `SoloWork_map`
--
ALTER TABLE `SoloWork_map`
  ADD PRIMARY KEY (`solowork_ID`);

--
-- Indexes for table `Subject`
--
ALTER TABLE `Subject`
  ADD PRIMARY KEY (`subject_ID`),
  ADD KEY `fk_subject_grouptype` (`group_type_ID`);

--
-- Indexes for table `testtt`
--
ALTER TABLE `testtt`
  ADD PRIMARY KEY (`id`);

--
-- Indexes for table `Time_map`
--
ALTER TABLE `Time_map`
  ADD PRIMARY KEY (`time_ID`);

--
-- AUTO_INCREMENT for dumped tables
--

--
-- AUTO_INCREMENT for table `Form_ge`
--
ALTER TABLE `Form_ge`
  MODIFY `id` int NOT NULL AUTO_INCREMENT, AUTO_INCREMENT=394;

--
-- AUTO_INCREMENT for table `Form_review`
--
ALTER TABLE `Form_review`
  MODIFY `fr_ID` int NOT NULL AUTO_INCREMENT, AUTO_INCREMENT=1536;

--
-- AUTO_INCREMENT for table `testtt`
--
ALTER TABLE `testtt`
  MODIFY `id` int NOT NULL AUTO_INCREMENT, AUTO_INCREMENT=385;

--
-- Constraints for dumped tables
--

--
-- Constraints for table `Form_ge`
--
ALTER TABLE `Form_ge`
  ADD CONSTRAINT `fk_formge_faculty` FOREIGN KEY (`faculty_ID`) REFERENCES `Faculty` (`faculty_ID`);

--
-- Constraints for table `Form_review`
--
ALTER TABLE `Form_review`
  ADD CONSTRAINT `fk_formge_time` FOREIGN KEY (`time_ID`) REFERENCES `Time_map` (`time_ID`),
  ADD CONSTRAINT `fk_formreview_attendance` FOREIGN KEY (`attendance_ID`) REFERENCES `Attendance_map` (`attendance_ID`),
  ADD CONSTRAINT `fk_formreview_challenge` FOREIGN KEY (`challenge_ID`) REFERENCES `Challenge_map` (`challenge_ID`),
  ADD CONSTRAINT `fk_formreview_exam` FOREIGN KEY (`exam_ID`) REFERENCES `Exam_map` (`exam_ID`),
  ADD CONSTRAINT `fk_formreview_experience` FOREIGN KEY (`experience_ID`) REFERENCES `Experience_map` (`experience_ID`),
  ADD CONSTRAINT `fk_formreview_fg_id` FOREIGN KEY (`fg_ID`) REFERENCES `Form_ge` (`id`),
  ADD CONSTRAINT `fk_formreview_grade` FOREIGN KEY (`grade_ID`) REFERENCES `Grade_map` (`grade_ID`),
  ADD CONSTRAINT `fk_formreview_groupwork` FOREIGN KEY (`groupwork_ID`) REFERENCES `GroupWork_map` (`groupwork_ID`),
  ADD CONSTRAINT `fk_formreview_present` FOREIGN KEY (`present_ID`) REFERENCES `Present_map` (`present_ID`),
  ADD CONSTRAINT `fk_formreview_solowork` FOREIGN KEY (`solowork_ID`) REFERENCES `SoloWork_map` (`solowork_ID`),
  ADD CONSTRAINT `fk_formreview_subjectID` FOREIGN KEY (`subject_ID`) REFERENCES `Subject` (`subject_ID`);

--
-- Constraints for table `Subject`
--
ALTER TABLE `Subject`
  ADD CONSTRAINT `fk_subject_grouptype` FOREIGN KEY (`group_type_ID`) REFERENCES `Group_Type` (`groupType_ID`);
COMMIT;

/*!40101 SET CHARACTER_SET_CLIENT=@OLD_CHARACTER_SET_CLIENT */;
/*!40101 SET CHARACTER_SET_RESULTS=@OLD_CHARACTER_SET_RESULTS */;
/*!40101 SET COLLATION_CONNECTION=@OLD_COLLATION_CONNECTION */;
